{
  "diverged": false,
  "n_steps": 10000,
  "spikes": 154,
  "train_loss_tail": 0.051592462765052916,
  "val_loss": 1.5524593627929688,
  "val_acc": 0.7119,
  "lam_tail": 0.4906916320323944,
  "chi_tail": 0.3140426445007324,
  "sharpness_threshold": 5.937500000000001,
  "secs": 840.9,
  "hfer_w1_mid": 0.37667820303925,
  "raw_paths": "",
  "w0_conv1_hfer0.5": 0.36769169615812547,
  "w0_conv1_hfer0.6": 0.2862258278904066,
  "w0_conv1_hfer0.7": 0.21563214671182296,
  "w0_conv1_hfer0.6_hann": 0.28935198765348735,
  "w0_conv1_msr": 0.32053912859071515,
  "gnorm_w0_conv1": 0.07421680368440656,
  "w0_layer2.0.conv1_hfer0.5": 0.4292643567544079,
  "w0_layer2.0.conv1_hfer0.6": 0.33811406643618247,
  "w0_layer2.0.conv1_hfer0.7": 0.2538480561697319,
  "w0_layer2.0.conv1_hfer0.6_hann": 0.33754356802810104,
  "w0_layer2.0.conv1_msr": 0.3223488806626515,
  "gnorm_w0_layer2.0.conv1": 0.06651396645376294,
  "w0_layer3.0.conv1_hfer0.5": 0.47145693508198455,
  "w0_layer3.0.conv1_hfer0.6": 0.37667820303925,
  "w0_layer3.0.conv1_hfer0.7": 0.2820560667588558,
  "w0_layer3.0.conv1_hfer0.6_hann": 0.3759707236459181,
  "w0_layer3.0.conv1_msr": 0.3218430400675325,
  "gnorm_w0_layer3.0.conv1": 0.05080263909824325,
  "w0_linear_hfer0.5": 0.35943340825277154,
  "w0_linear_hfer0.6": 0.2861106558993312,
  "w0_linear_hfer0.7": 0.21238307509340698,
  "w0_linear_hfer0.6_hann": 0.2917418769568085,
  "w0_linear_msr": 0.3229002555603418,
  "gnorm_w0_linear": 0.09617682957550225
}