{
  "gate_pass": true,
  "gate_1": true,
  "gate_2": true,
  "gate_3": true,
  "gate_4": true,
  "on_guide_cells": 28,
  "cells": 28,
  "nyquist_amp_ratio": 0.000502775855244894,
  "passband_amp_spread": 1.0221145124496287,
  "resonance_loss_ratio": 5.985760796037803,
  "resonance_loss_ratio_guide": 6.013504067157902,
  "theta09": 0.4358308608517521,
  "loss_passband": {
    "0.0": 0.6786696542453585,
    "0.3": 0.31166895749134854,
    "0.5": 0.2882764341735107,
    "0.7": 0.27749619757155825,
    "0.9": 0.27155979259967594,
    "0.95": 0.27024953686217684,
    "0.99": 0.2790067233301483
  },
  "loss_resonance": {
    "0.0": 0.6911805395650497,
    "0.3": 0.34653265950321405,
    "0.5": 0.35810389895247824,
    "0.7": 0.46148071175548405,
    "0.9": 4.13724137671273,
    "0.95": 0.24818813706203643,
    "0.99": 0.04733507861784702
  },
  "loss_nyquist": {
    "0.0": 36.63665564621301,
    "0.3": 0.482290937737566,
    "0.5": 0.14596410725532835,
    "0.7": 0.06898230521059892,
    "0.9": 0.047595095411893475,
    "0.95": 0.044450243062053786,
    "0.99": 0.044748050723967314
  }
}