{
  "diverged": false,
  "n_steps": 10000,
  "spikes": 886,
  "train_loss_tail": 0.00014560489811265144,
  "val_loss": 0.8120695495605469,
  "val_acc": 0.8262,
  "lam_tail": 0.42065566778182983,
  "chi_tail": 0.021032783389091494,
  "sharpness_threshold": 40.0,
  "secs": 1317.0,
  "hfer_w1_mid": 0.4031908292745223,
  "raw_paths": "/work/02/gs26/s26001/river-valley-momentum/codebases/results/raw/grid_cifar10_bn_ema_lr0.05_b0_s0/w1_layer3.0.conv1_G.npz;/work/02/gs26/s26001/river-valley-momentum/codebases/results/raw/grid_cifar10_bn_ema_lr0.05_b0_s0/w1_linear_G.npz",
  "w0_conv1_hfer0.5": 0.5649953897279893,
  "w0_conv1_hfer0.6": 0.4508265612166373,
  "w0_conv1_hfer0.7": 0.34314454845972003,
  "w0_conv1_hfer0.6_hann": 0.4525526557715286,
  "w0_conv1_msr": 1.0,
  "gnorm_w0_conv1": 0.6901386901179638,
  "w0_layer2.0.conv1_hfer0.5": 0.5216207352535049,
  "w0_layer2.0.conv1_hfer0.6": 0.41818874667843225,
  "w0_layer2.0.conv1_hfer0.7": 0.3147081269445438,
  "w0_layer2.0.conv1_hfer0.6_hann": 0.4160615573686523,
  "w0_layer2.0.conv1_msr": 1.0,
  "gnorm_w0_layer2.0.conv1": 0.7607149052313974,
  "w0_layer3.0.conv1_hfer0.5": 0.5145829004992402,
  "w0_layer3.0.conv1_hfer0.6": 0.4120639005493227,
  "w0_layer3.0.conv1_hfer0.7": 0.30981313937781624,
  "w0_layer3.0.conv1_hfer0.6_hann": 0.41038108554073216,
  "w0_layer3.0.conv1_msr": 1.0,
  "gnorm_w0_layer3.0.conv1": 1.2640943778434344,
  "w0_linear_hfer0.5": 0.6721630976012102,
  "w0_linear_hfer0.6": 0.5567356397839764,
  "w0_linear_hfer0.7": 0.4328732614630432,
  "w0_linear_hfer0.6_hann": 0.5245001173458388,
  "w0_linear_msr": 1.0,
  "gnorm_w0_linear": 0.6875366210513554,
  "w1_conv1_hfer0.5": 0.512634000124091,
  "w1_conv1_hfer0.6": 0.41132481080759964,
  "w1_conv1_hfer0.7": 0.30883839180006295,
  "w1_conv1_hfer0.6_hann": 0.4141924154617095,
  "w1_conv1_msr": 1.0,
  "gnorm_w1_conv1": 0.16889681878327997,
  "w1_layer2.0.conv1_hfer0.5": 0.5042891110521781,
  "w1_layer2.0.conv1_hfer0.6": 0.4037078950066924,
  "w1_layer2.0.conv1_hfer0.7": 0.3030555714073012,
  "w1_layer2.0.conv1_hfer0.6_hann": 0.40443455248731197,
  "w1_layer2.0.conv1_msr": 1.0,
  "gnorm_w1_layer2.0.conv1": 0.20076890100584963,
  "w1_layer3.0.conv1_hfer0.5": 0.5041006400570753,
  "w1_layer3.0.conv1_hfer0.6": 0.4031908292745223,
  "w1_layer3.0.conv1_hfer0.7": 0.30289744233639815,
  "w1_layer3.0.conv1_hfer0.6_hann": 0.40308582176770646,
  "w1_layer3.0.conv1_msr": 1.0,
  "gnorm_w1_layer3.0.conv1": 0.35937949813669806,
  "w1_linear_hfer0.5": 0.5372261991618258,
  "w1_linear_hfer0.6": 0.43258590528712176,
  "w1_linear_hfer0.7": 0.33141101816406043,
  "w1_linear_hfer0.6_hann": 0.44171088166113365,
  "w1_linear_msr": 1.0,
  "gnorm_w1_linear": 0.09875572853351654,
  "w2_conv1_hfer0.5": 0.502763035937916,
  "w2_conv1_hfer0.6": 0.4059109229627633,
  "w2_conv1_hfer0.7": 0.3072813818104001,
  "w2_conv1_hfer0.6_hann": 0.4063284935195721,
  "w2_conv1_msr": 1.0,
  "gnorm_w2_conv1": 0.0076868509278100365,
  "w2_layer2.0.conv1_hfer0.5": 0.5000881964864952,
  "w2_layer2.0.conv1_hfer0.6": 0.3991034288296196,
  "w2_layer2.0.conv1_hfer0.7": 0.29953387921717356,
  "w2_layer2.0.conv1_hfer0.6_hann": 0.39887480877588727,
  "w2_layer2.0.conv1_msr": 1.0,
  "gnorm_w2_layer2.0.conv1": 0.010501144580034536,
  "w2_layer3.0.conv1_hfer0.5": 0.5007190376931585,
  "w2_layer3.0.conv1_hfer0.6": 0.3999372129661789,
  "w2_layer3.0.conv1_hfer0.7": 0.30009631923416724,
  "w2_layer3.0.conv1_hfer0.6_hann": 0.39970473035588877,
  "w2_layer3.0.conv1_msr": 1.0,
  "gnorm_w2_layer3.0.conv1": 0.017537055698097256,
  "w2_linear_hfer0.5": 0.5161675593227948,
  "w2_linear_hfer0.6": 0.41015038809776333,
  "w2_linear_hfer0.7": 0.3040473470955663,
  "w2_linear_hfer0.6_hann": 0.40644117314213263,
  "w2_linear_msr": 1.0,
  "gnorm_w2_linear": 0.004761188246345877,
  "shfer_w0_all": 0.4194213937108425,
  "shfer_w0_stem": 0.45084675431929855,
  "shfer_w0_layer1": 0.42530224956207113,
  "shfer_w0_layer2": 0.41577470343629397,
  "shfer_w0_layer3": 0.41190451309090437,
  "shfer_w0_layer4": 0.41770846306772574,
  "shfer_w0_head": 0.5559082008932402,
  "shfer_w1_all": 0.4091739751222197,
  "shfer_w1_stem": 0.4126289558253108,
  "shfer_w1_layer1": 0.400374381861431,
  "shfer_w1_layer2": 0.4083091670003777,
  "shfer_w1_layer3": 0.40777569450867823,
  "shfer_w1_layer4": 0.4069682022241834,
  "shfer_w1_head": 0.4320693235264858,
  "shfer_w2_all": 0.400558177037639,
  "shfer_w2_stem": 0.403988787429636,
  "shfer_w2_layer1": 0.40032007824979515,
  "shfer_w2_layer2": 0.40363260294298864,
  "shfer_w2_layer3": 0.39822323742393984,
  "shfer_w2_layer4": 0.398960076517501,
  "shfer_w2_head": 0.40922017649549947
}