{
  "diverged": false,
  "n_steps": 10000,
  "spikes": 355,
  "train_loss_tail": 0.0013716799664543942,
  "val_loss": 2.108879333496094,
  "val_acc": 0.5583,
  "lam_tail": 0.45125812292099,
  "chi_tail": 0.045125812292099,
  "sharpness_threshold": 20.0,
  "secs": 1277.5,
  "hfer_w1_mid": 0.40112742118447314,
  "raw_paths": "",
  "w0_conv1_hfer0.5": 0.6143569235789395,
  "w0_conv1_hfer0.6": 0.49766164927384704,
  "w0_conv1_hfer0.7": 0.3806458344039608,
  "w0_conv1_hfer0.6_hann": 0.4909775335577781,
  "w0_conv1_msr": 1.0,
  "gnorm_w0_conv1": 0.6852659329958767,
  "w0_layer2.0.conv1_hfer0.5": 0.5409036332950321,
  "w0_layer2.0.conv1_hfer0.6": 0.4343049945346503,
  "w0_layer2.0.conv1_hfer0.7": 0.3270071867774102,
  "w0_layer2.0.conv1_hfer0.6_hann": 0.43012931848961744,
  "w0_layer2.0.conv1_msr": 1.0,
  "gnorm_w0_layer2.0.conv1": 0.6706997963973529,
  "w0_layer3.0.conv1_hfer0.5": 0.5220113226741079,
  "w0_layer3.0.conv1_hfer0.6": 0.41811206777694476,
  "w0_layer3.0.conv1_hfer0.7": 0.314225068154367,
  "w0_layer3.0.conv1_hfer0.6_hann": 0.41549942513354127,
  "w0_layer3.0.conv1_msr": 1.0,
  "gnorm_w0_layer3.0.conv1": 1.185096785129172,
  "w0_linear_hfer0.5": 0.5992638093896053,
  "w0_linear_hfer0.6": 0.4848787504360684,
  "w0_linear_hfer0.7": 0.36810667516134676,
  "w0_linear_hfer0.6_hann": 0.47869089253318264,
  "w0_linear_msr": 1.0,
  "gnorm_w0_linear": 1.3076856155596193,
  "w1_conv1_hfer0.5": 0.5119104849157823,
  "w1_conv1_hfer0.6": 0.4118311925987459,
  "w1_conv1_hfer0.7": 0.30637278795173173,
  "w1_conv1_hfer0.6_hann": 0.4097415576714808,
  "w1_conv1_msr": 1.0,
  "gnorm_w1_conv1": 0.08008409428905469,
  "w1_layer2.0.conv1_hfer0.5": 0.5016423267831753,
  "w1_layer2.0.conv1_hfer0.6": 0.4010900911897031,
  "w1_layer2.0.conv1_hfer0.7": 0.30187214708245863,
  "w1_layer2.0.conv1_hfer0.6_hann": 0.4018179423417513,
  "w1_layer2.0.conv1_msr": 1.0,
  "gnorm_w1_layer2.0.conv1": 0.08822193222985912,
  "w1_layer3.0.conv1_hfer0.5": 0.5018616627590013,
  "w1_layer3.0.conv1_hfer0.6": 0.40112742118447314,
  "w1_layer3.0.conv1_hfer0.7": 0.30142420038298157,
  "w1_layer3.0.conv1_hfer0.6_hann": 0.40135895916169445,
  "w1_layer3.0.conv1_msr": 1.0,
  "gnorm_w1_layer3.0.conv1": 0.1767420673891557,
  "w1_linear_hfer0.5": 0.508214609548469,
  "w1_linear_hfer0.6": 0.40728214118613704,
  "w1_linear_hfer0.7": 0.3055627469154751,
  "w1_linear_hfer0.6_hann": 0.4073220828051994,
  "w1_linear_msr": 1.0,
  "gnorm_w1_linear": 0.1159538620081318,
  "w2_conv1_hfer0.5": 0.5034955035115145,
  "w2_conv1_hfer0.6": 0.40023588538759036,
  "w2_conv1_hfer0.7": 0.3008991201409947,
  "w2_conv1_hfer0.6_hann": 0.4010832816999832,
  "w2_conv1_msr": 1.0,
  "gnorm_w2_conv1": 0.013060732629884745,
  "w2_layer2.0.conv1_hfer0.5": 0.5011661771840309,
  "w2_layer2.0.conv1_hfer0.6": 0.39975679270681375,
  "w2_layer2.0.conv1_hfer0.7": 0.3014155202658185,
  "w2_layer2.0.conv1_hfer0.6_hann": 0.39809698601823706,
  "w2_layer2.0.conv1_msr": 1.0,
  "gnorm_w2_layer2.0.conv1": 0.015330421695059205,
  "w2_layer3.0.conv1_hfer0.5": 0.5006395237586806,
  "w2_layer3.0.conv1_hfer0.6": 0.3993496289930961,
  "w2_layer3.0.conv1_hfer0.7": 0.3008461123142096,
  "w2_layer3.0.conv1_hfer0.6_hann": 0.39788286224449254,
  "w2_layer3.0.conv1_msr": 1.0,
  "gnorm_w2_layer3.0.conv1": 0.03176703081410285,
  "w2_linear_hfer0.5": 0.4951584653921773,
  "w2_linear_hfer0.6": 0.3944595864220463,
  "w2_linear_hfer0.7": 0.29509207474091814,
  "w2_linear_hfer0.6_hann": 0.3815473190533379,
  "w2_linear_msr": 1.0,
  "gnorm_w2_linear": 0.042421972412988174,
  "shfer_w0_all": 0.4253038426352446,
  "shfer_w0_stem": 0.49716632890821677,
  "shfer_w0_layer1": 0.44761830878700476,
  "shfer_w0_layer2": 0.4280198543976686,
  "shfer_w0_layer3": 0.4156504515386769,
  "shfer_w0_layer4": 0.4173691394367552,
  "shfer_w0_head": 0.4862479019091536,
  "shfer_w1_all": 0.40062152862037204,
  "shfer_w1_stem": 0.41182616420574925,
  "shfer_w1_layer1": 0.4018117710081427,
  "shfer_w1_layer2": 0.40317706624404137,
  "shfer_w1_layer3": 0.40258421024855473,
  "shfer_w1_layer4": 0.4005281251227813,
  "shfer_w1_head": 0.4056374803324863,
  "shfer_w2_all": 0.3959718690337966,
  "shfer_w2_stem": 0.39853863158514824,
  "shfer_w2_layer1": 0.3995794307367763,
  "shfer_w2_layer2": 0.4012420524626878,
  "shfer_w2_layer3": 0.39660863321362755,
  "shfer_w2_layer4": 0.3957772721586962,
  "shfer_w2_head": 0.3938740918525926
}