{
  "diverged": false,
  "n_steps": 10000,
  "spikes": 78,
  "train_loss_tail": 0.09015992393903434,
  "val_loss": 1.239806884765625,
  "val_acc": 0.7499,
  "lam_tail": 0.7092682123184204,
  "chi_tail": 2.2696582794189455,
  "sharpness_threshold": 0.625,
  "secs": 1251.0,
  "hfer_w1_mid": 0.4274368163434929,
  "raw_paths": "",
  "w0_conv1_hfer0.5": 0.5781864586580684,
  "w0_conv1_hfer0.6": 0.4705829029553969,
  "w0_conv1_hfer0.7": 0.3579405307919391,
  "w0_conv1_hfer0.6_hann": 0.4666620331648892,
  "w0_conv1_msr": 1.0,
  "gnorm_w0_conv1": 0.0261977842153594,
  "w0_layer2.0.conv1_hfer0.5": 0.5970486082937613,
  "w0_layer2.0.conv1_hfer0.6": 0.4837592087513448,
  "w0_layer2.0.conv1_hfer0.7": 0.370823120073409,
  "w0_layer2.0.conv1_hfer0.6_hann": 0.484338007328809,
  "w0_layer2.0.conv1_msr": 1.0,
  "gnorm_w0_layer2.0.conv1": 0.07334251324917583,
  "w0_layer3.0.conv1_hfer0.5": 0.5944927983786948,
  "w0_layer3.0.conv1_hfer0.6": 0.4870425497625019,
  "w0_layer3.0.conv1_hfer0.7": 0.37510870318974626,
  "w0_layer3.0.conv1_hfer0.6_hann": 0.49168475928755767,
  "w0_layer3.0.conv1_msr": 1.0,
  "gnorm_w0_layer3.0.conv1": 0.13787870687044426,
  "w0_linear_hfer0.5": 0.8003963722810211,
  "w0_linear_hfer0.6": 0.703061596197016,
  "w0_linear_hfer0.7": 0.5730417452683648,
  "w0_linear_hfer0.6_hann": 0.7066256227735008,
  "w0_linear_msr": 1.0,
  "gnorm_w0_linear": 0.18418630160483085,
  "w1_conv1_hfer0.5": 0.5661461576320076,
  "w1_conv1_hfer0.6": 0.4577402842727046,
  "w1_conv1_hfer0.7": 0.34359012977283465,
  "w1_conv1_hfer0.6_hann": 0.4622612209057707,
  "w1_conv1_msr": 1.0,
  "gnorm_w1_conv1": 0.04593095429246799,
  "w1_layer2.0.conv1_hfer0.5": 0.5460224381863843,
  "w1_layer2.0.conv1_hfer0.6": 0.4402751100835704,
  "w1_layer2.0.conv1_hfer0.7": 0.3330186207967375,
  "w1_layer2.0.conv1_hfer0.6_hann": 0.4401743625144805,
  "w1_layer2.0.conv1_msr": 1.0,
  "gnorm_w1_layer2.0.conv1": 0.08347046716344862,
  "w1_layer3.0.conv1_hfer0.5": 0.5310605853799892,
  "w1_layer3.0.conv1_hfer0.6": 0.4274368163434929,
  "w1_layer3.0.conv1_hfer0.7": 0.32287645227430356,
  "w1_layer3.0.conv1_hfer0.6_hann": 0.42630746285026205,
  "w1_layer3.0.conv1_msr": 1.0,
  "gnorm_w1_layer3.0.conv1": 0.21700463182614643,
  "w1_linear_hfer0.5": 0.7509113602744001,
  "w1_linear_hfer0.6": 0.6464226805400752,
  "w1_linear_hfer0.7": 0.5072466854480602,
  "w1_linear_hfer0.6_hann": 0.6387853566212446,
  "w1_linear_msr": 1.0,
  "gnorm_w1_linear": 0.13475717354842753,
  "w2_conv1_hfer0.5": 0.5455688295793141,
  "w2_conv1_hfer0.6": 0.4346239251160814,
  "w2_conv1_hfer0.7": 0.3307615220507184,
  "w2_conv1_hfer0.6_hann": 0.4352650034373741,
  "w2_conv1_msr": 1.0,
  "gnorm_w2_conv1": 0.04625473321011305,
  "w2_layer2.0.conv1_hfer0.5": 0.5193296090738259,
  "w2_layer2.0.conv1_hfer0.6": 0.4142262176597719,
  "w2_layer2.0.conv1_hfer0.7": 0.31053448487265156,
  "w2_layer2.0.conv1_hfer0.6_hann": 0.415995386496364,
  "w2_layer2.0.conv1_msr": 1.0,
  "gnorm_w2_layer2.0.conv1": 0.06852925446983255,
  "w2_layer3.0.conv1_hfer0.5": 0.5099474428459858,
  "w2_layer3.0.conv1_hfer0.6": 0.4079049059654254,
  "w2_layer3.0.conv1_hfer0.7": 0.30657204632247026,
  "w2_layer3.0.conv1_hfer0.6_hann": 0.40757188377403364,
  "w2_layer3.0.conv1_msr": 1.0,
  "gnorm_w2_layer3.0.conv1": 0.218162703586253,
  "w2_linear_hfer0.5": 0.6617028705663986,
  "w2_linear_hfer0.6": 0.5432851356294365,
  "w2_linear_hfer0.7": 0.4217588331434758,
  "w2_linear_hfer0.6_hann": 0.5256709309729022,
  "w2_linear_msr": 1.0,
  "gnorm_w2_linear": 0.08309013338805443,
  "shfer_w0_all": 0.602289075010549,
  "shfer_w0_stem": 0.47936380228368036,
  "shfer_w0_layer1": 0.49434429997079976,
  "shfer_w0_layer2": 0.5089040814711385,
  "shfer_w0_layer3": 0.49692157047111,
  "shfer_w0_layer4": 0.6772485173052223,
  "shfer_w0_head": 0.7180549216689821,
  "shfer_w1_all": 0.4727843875320078,
  "shfer_w1_stem": 0.4537622318274126,
  "shfer_w1_layer1": 0.437959041080386,
  "shfer_w1_layer2": 0.4422623968650549,
  "shfer_w1_layer3": 0.43446040980132666,
  "shfer_w1_layer4": 0.5239813237065665,
  "shfer_w1_head": 0.6555290545321809,
  "shfer_w2_all": 0.4222790030366728,
  "shfer_w2_stem": 0.4287136383963941,
  "shfer_w2_layer1": 0.4161528838158869,
  "shfer_w2_layer2": 0.41590707329811993,
  "shfer_w2_layer3": 0.40943114490907906,
  "shfer_w2_layer4": 0.43499960266165144,
  "shfer_w2_head": 0.5465588135800477
}