{
  "diverged": false,
  "n_steps": 10000,
  "spikes": 1056,
  "train_loss_tail": 0.013954397825873457,
  "val_loss": 1.182676025390625,
  "val_acc": 0.8128,
  "lam_tail": 4.750284194946289,
  "chi_tail": 0.38002273559570304,
  "sharpness_threshold": 47.50000000000001,
  "secs": 806.8,
  "hfer_w1_mid": 0.39523914028177687,
  "raw_paths": "",
  "w0_conv1_hfer0.5": 0.46383194238040204,
  "w0_conv1_hfer0.6": 0.3693319593520342,
  "w0_conv1_hfer0.7": 0.27844144105680796,
  "w0_conv1_hfer0.6_hann": 0.3697307835925281,
  "w0_conv1_msr": 0.32128859578327207,
  "gnorm_w0_conv1": 0.1552614540604115,
  "w0_layer2.0.conv1_hfer0.5": 0.49036007180233565,
  "w0_layer2.0.conv1_hfer0.6": 0.3917661668155087,
  "w0_layer2.0.conv1_hfer0.7": 0.2937084354398652,
  "w0_layer2.0.conv1_hfer0.6_hann": 0.3920819800232436,
  "w0_layer2.0.conv1_msr": 0.3216188965528844,
  "gnorm_w0_layer2.0.conv1": 0.1263068291348586,
  "w0_layer3.0.conv1_hfer0.5": 0.49447668358160496,
  "w0_layer3.0.conv1_hfer0.6": 0.39523914028177687,
  "w0_layer3.0.conv1_hfer0.7": 0.2965710422003207,
  "w0_layer3.0.conv1_hfer0.6_hann": 0.3958822010770007,
  "w0_layer3.0.conv1_msr": 0.32169616799693435,
  "gnorm_w0_layer3.0.conv1": 0.2470775340329642,
  "w0_linear_hfer0.5": 0.44099822185214504,
  "w0_linear_hfer0.6": 0.35680414050162146,
  "w0_linear_hfer0.7": 0.26576948835905995,
  "w0_linear_hfer0.6_hann": 0.3675587852405132,
  "w0_linear_msr": 0.3220759118890872,
  "gnorm_w0_linear": 0.14602474012116365
}