{
  "diverged": false,
  "n_steps": 10000,
  "spikes": 924,
  "train_loss_tail": 0.00013472996251948644,
  "val_loss": 0.7967842224121093,
  "val_acc": 0.8322,
  "lam_tail": 0.7156691551208496,
  "chi_tail": 0.01789172887802124,
  "sharpness_threshold": 120.0,
  "secs": 1308.0,
  "hfer_w1_mid": 0.39967876883824605,
  "raw_paths": "/work/02/gs26/s26001/river-valley-momentum/codebases/results/raw/grid_cifar10_bn_ema_lr0.05_b0.5_s0/w1_layer3.0.conv1_G.npz;/work/02/gs26/s26001/river-valley-momentum/codebases/results/raw/grid_cifar10_bn_ema_lr0.05_b0.5_s0/w1_linear_G.npz",
  "w0_conv1_hfer0.5": 0.49596808501450657,
  "w0_conv1_hfer0.6": 0.39285483503720825,
  "w0_conv1_hfer0.7": 0.2952211737949292,
  "w0_conv1_hfer0.6_hann": 0.39753590962070584,
  "w0_conv1_msr": 0.12606958599840626,
  "gnorm_w0_conv1": 0.7283130780999523,
  "w0_layer2.0.conv1_hfer0.5": 0.4984672380308925,
  "w0_layer2.0.conv1_hfer0.6": 0.397563419819313,
  "w0_layer2.0.conv1_hfer0.7": 0.29813469025241085,
  "w0_layer2.0.conv1_hfer0.6_hann": 0.3986491034395102,
  "w0_layer2.0.conv1_msr": 0.1261002522029215,
  "gnorm_w0_layer2.0.conv1": 0.7846822979388532,
  "w0_layer3.0.conv1_hfer0.5": 0.4992373930800252,
  "w0_layer3.0.conv1_hfer0.6": 0.39811071446088697,
  "w0_layer3.0.conv1_hfer0.7": 0.2986666570123283,
  "w0_layer3.0.conv1_hfer0.6_hann": 0.3984791381768226,
  "w0_layer3.0.conv1_msr": 0.12609473321070092,
  "gnorm_w0_layer3.0.conv1": 1.2581029784408544,
  "w0_linear_hfer0.5": 0.4871138043222032,
  "w0_linear_hfer0.6": 0.38085081019811295,
  "w0_linear_hfer0.7": 0.2855580141213088,
  "w0_linear_hfer0.6_hann": 0.3916780608719198,
  "w0_linear_msr": 0.1262440738489524,
  "gnorm_w0_linear": 0.6741328292133061,
  "w1_conv1_hfer0.5": 0.5032609044442179,
  "w1_conv1_hfer0.6": 0.40298051479423386,
  "w1_conv1_hfer0.7": 0.2978810645119732,
  "w1_conv1_hfer0.6_hann": 0.3977174578166214,
  "w1_conv1_msr": 0.12635983951229457,
  "gnorm_w1_conv1": 0.20269981301334122,
  "w1_layer2.0.conv1_hfer0.5": 0.5001258697041869,
  "w1_layer2.0.conv1_hfer0.6": 0.39961195553666945,
  "w1_layer2.0.conv1_hfer0.7": 0.3002012491597913,
  "w1_layer2.0.conv1_hfer0.6_hann": 0.39825403414653854,
  "w1_layer2.0.conv1_msr": 0.12605565220672016,
  "gnorm_w1_layer2.0.conv1": 0.23714927468256733,
  "w1_layer3.0.conv1_hfer0.5": 0.5000785894688452,
  "w1_layer3.0.conv1_hfer0.6": 0.39967876883824605,
  "w1_layer3.0.conv1_hfer0.7": 0.3001329202167125,
  "w1_layer3.0.conv1_hfer0.6_hann": 0.3992327182005617,
  "w1_layer3.0.conv1_msr": 0.12608868462464118,
  "gnorm_w1_layer3.0.conv1": 0.4086741102268242,
  "w1_linear_hfer0.5": 0.48488315158316586,
  "w1_linear_hfer0.6": 0.39608661755452035,
  "w1_linear_hfer0.7": 0.294116575499263,
  "w1_linear_hfer0.6_hann": 0.38951606339444433,
  "w1_linear_msr": 0.12662065756753763,
  "gnorm_w1_linear": 0.11402238094603394,
  "w2_conv1_hfer0.5": 0.5008852081448735,
  "w2_conv1_hfer0.6": 0.4011694189921662,
  "w2_conv1_hfer0.7": 0.29991009322483997,
  "w2_conv1_hfer0.6_hann": 0.39708808263728557,
  "w2_conv1_msr": 0.12613228783988767,
  "gnorm_w2_conv1": 0.005101643839569298,
  "w2_layer2.0.conv1_hfer0.5": 0.5011735717066342,
  "w2_layer2.0.conv1_hfer0.6": 0.4005798780680583,
  "w2_layer2.0.conv1_hfer0.7": 0.30108575957254863,
  "w2_layer2.0.conv1_hfer0.6_hann": 0.40028740668226975,
  "w2_layer2.0.conv1_msr": 0.12603578664815676,
  "gnorm_w2_layer2.0.conv1": 0.006144987493811389,
  "w2_layer3.0.conv1_hfer0.5": 0.5011511972448045,
  "w2_layer3.0.conv1_hfer0.6": 0.4004948874502368,
  "w2_layer3.0.conv1_hfer0.7": 0.30104531341029034,
  "w2_layer3.0.conv1_hfer0.6_hann": 0.40046194986857986,
  "w2_layer3.0.conv1_msr": 0.1260385038927173,
  "gnorm_w2_layer3.0.conv1": 0.010719672413076501,
  "w2_linear_hfer0.5": 0.5032627319454395,
  "w2_linear_hfer0.6": 0.400439414599939,
  "w2_linear_hfer0.7": 0.3008611816596113,
  "w2_linear_hfer0.6_hann": 0.4005489912470341,
  "w2_linear_msr": 0.12633486295059415,
  "gnorm_w2_linear": 0.003364384268603476,
  "shfer_w0_all": 0.3986597289831772,
  "shfer_w0_stem": 0.39243744079295617,
  "shfer_w0_layer1": 0.3980694227000191,
  "shfer_w0_layer2": 0.39836778213819435,
  "shfer_w0_layer3": 0.40217680537665734,
  "shfer_w0_layer4": 0.3997889438985409,
  "shfer_w0_head": 0.3826870057426813,
  "shfer_w1_all": 0.40124613287044986,
  "shfer_w1_stem": 0.4010842262715676,
  "shfer_w1_layer1": 0.40170919154399504,
  "shfer_w1_layer2": 0.39674674243488883,
  "shfer_w1_layer3": 0.4029728646156753,
  "shfer_w1_layer4": 0.39780020198661764,
  "shfer_w1_head": 0.3973183120361042,
  "shfer_w2_all": 0.4021967973141257,
  "shfer_w2_stem": 0.4006869158208695,
  "shfer_w2_layer1": 0.4006835539395941,
  "shfer_w2_layer2": 0.40111386628526763,
  "shfer_w2_layer3": 0.40082499133444716,
  "shfer_w2_layer4": 0.4005330173171725,
  "shfer_w2_head": 0.3985832903965732
}