{
  "diverged": false,
  "n_steps": 10000,
  "spikes": 970,
  "train_loss_tail": 0.00014668725923547754,
  "val_loss": 0.8261419494628907,
  "val_acc": 0.8295,
  "lam_tail": 0.6230828762054443,
  "chi_tail": 0.01557707190513611,
  "sharpness_threshold": 120.0,
  "secs": 1238.1,
  "hfer_w1_mid": 0.3994137373464923,
  "raw_paths": "",
  "w0_conv1_hfer0.5": 0.4964207508864597,
  "w0_conv1_hfer0.6": 0.3918388794757715,
  "w0_conv1_hfer0.7": 0.289204366157776,
  "w0_conv1_hfer0.6_hann": 0.3906089485077515,
  "w0_conv1_msr": 0.12636542531544775,
  "gnorm_w0_conv1": 0.7164041090607471,
  "w0_layer2.0.conv1_hfer0.5": 0.5006946037997795,
  "w0_layer2.0.conv1_hfer0.6": 0.3989365292247617,
  "w0_layer2.0.conv1_hfer0.7": 0.2992896340153806,
  "w0_layer2.0.conv1_hfer0.6_hann": 0.3985953865027724,
  "w0_layer2.0.conv1_msr": 0.12609906829131373,
  "gnorm_w0_layer2.0.conv1": 0.7907542828587575,
  "w0_layer3.0.conv1_hfer0.5": 0.49996903705351425,
  "w0_layer3.0.conv1_hfer0.6": 0.39880407181357236,
  "w0_layer3.0.conv1_hfer0.7": 0.299387879484474,
  "w0_layer3.0.conv1_hfer0.6_hann": 0.39914026893872,
  "w0_layer3.0.conv1_msr": 0.12609096925386593,
  "gnorm_w0_layer3.0.conv1": 1.2926803079465659,
  "w0_linear_hfer0.5": 0.4982900996169905,
  "w0_linear_hfer0.6": 0.3876499014782912,
  "w0_linear_hfer0.7": 0.2887958811755711,
  "w0_linear_hfer0.6_hann": 0.3808800531498279,
  "w0_linear_msr": 0.12627514623099967,
  "gnorm_w0_linear": 0.6783809943808611,
  "w1_conv1_hfer0.5": 0.4933314226553003,
  "w1_conv1_hfer0.6": 0.3947385077884326,
  "w1_conv1_hfer0.7": 0.2951365333923515,
  "w1_conv1_hfer0.6_hann": 0.3921142182434175,
  "w1_conv1_msr": 0.1262549148954309,
  "gnorm_w1_conv1": 0.20293437762565258,
  "w1_layer2.0.conv1_hfer0.5": 0.5002008504025076,
  "w1_layer2.0.conv1_hfer0.6": 0.3992589145324121,
  "w1_layer2.0.conv1_hfer0.7": 0.29978932644755485,
  "w1_layer2.0.conv1_hfer0.6_hann": 0.3999528357175882,
  "w1_layer2.0.conv1_msr": 0.12610129545534204,
  "gnorm_w1_layer2.0.conv1": 0.24021211163180753,
  "w1_layer3.0.conv1_hfer0.5": 0.5000985774178938,
  "w1_layer3.0.conv1_hfer0.6": 0.3994137373464923,
  "w1_layer3.0.conv1_hfer0.7": 0.2999568674387386,
  "w1_layer3.0.conv1_hfer0.6_hann": 0.39987781232582953,
  "w1_layer3.0.conv1_msr": 0.12612320694504567,
  "gnorm_w1_layer3.0.conv1": 0.42552627462527526,
  "w1_linear_hfer0.5": 0.4817191609108824,
  "w1_linear_hfer0.6": 0.38497878540910885,
  "w1_linear_hfer0.7": 0.28631576236808204,
  "w1_linear_hfer0.6_hann": 0.39382329269093325,
  "w1_linear_msr": 0.12605100177236994,
  "gnorm_w1_linear": 0.11935807593050224,
  "w2_conv1_hfer0.5": 0.4997184011663431,
  "w2_conv1_hfer0.6": 0.3999760552573871,
  "w2_conv1_hfer0.7": 0.29838981707716966,
  "w2_conv1_hfer0.6_hann": 0.40020338476201683,
  "w2_conv1_msr": 0.12614728711584378,
  "gnorm_w2_conv1": 0.004853387369904296,
  "w2_layer2.0.conv1_hfer0.5": 0.5018770250810053,
  "w2_layer2.0.conv1_hfer0.6": 0.401524518456128,
  "w2_layer2.0.conv1_hfer0.7": 0.3008838515013037,
  "w2_layer2.0.conv1_hfer0.6_hann": 0.4025367788927485,
  "w2_layer2.0.conv1_msr": 0.12615694106089947,
  "gnorm_w2_layer2.0.conv1": 0.0060122907651433835,
  "w2_layer3.0.conv1_hfer0.5": 0.5009686308927925,
  "w2_layer3.0.conv1_hfer0.6": 0.4006120144059895,
  "w2_layer3.0.conv1_hfer0.7": 0.3010602435574015,
  "w2_layer3.0.conv1_hfer0.6_hann": 0.40053495720343024,
  "w2_layer3.0.conv1_msr": 0.12606055020605192,
  "gnorm_w2_layer3.0.conv1": 0.01061757791969938,
  "w2_linear_hfer0.5": 0.5029946662880735,
  "w2_linear_hfer0.6": 0.4002661501095201,
  "w2_linear_hfer0.7": 0.301089205445801,
  "w2_linear_hfer0.6_hann": 0.398331101258639,
  "w2_linear_msr": 0.12584175003717504,
  "gnorm_w2_linear": 0.0033162723028988973,
  "shfer_w0_all": 0.39808999039264015,
  "shfer_w0_stem": 0.39258205223966175,
  "shfer_w0_layer1": 0.39840216469571565,
  "shfer_w0_layer2": 0.3997069356273583,
  "shfer_w0_layer3": 0.39912722495415853,
  "shfer_w0_layer4": 0.40032169570634857,
  "shfer_w0_head": 0.3884460782597022,
  "shfer_w1_all": 0.39718210038596724,
  "shfer_w1_stem": 0.3938781135547708,
  "shfer_w1_layer1": 0.3997285122454975,
  "shfer_w1_layer2": 0.3988496859425005,
  "shfer_w1_layer3": 0.4007218524152208,
  "shfer_w1_layer4": 0.3968987851998727,
  "shfer_w1_head": 0.3854848339474604,
  "shfer_w2_all": 0.40166148581107797,
  "shfer_w2_stem": 0.399305426267112,
  "shfer_w2_layer1": 0.4019046265790797,
  "shfer_w2_layer2": 0.40088342410798233,
  "shfer_w2_layer3": 0.4000926434306793,
  "shfer_w2_layer4": 0.4006172677349315,
  "shfer_w2_head": 0.40135870946995195
}