{
  "diverged": false,
  "n_steps": 10000,
  "spikes": 815,
  "train_loss_tail": 0.01684955531428568,
  "val_loss": 1.2881039794921876,
  "val_acc": 0.7849,
  "lam_tail": 3.758430242538452,
  "chi_tail": 3.006744194030762,
  "sharpness_threshold": 2.5,
  "secs": 1259.6,
  "hfer_w1_mid": 0.4088897066627142,
  "raw_paths": "",
  "w0_conv1_hfer0.5": 0.7164144524129376,
  "w0_conv1_hfer0.6": 0.5992730923618702,
  "w0_conv1_hfer0.7": 0.4688661647136696,
  "w0_conv1_hfer0.6_hann": 0.5947292360393966,
  "w0_conv1_msr": 1.0,
  "gnorm_w0_conv1": 0.30516814560483707,
  "w0_layer2.0.conv1_hfer0.5": 0.5851902452016509,
  "w0_layer2.0.conv1_hfer0.6": 0.4746220958690957,
  "w0_layer2.0.conv1_hfer0.7": 0.3627440239795629,
  "w0_layer2.0.conv1_hfer0.6_hann": 0.47008537898869457,
  "w0_layer2.0.conv1_msr": 1.0,
  "gnorm_w0_layer2.0.conv1": 0.12585806066582148,
  "w0_layer3.0.conv1_hfer0.5": 0.5514588502655993,
  "w0_layer3.0.conv1_hfer0.6": 0.4449115672527287,
  "w0_layer3.0.conv1_hfer0.7": 0.3382583908753408,
  "w0_layer3.0.conv1_hfer0.6_hann": 0.44184017777744455,
  "w0_layer3.0.conv1_msr": 1.0,
  "gnorm_w0_layer3.0.conv1": 0.2351640517189597,
  "w0_linear_hfer0.5": 0.7081474518042579,
  "w0_linear_hfer0.6": 0.5891861167765652,
  "w0_linear_hfer0.7": 0.4564335290289612,
  "w0_linear_hfer0.6_hann": 0.5832921959129024,
  "w0_linear_msr": 1.0,
  "gnorm_w0_linear": 0.2266017052036745,
  "w1_conv1_hfer0.5": 0.6026897224456189,
  "w1_conv1_hfer0.6": 0.4863327651401277,
  "w1_conv1_hfer0.7": 0.3623449957967467,
  "w1_conv1_hfer0.6_hann": 0.4851974854881719,
  "w1_conv1_msr": 1.0,
  "gnorm_w1_conv1": 0.2020023374990579,
  "w1_layer2.0.conv1_hfer0.5": 0.5241184257926021,
  "w1_layer2.0.conv1_hfer0.6": 0.41722931131273266,
  "w1_layer2.0.conv1_hfer0.7": 0.31425367999037684,
  "w1_layer2.0.conv1_hfer0.6_hann": 0.41579266932141107,
  "w1_layer2.0.conv1_msr": 1.0,
  "gnorm_w1_layer2.0.conv1": 0.09991798347246152,
  "w1_layer3.0.conv1_hfer0.5": 0.512233516559255,
  "w1_layer3.0.conv1_hfer0.6": 0.4088897066627142,
  "w1_layer3.0.conv1_hfer0.7": 0.30783441658192473,
  "w1_layer3.0.conv1_hfer0.6_hann": 0.40813024714284346,
  "w1_layer3.0.conv1_msr": 1.0,
  "gnorm_w1_layer3.0.conv1": 0.21792957917220565,
  "w1_linear_hfer0.5": 0.5992915507658485,
  "w1_linear_hfer0.6": 0.4780718670141814,
  "w1_linear_hfer0.7": 0.3607709807119104,
  "w1_linear_hfer0.6_hann": 0.4676197770641262,
  "w1_linear_msr": 1.0,
  "gnorm_w1_linear": 0.12179722621113122,
  "w2_conv1_hfer0.5": 0.5271549089983052,
  "w2_conv1_hfer0.6": 0.42287887192782625,
  "w2_conv1_hfer0.7": 0.32126442386571946,
  "w2_conv1_hfer0.6_hann": 0.42020885200843777,
  "w2_conv1_msr": 1.0,
  "gnorm_w2_conv1": 0.11886292551475637,
  "w2_layer2.0.conv1_hfer0.5": 0.5078299541376038,
  "w2_layer2.0.conv1_hfer0.6": 0.40724225994403035,
  "w2_layer2.0.conv1_hfer0.7": 0.30558524706240975,
  "w2_layer2.0.conv1_hfer0.6_hann": 0.4076722329191679,
  "w2_layer2.0.conv1_msr": 1.0,
  "gnorm_w2_layer2.0.conv1": 0.06243706579061348,
  "w2_layer3.0.conv1_hfer0.5": 0.5044886320821104,
  "w2_layer3.0.conv1_hfer0.6": 0.40326130710629376,
  "w2_layer3.0.conv1_hfer0.7": 0.3030069890439038,
  "w2_layer3.0.conv1_hfer0.6_hann": 0.4034031994119911,
  "w2_layer3.0.conv1_msr": 1.0,
  "gnorm_w2_layer3.0.conv1": 0.1390310437934424,
  "w2_linear_hfer0.5": 0.5378257724423936,
  "w2_linear_hfer0.6": 0.4278958000644638,
  "w2_linear_hfer0.7": 0.3234548992964681,
  "w2_linear_hfer0.6_hann": 0.42302896532193046,
  "w2_linear_msr": 1.0,
  "gnorm_w2_linear": 0.06452965959905527,
  "shfer_w0_all": 0.463671698633378,
  "shfer_w0_stem": 0.5931572665171182,
  "shfer_w0_layer1": 0.5137000758736123,
  "shfer_w0_layer2": 0.4689063884555876,
  "shfer_w0_layer3": 0.4443109145891482,
  "shfer_w0_layer4": 0.4426958415306579,
  "shfer_w0_head": 0.5931627119695614,
  "shfer_w1_all": 0.4123478018584701,
  "shfer_w1_stem": 0.48086446675072886,
  "shfer_w1_layer1": 0.4297663085837386,
  "shfer_w1_layer2": 0.4140621630158213,
  "shfer_w1_layer3": 0.40994228040804054,
  "shfer_w1_layer4": 0.41038817393859955,
  "shfer_w1_head": 0.47986849922115354,
  "shfer_w2_all": 0.40383882317398057,
  "shfer_w2_stem": 0.42337625193114026,
  "shfer_w2_layer1": 0.4109666282645672,
  "shfer_w2_layer2": 0.40515512840737883,
  "shfer_w2_layer3": 0.4054260080667143,
  "shfer_w2_layer4": 0.40025857387918146,
  "shfer_w2_head": 0.4286769241819324
}