{
  "diverged": false,
  "n_steps": 10000,
  "spikes": 1165,
  "train_loss_tail": 0.005960655947623308,
  "val_loss": 1.1474626098632812,
  "val_acc": 0.8195,
  "lam_tail": 7.993696689605713,
  "chi_tail": 1.5987393379211428,
  "sharpness_threshold": 15.0,
  "secs": 1243.6,
  "hfer_w1_mid": 0.39866180427905595,
  "raw_paths": "/work/02/gs26/s26001/river-valley-momentum/codebases/results/raw/grid_cifar10_bn_ema_lr0.4_b0.5_s0/w1_layer3.0.conv1_G.npz;/work/02/gs26/s26001/river-valley-momentum/codebases/results/raw/grid_cifar10_bn_ema_lr0.4_b0.5_s0/w1_linear_G.npz",
  "w0_conv1_hfer0.5": 0.5218213025198002,
  "w0_conv1_hfer0.6": 0.3950620265561697,
  "w0_conv1_hfer0.7": 0.2907207998329748,
  "w0_conv1_hfer0.6_hann": 0.39171723548848464,
  "w0_conv1_msr": 0.1267169237824581,
  "gnorm_w0_conv1": 0.39408436421276916,
  "w0_layer2.0.conv1_hfer0.5": 0.5003850471786834,
  "w0_layer2.0.conv1_hfer0.6": 0.3962136740574956,
  "w0_layer2.0.conv1_hfer0.7": 0.296096242870129,
  "w0_layer2.0.conv1_hfer0.6_hann": 0.39491794130044106,
  "w0_layer2.0.conv1_msr": 0.12619107797148657,
  "gnorm_w0_layer2.0.conv1": 0.24907373621333373,
  "w0_layer3.0.conv1_hfer0.5": 0.5002285359784261,
  "w0_layer3.0.conv1_hfer0.6": 0.39772246365248587,
  "w0_layer3.0.conv1_hfer0.7": 0.2974213544004258,
  "w0_layer3.0.conv1_hfer0.6_hann": 0.3979554815536093,
  "w0_layer3.0.conv1_msr": 0.12616082683509056,
  "gnorm_w0_layer3.0.conv1": 0.42868698209140566,
  "w0_linear_hfer0.5": 0.5085477203794265,
  "w0_linear_hfer0.6": 0.39157145472602306,
  "w0_linear_hfer0.7": 0.2877030716095207,
  "w0_linear_hfer0.6_hann": 0.3978041019380057,
  "w0_linear_msr": 0.12653017295553912,
  "gnorm_w0_linear": 0.37587685048860553,
  "w1_conv1_hfer0.5": 0.501902597918971,
  "w1_conv1_hfer0.6": 0.3950405577675616,
  "w1_conv1_hfer0.7": 0.2955696200925928,
  "w1_conv1_hfer0.6_hann": 0.402825991979775,
  "w1_conv1_msr": 0.1261407665743565,
  "gnorm_w1_conv1": 0.20026945599777649,
  "w1_layer2.0.conv1_hfer0.5": 0.49849608547278174,
  "w1_layer2.0.conv1_hfer0.6": 0.3977020791731961,
  "w1_layer2.0.conv1_hfer0.7": 0.29785558172809457,
  "w1_layer2.0.conv1_hfer0.6_hann": 0.3980123260205609,
  "w1_layer2.0.conv1_msr": 0.12614605240691276,
  "gnorm_w1_layer2.0.conv1": 0.16110199344382928,
  "w1_layer3.0.conv1_hfer0.5": 0.4990449183804782,
  "w1_layer3.0.conv1_hfer0.6": 0.39866180427905595,
  "w1_layer3.0.conv1_hfer0.7": 0.29883592513456975,
  "w1_layer3.0.conv1_hfer0.6_hann": 0.39919775993765977,
  "w1_layer3.0.conv1_msr": 0.12613370077762212,
  "gnorm_w1_layer3.0.conv1": 0.31638495552242984,
  "w1_linear_hfer0.5": 0.48944061287536267,
  "w1_linear_hfer0.6": 0.389931643536271,
  "w1_linear_hfer0.7": 0.288139167328795,
  "w1_linear_hfer0.6_hann": 0.39050616358257667,
  "w1_linear_msr": 0.12653475775355477,
  "gnorm_w1_linear": 0.16463947281642966,
  "w2_conv1_hfer0.5": 0.4951679615538726,
  "w2_conv1_hfer0.6": 0.397864946622437,
  "w2_conv1_hfer0.7": 0.30007390748747176,
  "w2_conv1_hfer0.6_hann": 0.40138358765436405,
  "w2_conv1_msr": 0.12600575009176623,
  "gnorm_w2_conv1": 0.12262334223413957,
  "w2_layer2.0.conv1_hfer0.5": 0.5004837356617037,
  "w2_layer2.0.conv1_hfer0.6": 0.3997347443145938,
  "w2_layer2.0.conv1_hfer0.7": 0.29992688223666164,
  "w2_layer2.0.conv1_hfer0.6_hann": 0.4005208210045548,
  "w2_layer2.0.conv1_msr": 0.12609763746720126,
  "gnorm_w2_layer2.0.conv1": 0.10180738792522204,
  "w2_layer3.0.conv1_hfer0.5": 0.5008948683166099,
  "w2_layer3.0.conv1_hfer0.6": 0.40027532774526914,
  "w2_layer3.0.conv1_hfer0.7": 0.3004113660958105,
  "w2_layer3.0.conv1_hfer0.6_hann": 0.40064588688377556,
  "w2_layer3.0.conv1_msr": 0.12607772649954743,
  "gnorm_w2_layer3.0.conv1": 0.20534295847151018,
  "w2_linear_hfer0.5": 0.4971511903828999,
  "w2_linear_hfer0.6": 0.39522474661052215,
  "w2_linear_hfer0.7": 0.2982980069445405,
  "w2_linear_hfer0.6_hann": 0.39795897959026744,
  "w2_linear_msr": 0.12588356664957961,
  "gnorm_w2_linear": 0.0842074951654489,
  "shfer_w0_all": 0.39924779721189074,
  "shfer_w0_stem": 0.3938566893611127,
  "shfer_w0_layer1": 0.3970525577125392,
  "shfer_w0_layer2": 0.3946871230539543,
  "shfer_w0_layer3": 0.39922166049894003,
  "shfer_w0_layer4": 0.4004618988803632,
  "shfer_w0_head": 0.39193970677129525,
  "shfer_w1_all": 0.40140246440544275,
  "shfer_w1_stem": 0.3950261350971232,
  "shfer_w1_layer1": 0.3961214627194559,
  "shfer_w1_layer2": 0.3980927199184673,
  "shfer_w1_layer3": 0.40054910087592954,
  "shfer_w1_layer4": 0.40046744843592275,
  "shfer_w1_head": 0.38756714511531726,
  "shfer_w2_all": 0.39940824109240586,
  "shfer_w2_stem": 0.3987859680142273,
  "shfer_w2_layer1": 0.3980854577780893,
  "shfer_w2_layer2": 0.3984956756108262,
  "shfer_w2_layer3": 0.4025122969020821,
  "shfer_w2_layer4": 0.40065698737004957,
  "shfer_w2_head": 0.39497964308109557
}