{
  "diverged": false,
  "n_steps": 10000,
  "spikes": 1304,
  "train_loss_tail": 0.00011314715108892415,
  "val_loss": 0.8489158996582031,
  "val_acc": 0.8393,
  "lam_tail": 0.8483176231384277,
  "chi_tail": 0.008483176231384277,
  "sharpness_threshold": 380.00000000000006,
  "secs": 1229.1,
  "hfer_w1_mid": 0.3981381377123415,
  "raw_paths": "",
  "w0_conv1_hfer0.5": 0.4653515986891474,
  "w0_conv1_hfer0.6": 0.37149043253125746,
  "w0_conv1_hfer0.7": 0.2785901106784757,
  "w0_conv1_hfer0.6_hann": 0.37483898430975005,
  "w0_conv1_msr": 0.003223779981134251,
  "gnorm_w0_conv1": 0.5197417241502075,
  "w0_layer2.0.conv1_hfer0.5": 0.4835708019380678,
  "w0_layer2.0.conv1_hfer0.6": 0.38612804711609394,
  "w0_layer2.0.conv1_hfer0.7": 0.29010096938637786,
  "w0_layer2.0.conv1_hfer0.6_hann": 0.38767198584190615,
  "w0_layer2.0.conv1_msr": 0.0032154573763276593,
  "gnorm_w0_layer2.0.conv1": 0.5369766690652831,
  "w0_layer3.0.conv1_hfer0.5": 0.48855363093664034,
  "w0_layer3.0.conv1_hfer0.6": 0.3901453133971649,
  "w0_layer3.0.conv1_hfer0.7": 0.2930754314537662,
  "w0_layer3.0.conv1_hfer0.6_hann": 0.3904866527661518,
  "w0_layer3.0.conv1_msr": 0.0032157478945247734,
  "gnorm_w0_layer3.0.conv1": 0.8736032143879526,
  "w0_linear_hfer0.5": 0.3870840492343947,
  "w0_linear_hfer0.6": 0.3089314396593389,
  "w0_linear_hfer0.7": 0.23082369119265264,
  "w0_linear_hfer0.6_hann": 0.32502701355045266,
  "w0_linear_msr": 0.00321865017721672,
  "gnorm_w0_linear": 0.6708573127546764,
  "w1_conv1_hfer0.5": 0.488331072682577,
  "w1_conv1_hfer0.6": 0.38832224847454716,
  "w1_conv1_hfer0.7": 0.28969910023418366,
  "w1_conv1_hfer0.6_hann": 0.3843501003314183,
  "w1_conv1_msr": 0.003223946075488064,
  "gnorm_w1_conv1": 0.2369114077484124,
  "w1_layer2.0.conv1_hfer0.5": 0.49593638476329016,
  "w1_layer2.0.conv1_hfer0.6": 0.39594840122316804,
  "w1_layer2.0.conv1_hfer0.7": 0.2970864765086563,
  "w1_layer2.0.conv1_hfer0.6_hann": 0.39575307754930295,
  "w1_layer2.0.conv1_msr": 0.0032179116508123167,
  "gnorm_w1_layer2.0.conv1": 0.26167489827637924,
  "w1_layer3.0.conv1_hfer0.5": 0.4979940557336154,
  "w1_layer3.0.conv1_hfer0.6": 0.3981381377123415,
  "w1_layer3.0.conv1_hfer0.7": 0.29902037378288326,
  "w1_layer3.0.conv1_hfer0.6_hann": 0.39801270103458525,
  "w1_layer3.0.conv1_msr": 0.0032189355925099188,
  "gnorm_w1_layer3.0.conv1": 0.4606506158348177,
  "w1_linear_hfer0.5": 0.46850045884043245,
  "w1_linear_hfer0.6": 0.37932809950380053,
  "w1_linear_hfer0.7": 0.2872063396730822,
  "w1_linear_hfer0.6_hann": 0.37675041928709696,
  "w1_linear_msr": 0.003222064191338161,
  "gnorm_w1_linear": 0.18789150040747213,
  "w2_conv1_hfer0.5": 0.5009024802470317,
  "w2_conv1_hfer0.6": 0.3984891259666337,
  "w2_conv1_hfer0.7": 0.29707316234333436,
  "w2_conv1_hfer0.6_hann": 0.40086825526240766,
  "w2_conv1_msr": 0.003218844742274835,
  "gnorm_w2_conv1": 0.013709742042962684,
  "w2_layer2.0.conv1_hfer0.5": 0.5011123892804372,
  "w2_layer2.0.conv1_hfer0.6": 0.40050974243939225,
  "w2_layer2.0.conv1_hfer0.7": 0.3009574010427421,
  "w2_layer2.0.conv1_hfer0.6_hann": 0.399852585972319,
  "w2_layer2.0.conv1_msr": 0.0032119855424865857,
  "gnorm_w2_layer2.0.conv1": 0.01505139249936033,
  "w2_layer3.0.conv1_hfer0.5": 0.5012579166681642,
  "w2_layer3.0.conv1_hfer0.6": 0.4007752637729829,
  "w2_layer3.0.conv1_hfer0.7": 0.301024365372388,
  "w2_layer3.0.conv1_hfer0.6_hann": 0.400426796766682,
  "w2_layer3.0.conv1_msr": 0.003213112742578567,
  "gnorm_w2_layer3.0.conv1": 0.026878982438104895,
  "w2_linear_hfer0.5": 0.5065799037868808,
  "w2_linear_hfer0.6": 0.4035044650008339,
  "w2_linear_hfer0.7": 0.3009381354689927,
  "w2_linear_hfer0.6_hann": 0.4014381405412244,
  "w2_linear_msr": 0.003219793177481223,
  "gnorm_w2_linear": 0.008721562420869132,
  "shfer_w0_all": 0.3839827647355406,
  "shfer_w0_stem": 0.372994028680616,
  "shfer_w0_layer1": 0.380679519413098,
  "shfer_w0_layer2": 0.38593333496946824,
  "shfer_w0_layer3": 0.3886252566077028,
  "shfer_w0_layer4": 0.38795566726270336,
  "shfer_w0_head": 0.30935369156287623,
  "shfer_w1_all": 0.3981732675835483,
  "shfer_w1_stem": 0.39133075948405693,
  "shfer_w1_layer1": 0.3937991388391926,
  "shfer_w1_layer2": 0.3960048133483209,
  "shfer_w1_layer3": 0.3979030209193405,
  "shfer_w1_layer4": 0.39736951585868785,
  "shfer_w1_head": 0.3790376972678256,
  "shfer_w2_all": 0.4006197416899147,
  "shfer_w2_stem": 0.3988016332409929,
  "shfer_w2_layer1": 0.4002395316170013,
  "shfer_w2_layer2": 0.40065827241285323,
  "shfer_w2_layer3": 0.4012433669585498,
  "shfer_w2_layer4": 0.40093316025991965,
  "shfer_w2_head": 0.40461698472957874
}