{
  "diverged": false,
  "n_steps": 10000,
  "spikes": 377,
  "train_loss_tail": 0.0018728351858444512,
  "val_loss": 2.080819970703125,
  "val_acc": 0.5656,
  "lam_tail": 0.7064120173454285,
  "chi_tail": 0.007064120173454283,
  "sharpness_threshold": 380.00000000000006,
  "secs": 1280.8,
  "hfer_w1_mid": 0.3983177890772076,
  "raw_paths": "",
  "w0_conv1_hfer0.5": 0.42448241127394143,
  "w0_conv1_hfer0.6": 0.3381016812042444,
  "w0_conv1_hfer0.7": 0.2534037917370328,
  "w0_conv1_hfer0.6_hann": 0.34132448624574036,
  "w0_conv1_msr": 0.003236424833213488,
  "gnorm_w0_conv1": 0.7612328379567566,
  "w0_layer2.0.conv1_hfer0.5": 0.47063381234173346,
  "w0_layer2.0.conv1_hfer0.6": 0.37645012963641594,
  "w0_layer2.0.conv1_hfer0.7": 0.28246790536682403,
  "w0_layer2.0.conv1_hfer0.6_hann": 0.3791091329294435,
  "w0_layer2.0.conv1_msr": 0.003217190134350423,
  "gnorm_w0_layer2.0.conv1": 0.7075772693310497,
  "w0_layer3.0.conv1_hfer0.5": 0.48383622059948944,
  "w0_layer3.0.conv1_hfer0.6": 0.3863639932409759,
  "w0_layer3.0.conv1_hfer0.7": 0.2901109514904826,
  "w0_layer3.0.conv1_hfer0.6_hann": 0.38727638143483956,
  "w0_layer3.0.conv1_msr": 0.0032143183783664682,
  "gnorm_w0_layer3.0.conv1": 1.2239398965351775,
  "w0_linear_hfer0.5": 0.44689422705196025,
  "w0_linear_hfer0.6": 0.3567481782584529,
  "w0_linear_hfer0.7": 0.2683233768923375,
  "w0_linear_hfer0.6_hann": 0.3598699483738031,
  "w0_linear_msr": 0.0032148712057500964,
  "gnorm_w0_linear": 1.3487525879818463,
  "w1_conv1_hfer0.5": 0.4874390524261177,
  "w1_conv1_hfer0.6": 0.38818312134366467,
  "w1_conv1_hfer0.7": 0.29079344650921424,
  "w1_conv1_hfer0.6_hann": 0.40005155736559184,
  "w1_conv1_msr": 0.0032287124605830213,
  "gnorm_w1_conv1": 0.11730478184577232,
  "w1_layer2.0.conv1_hfer0.5": 0.4970705523505155,
  "w1_layer2.0.conv1_hfer0.6": 0.39775666448502023,
  "w1_layer2.0.conv1_hfer0.7": 0.29925373615219697,
  "w1_layer2.0.conv1_hfer0.6_hann": 0.39773872081356704,
  "w1_layer2.0.conv1_msr": 0.0032342866043028307,
  "gnorm_w1_layer2.0.conv1": 0.12007507333907319,
  "w1_layer3.0.conv1_hfer0.5": 0.4987940555705562,
  "w1_layer3.0.conv1_hfer0.6": 0.3983177890772076,
  "w1_layer3.0.conv1_hfer0.7": 0.29940792896894103,
  "w1_layer3.0.conv1_hfer0.6_hann": 0.39928180385149564,
  "w1_layer3.0.conv1_msr": 0.00323637252686334,
  "gnorm_w1_layer3.0.conv1": 0.23342639796895018,
  "w1_linear_hfer0.5": 0.48607314008086,
  "w1_linear_hfer0.6": 0.3879599346515623,
  "w1_linear_hfer0.7": 0.29378357588813714,
  "w1_linear_hfer0.6_hann": 0.3873181075095834,
  "w1_linear_msr": 0.0032329872542894225,
  "gnorm_w1_linear": 0.14972283091371866,
  "w2_conv1_hfer0.5": 0.5028700274397653,
  "w2_conv1_hfer0.6": 0.39988407868324055,
  "w2_conv1_hfer0.7": 0.3022177957844842,
  "w2_conv1_hfer0.6_hann": 0.3997962191615144,
  "w2_conv1_msr": 0.00321931743747057,
  "gnorm_w2_conv1": 0.01464391279983944,
  "w2_layer2.0.conv1_hfer0.5": 0.5015896383342743,
  "w2_layer2.0.conv1_hfer0.6": 0.40072063468020996,
  "w2_layer2.0.conv1_hfer0.7": 0.30059548176150447,
  "w2_layer2.0.conv1_hfer0.6_hann": 0.40079283315776343,
  "w2_layer2.0.conv1_msr": 0.0032126073559479657,
  "gnorm_w2_layer2.0.conv1": 0.016367294280069663,
  "w2_layer3.0.conv1_hfer0.5": 0.5018336643031793,
  "w2_layer3.0.conv1_hfer0.6": 0.40075910049923097,
  "w2_layer3.0.conv1_hfer0.7": 0.30067515811648465,
  "w2_layer3.0.conv1_hfer0.6_hann": 0.40079984219006526,
  "w2_layer3.0.conv1_msr": 0.003211496342480604,
  "gnorm_w2_layer3.0.conv1": 0.03308738646005797,
  "w2_linear_hfer0.5": 0.5012434530356271,
  "w2_linear_hfer0.6": 0.39741272798123506,
  "w2_linear_hfer0.7": 0.2980381617055716,
  "w2_linear_hfer0.6_hann": 0.397968278636111,
  "w2_linear_msr": 0.0032152185546592354,
  "gnorm_w2_linear": 0.04272618161145997,
  "shfer_w0_all": 0.3837787487660344,
  "shfer_w0_stem": 0.3367268573720877,
  "shfer_w0_layer1": 0.3661146583243263,
  "shfer_w0_layer2": 0.381169262719305,
  "shfer_w0_layer3": 0.38704581941760113,
  "shfer_w0_layer4": 0.3883831353312895,
  "shfer_w0_head": 0.35458233016954616,
  "shfer_w1_all": 0.3961581216662167,
  "shfer_w1_stem": 0.3890098322970727,
  "shfer_w1_layer1": 0.39479757078638306,
  "shfer_w1_layer2": 0.4006891156516844,
  "shfer_w1_layer3": 0.3996072907567844,
  "shfer_w1_layer4": 0.39626094965261066,
  "shfer_w1_head": 0.3877748880857246,
  "shfer_w2_all": 0.4000701047812845,
  "shfer_w2_stem": 0.4006260882501023,
  "shfer_w2_layer1": 0.40019341834222394,
  "shfer_w2_layer2": 0.3996690290485457,
  "shfer_w2_layer3": 0.3976031552679695,
  "shfer_w2_layer4": 0.40062350835578414,
  "shfer_w2_head": 0.39825249012706415
}