{
  "diverged": false,
  "n_steps": 10000,
  "spikes": 1134,
  "train_loss_tail": 0.00011503886236096151,
  "val_loss": 0.7972520874023438,
  "val_acc": 0.8424,
  "lam_tail": 0.1479688584804535,
  "chi_tail": 0.007398442924022675,
  "sharpness_threshold": 60.0,
  "secs": 1236.3,
  "hfer_w1_mid": 0.3999937359321337,
  "raw_paths": "",
  "w0_conv1_hfer0.5": 0.49384293435364174,
  "w0_conv1_hfer0.6": 0.38886591366341566,
  "w0_conv1_hfer0.7": 0.2915501666726335,
  "w0_conv1_hfer0.6_hann": 0.3900455259485606,
  "w0_conv1_msr": 0.12617064218800483,
  "gnorm_w0_conv1": 0.5172194392988975,
  "w0_layer2.0.conv1_hfer0.5": 0.4985833902061084,
  "w0_layer2.0.conv1_hfer0.6": 0.3970815333855424,
  "w0_layer2.0.conv1_hfer0.7": 0.2978487706143006,
  "w0_layer2.0.conv1_hfer0.6_hann": 0.39722745203287263,
  "w0_layer2.0.conv1_msr": 0.12612494203276334,
  "gnorm_w0_layer2.0.conv1": 0.5425064391736247,
  "w0_layer3.0.conv1_hfer0.5": 0.49933226806024417,
  "w0_layer3.0.conv1_hfer0.6": 0.3980598116386215,
  "w0_layer3.0.conv1_hfer0.7": 0.29856493613923335,
  "w0_layer3.0.conv1_hfer0.6_hann": 0.398090340328275,
  "w0_layer3.0.conv1_msr": 0.12612865004306809,
  "gnorm_w0_layer3.0.conv1": 0.8843696332381784,
  "w0_linear_hfer0.5": 0.4906226793242512,
  "w0_linear_hfer0.6": 0.38150439642890643,
  "w0_linear_hfer0.7": 0.2825206745208844,
  "w0_linear_hfer0.6_hann": 0.373091012523031,
  "w0_linear_msr": 0.1263354852030301,
  "gnorm_w0_linear": 0.6231265465537318,
  "w1_conv1_hfer0.5": 0.5013939177528087,
  "w1_conv1_hfer0.6": 0.3994867418665335,
  "w1_conv1_hfer0.7": 0.29779571899860846,
  "w1_conv1_hfer0.6_hann": 0.4017532216608697,
  "w1_conv1_msr": 0.12612089377217706,
  "gnorm_w1_conv1": 0.20363081091711557,
  "w1_layer2.0.conv1_hfer0.5": 0.4993998079884055,
  "w1_layer2.0.conv1_hfer0.6": 0.39932835190512944,
  "w1_layer2.0.conv1_hfer0.7": 0.29976003313367366,
  "w1_layer2.0.conv1_hfer0.6_hann": 0.3988418077010066,
  "w1_layer2.0.conv1_msr": 0.12606891245832513,
  "gnorm_w1_layer2.0.conv1": 0.22718239372276108,
  "w1_layer3.0.conv1_hfer0.5": 0.5004095097614344,
  "w1_layer3.0.conv1_hfer0.6": 0.3999937359321337,
  "w1_layer3.0.conv1_hfer0.7": 0.30034322778668304,
  "w1_layer3.0.conv1_hfer0.6_hann": 0.39943447654453446,
  "w1_layer3.0.conv1_msr": 0.1260551563375948,
  "gnorm_w1_layer3.0.conv1": 0.3975791407067234,
  "w1_linear_hfer0.5": 0.4836477059185113,
  "w1_linear_hfer0.6": 0.39010564883978355,
  "w1_linear_hfer0.7": 0.2862859552773361,
  "w1_linear_hfer0.6_hann": 0.38378981413984037,
  "w1_linear_msr": 0.12657298037041095,
  "gnorm_w1_linear": 0.15621220445383455,
  "w2_conv1_hfer0.5": 0.4988474222472851,
  "w2_conv1_hfer0.6": 0.39778192056975614,
  "w2_conv1_hfer0.7": 0.2972523720585373,
  "w2_conv1_hfer0.6_hann": 0.3979922832807788,
  "w2_conv1_msr": 0.12635054060343048,
  "gnorm_w2_conv1": 0.006625765933605112,
  "w2_layer2.0.conv1_hfer0.5": 0.5008962638590759,
  "w2_layer2.0.conv1_hfer0.6": 0.40004065327181565,
  "w2_layer2.0.conv1_hfer0.7": 0.30045507228885704,
  "w2_layer2.0.conv1_hfer0.6_hann": 0.4002222430574925,
  "w2_layer2.0.conv1_msr": 0.1260278707216983,
  "gnorm_w2_layer2.0.conv1": 0.00830187806409691,
  "w2_layer3.0.conv1_hfer0.5": 0.5009375831819185,
  "w2_layer3.0.conv1_hfer0.6": 0.4000405547720582,
  "w2_layer3.0.conv1_hfer0.7": 0.3005370481289468,
  "w2_layer3.0.conv1_hfer0.6_hann": 0.40008118427480693,
  "w2_layer3.0.conv1_msr": 0.12604477559448893,
  "gnorm_w2_layer3.0.conv1": 0.01396790051690419,
  "w2_linear_hfer0.5": 0.4984767392053511,
  "w2_linear_hfer0.6": 0.40008898773515433,
  "w2_linear_hfer0.7": 0.2923459564342895,
  "w2_linear_hfer0.6_hann": 0.3989952921177543,
  "w2_linear_msr": 0.12649296824424175,
  "gnorm_w2_linear": 0.0042125753600854654,
  "shfer_w0_all": 0.39586757893700264,
  "shfer_w0_stem": 0.38770034257553926,
  "shfer_w0_layer1": 0.3955659519980934,
  "shfer_w0_layer2": 0.3994570352665819,
  "shfer_w0_layer3": 0.39647942911716155,
  "shfer_w0_layer4": 0.39715536608324553,
  "shfer_w0_head": 0.3851847584689023,
  "shfer_w1_all": 0.4008557141444292,
  "shfer_w1_stem": 0.4015083147169402,
  "shfer_w1_layer1": 0.39618612972093303,
  "shfer_w1_layer2": 0.39885356814586254,
  "shfer_w1_layer3": 0.3998518260567961,
  "shfer_w1_layer4": 0.40040529182931556,
  "shfer_w1_head": 0.39154921616202876,
  "shfer_w2_all": 0.40050633699044424,
  "shfer_w2_stem": 0.3968482941340334,
  "shfer_w2_layer1": 0.400696272815552,
  "shfer_w2_layer2": 0.4005313491905047,
  "shfer_w2_layer3": 0.4008113175501564,
  "shfer_w2_layer4": 0.4005631256160066,
  "shfer_w2_head": 0.401204542228036
}