{
  "diverged": false,
  "n_steps": 10000,
  "spikes": 1185,
  "train_loss_tail": 0.006094148100644816,
  "val_loss": 1.0363628295898437,
  "val_acc": 0.832,
  "lam_tail": 1.1224771738052368,
  "chi_tail": 0.03591926956176761,
  "sharpness_threshold": 124.37499999999989,
  "secs": 819.0,
  "hfer_w1_mid": 0.39339916006770587,
  "raw_paths": "",
  "w0_conv1_hfer0.5": 0.4556806803938208,
  "w0_conv1_hfer0.6": 0.3675600505873991,
  "w0_conv1_hfer0.7": 0.2742478024565404,
  "w0_conv1_hfer0.6_hann": 0.36736085184769524,
  "w0_conv1_msr": 0.30399591323257114,
  "gnorm_w0_conv1": 0.06144366306254564,
  "w0_layer2.0.conv1_hfer0.5": 0.4852313406812156,
  "w0_layer2.0.conv1_hfer0.6": 0.3888364670103988,
  "w0_layer2.0.conv1_hfer0.7": 0.2923236863415765,
  "w0_layer2.0.conv1_hfer0.6_hann": 0.3888283817102744,
  "w0_layer2.0.conv1_msr": 0.30751520994058645,
  "gnorm_w0_layer2.0.conv1": 0.06374493933319295,
  "w0_layer3.0.conv1_hfer0.5": 0.4919206456582393,
  "w0_layer3.0.conv1_hfer0.6": 0.39339916006770587,
  "w0_layer3.0.conv1_hfer0.7": 0.2955208858765566,
  "w0_layer3.0.conv1_hfer0.6_hann": 0.3942395093791998,
  "w0_layer3.0.conv1_msr": 0.305719118779707,
  "gnorm_w0_layer3.0.conv1": 0.12045497967875486,
  "w0_linear_hfer0.5": 0.40991777883644753,
  "w0_linear_hfer0.6": 0.3278878833264011,
  "w0_linear_hfer0.7": 0.24519788930246184,
  "w0_linear_hfer0.6_hann": 0.3417271312091129,
  "w0_linear_msr": 0.30693554004615387,
  "gnorm_w0_linear": 0.07454797588357846
}