{
  "diverged": false,
  "n_steps": 10000,
  "spikes": 1349,
  "train_loss_tail": 0.0001764583653966838,
  "val_loss": 0.9222162475585938,
  "val_acc": 0.8419,
  "lam_tail": 0.7982158660888672,
  "chi_tail": 0.07982158660888672,
  "sharpness_threshold": 30.0,
  "secs": 1220.6,
  "hfer_w1_mid": 0.3998823662782335,
  "raw_paths": "",
  "w0_conv1_hfer0.5": 0.49632287942303766,
  "w0_conv1_hfer0.6": 0.3909817432859532,
  "w0_conv1_hfer0.7": 0.29367770779912417,
  "w0_conv1_hfer0.6_hann": 0.3974172504865877,
  "w0_conv1_msr": 0.12613652119054894,
  "gnorm_w0_conv1": 0.4211122344621147,
  "w0_layer2.0.conv1_hfer0.5": 0.49905969886070334,
  "w0_layer2.0.conv1_hfer0.6": 0.39678358935530494,
  "w0_layer2.0.conv1_hfer0.7": 0.2968599078945158,
  "w0_layer2.0.conv1_hfer0.6_hann": 0.3968141328300012,
  "w0_layer2.0.conv1_msr": 0.12616151741751008,
  "gnorm_w0_layer2.0.conv1": 0.32891197765823016,
  "w0_layer3.0.conv1_hfer0.5": 0.49915219345722145,
  "w0_layer3.0.conv1_hfer0.6": 0.39712684618013444,
  "w0_layer3.0.conv1_hfer0.7": 0.2978218553324951,
  "w0_layer3.0.conv1_hfer0.6_hann": 0.3976203698183523,
  "w0_layer3.0.conv1_msr": 0.1261416992465163,
  "gnorm_w0_layer3.0.conv1": 0.6308765376257393,
  "w0_linear_hfer0.5": 0.5049970081257961,
  "w0_linear_hfer0.6": 0.3874000499689662,
  "w0_linear_hfer0.7": 0.2874507111626266,
  "w0_linear_hfer0.6_hann": 0.3836634083315597,
  "w0_linear_msr": 0.1265196843402834,
  "gnorm_w0_linear": 0.5347095710579084,
  "w1_conv1_hfer0.5": 0.49946375834559914,
  "w1_conv1_hfer0.6": 0.39839283008418624,
  "w1_conv1_hfer0.7": 0.29884520237956425,
  "w1_conv1_hfer0.6_hann": 0.39616031499747995,
  "w1_conv1_msr": 0.12612860356722588,
  "gnorm_w1_conv1": 0.20927038391691005,
  "w1_layer2.0.conv1_hfer0.5": 0.4998072150856255,
  "w1_layer2.0.conv1_hfer0.6": 0.3989714936116274,
  "w1_layer2.0.conv1_hfer0.7": 0.29953181077722324,
  "w1_layer2.0.conv1_hfer0.6_hann": 0.39955170336552304,
  "w1_layer2.0.conv1_msr": 0.12619904843927096,
  "gnorm_w1_layer2.0.conv1": 0.1827835675255253,
  "w1_layer3.0.conv1_hfer0.5": 0.5001345033377433,
  "w1_layer3.0.conv1_hfer0.6": 0.3998823662782335,
  "w1_layer3.0.conv1_hfer0.7": 0.30034896103684444,
  "w1_layer3.0.conv1_hfer0.6_hann": 0.39960407747762217,
  "w1_layer3.0.conv1_msr": 0.1261946389291714,
  "gnorm_w1_layer3.0.conv1": 0.38640233567170573,
  "w1_linear_hfer0.5": 0.49885000645036476,
  "w1_linear_hfer0.6": 0.3994570049053874,
  "w1_linear_hfer0.7": 0.30280376433930783,
  "w1_linear_hfer0.6_hann": 0.38430755398379357,
  "w1_linear_msr": 0.12605956780610414,
  "gnorm_w1_linear": 0.17902483014771797,
  "w2_conv1_hfer0.5": 0.49965499459564555,
  "w2_conv1_hfer0.6": 0.40217989446548047,
  "w2_conv1_hfer0.7": 0.3024888709389126,
  "w2_conv1_hfer0.6_hann": 0.39627250517871215,
  "w2_conv1_msr": 0.12592431779244723,
  "gnorm_w2_conv1": 0.057795006906046636,
  "w2_layer2.0.conv1_hfer0.5": 0.5005233504720511,
  "w2_layer2.0.conv1_hfer0.6": 0.40008278035618466,
  "w2_layer2.0.conv1_hfer0.7": 0.29992343071988903,
  "w2_layer2.0.conv1_hfer0.6_hann": 0.3998949291144511,
  "w2_layer2.0.conv1_msr": 0.12607692560212047,
  "gnorm_w2_layer2.0.conv1": 0.05247487954489085,
  "w2_layer3.0.conv1_hfer0.5": 0.5007915813635851,
  "w2_layer3.0.conv1_hfer0.6": 0.4005836349851971,
  "w2_layer3.0.conv1_hfer0.7": 0.30042589570421957,
  "w2_layer3.0.conv1_hfer0.6_hann": 0.4009954086524389,
  "w2_layer3.0.conv1_msr": 0.1261186922540251,
  "gnorm_w2_layer3.0.conv1": 0.10966867123996583,
  "w2_linear_hfer0.5": 0.48998025233695336,
  "w2_linear_hfer0.6": 0.3908437977372633,
  "w2_linear_hfer0.7": 0.2870832241369194,
  "w2_linear_hfer0.6_hann": 0.393285331051946,
  "w2_linear_msr": 0.12679327128743162,
  "gnorm_w2_linear": 0.04074593010759354,
  "shfer_w0_all": 0.39627154640206597,
  "shfer_w0_stem": 0.39110062513772903,
  "shfer_w0_layer1": 0.39604447215709143,
  "shfer_w0_layer2": 0.394222641963771,
  "shfer_w0_layer3": 0.3952262570883351,
  "shfer_w0_layer4": 0.39819839983801536,
  "shfer_w0_head": 0.3887384879997161,
  "shfer_w1_all": 0.4015903767367586,
  "shfer_w1_stem": 0.39625106761049556,
  "shfer_w1_layer1": 0.3975627543378353,
  "shfer_w1_layer2": 0.3988785965815719,
  "shfer_w1_layer3": 0.39955211865182605,
  "shfer_w1_layer4": 0.40108618070487173,
  "shfer_w1_head": 0.4020016277886342,
  "shfer_w2_all": 0.40139059187638765,
  "shfer_w2_stem": 0.40237948046735755,
  "shfer_w2_layer1": 0.39692437625809446,
  "shfer_w2_layer2": 0.40116419633645767,
  "shfer_w2_layer3": 0.400793189600042,
  "shfer_w2_layer4": 0.4005458374798291,
  "shfer_w2_head": 0.3912006744723053
}