{
  "diverged": false,
  "n_steps": 10000,
  "spikes": 691,
  "train_loss_tail": 0.0166456328232307,
  "val_loss": 1.143143603515625,
  "val_acc": 0.8019,
  "lam_tail": 1.2605552673339844,
  "chi_tail": 0.20168884277343768,
  "sharpness_threshold": 24.374999999999975,
  "secs": 822.5,
  "hfer_w1_mid": 0.39118563799780415,
  "raw_paths": "",
  "w0_conv1_hfer0.5": 0.4197161107088749,
  "w0_conv1_hfer0.6": 0.33272174757032913,
  "w0_conv1_hfer0.7": 0.24651919552974097,
  "w0_conv1_hfer0.6_hann": 0.33125522151604586,
  "w0_conv1_msr": 0.3065436891713708,
  "gnorm_w0_conv1": 0.09144569849596132,
  "w0_layer2.0.conv1_hfer0.5": 0.47946556264814966,
  "w0_layer2.0.conv1_hfer0.6": 0.3832731620238589,
  "w0_layer2.0.conv1_hfer0.7": 0.28776205440193525,
  "w0_layer2.0.conv1_hfer0.6_hann": 0.38346533328678123,
  "w0_layer2.0.conv1_msr": 0.30647595741723277,
  "gnorm_w0_layer2.0.conv1": 0.06912211036832357,
  "w0_layer3.0.conv1_hfer0.5": 0.4896999869033029,
  "w0_layer3.0.conv1_hfer0.6": 0.39118563799780415,
  "w0_layer3.0.conv1_hfer0.7": 0.2938769032862881,
  "w0_layer3.0.conv1_hfer0.6_hann": 0.3923408331247939,
  "w0_layer3.0.conv1_msr": 0.3064101229543511,
  "gnorm_w0_layer3.0.conv1": 0.17501533436848662,
  "w0_linear_hfer0.5": 0.40754927620863834,
  "w0_linear_hfer0.6": 0.32596493740635346,
  "w0_linear_hfer0.7": 0.2421087388540123,
  "w0_linear_hfer0.6_hann": 0.3301197977189998,
  "w0_linear_msr": 0.3071106265334884,
  "gnorm_w0_linear": 0.09830110928876673
}