{
  "diverged": false,
  "n_steps": 10000,
  "spikes": 1404,
  "train_loss_tail": 0.0009426299796905369,
  "val_loss": 0.9691171997070313,
  "val_acc": 0.8312,
  "lam_tail": 0.8113303184509277,
  "chi_tail": 0.16226606369018556,
  "sharpness_threshold": 10.0,
  "secs": 1210.2,
  "hfer_w1_mid": 0.40500024102394044,
  "raw_paths": "",
  "w0_conv1_hfer0.5": 0.5915776808452504,
  "w0_conv1_hfer0.6": 0.4808766230558002,
  "w0_conv1_hfer0.7": 0.36431051630025635,
  "w0_conv1_hfer0.6_hann": 0.4656445650111847,
  "w0_conv1_msr": 1.0,
  "gnorm_w0_conv1": 0.428945927881463,
  "w0_layer2.0.conv1_hfer0.5": 0.533676402828939,
  "w0_layer2.0.conv1_hfer0.6": 0.42913066527389265,
  "w0_layer2.0.conv1_hfer0.7": 0.3235968423635047,
  "w0_layer2.0.conv1_hfer0.6_hann": 0.4262203144641923,
  "w0_layer2.0.conv1_msr": 1.0,
  "gnorm_w0_layer2.0.conv1": 0.3429445324550067,
  "w0_layer3.0.conv1_hfer0.5": 0.5243142120185236,
  "w0_layer3.0.conv1_hfer0.6": 0.42057656859790443,
  "w0_layer3.0.conv1_hfer0.7": 0.316777550717847,
  "w0_layer3.0.conv1_hfer0.6_hann": 0.419032110038816,
  "w0_layer3.0.conv1_msr": 1.0,
  "gnorm_w0_layer3.0.conv1": 0.6576692531433572,
  "w0_linear_hfer0.5": 0.7011997087833608,
  "w0_linear_hfer0.6": 0.5831839821443139,
  "w0_linear_hfer0.7": 0.45248128159191503,
  "w0_linear_hfer0.6_hann": 0.5630062244088524,
  "w0_linear_msr": 1.0,
  "gnorm_w0_linear": 0.47670553908855295,
  "w1_conv1_hfer0.5": 0.5227816637624154,
  "w1_conv1_hfer0.6": 0.4145798669958974,
  "w1_conv1_hfer0.7": 0.309558139755086,
  "w1_conv1_hfer0.6_hann": 0.4129085664966268,
  "w1_conv1_msr": 1.0,
  "gnorm_w1_conv1": 0.2141854271690023,
  "w1_layer2.0.conv1_hfer0.5": 0.5087900176884533,
  "w1_layer2.0.conv1_hfer0.6": 0.4068083311411836,
  "w1_layer2.0.conv1_hfer0.7": 0.3055953451180542,
  "w1_layer2.0.conv1_hfer0.6_hann": 0.40612970844503793,
  "w1_layer2.0.conv1_msr": 1.0,
  "gnorm_w1_layer2.0.conv1": 0.19694056115900635,
  "w1_layer3.0.conv1_hfer0.5": 0.5062613073182335,
  "w1_layer3.0.conv1_hfer0.6": 0.40500024102394044,
  "w1_layer3.0.conv1_hfer0.7": 0.30419401401184276,
  "w1_layer3.0.conv1_hfer0.6_hann": 0.40469807509546313,
  "w1_layer3.0.conv1_msr": 1.0,
  "gnorm_w1_layer3.0.conv1": 0.4126143364966824,
  "w1_linear_hfer0.5": 0.5616642860944413,
  "w1_linear_hfer0.6": 0.4564114377181168,
  "w1_linear_hfer0.7": 0.3374725601844987,
  "w1_linear_hfer0.6_hann": 0.44295671524351576,
  "w1_linear_msr": 1.0,
  "gnorm_w1_linear": 0.16572532169351628,
  "w2_conv1_hfer0.5": 0.5087191190381398,
  "w2_conv1_hfer0.6": 0.40807020281797424,
  "w2_conv1_hfer0.7": 0.3080228632186648,
  "w2_conv1_hfer0.6_hann": 0.4062396023738799,
  "w2_conv1_msr": 1.0,
  "gnorm_w2_conv1": 0.08207430341889138,
  "w2_layer2.0.conv1_hfer0.5": 0.5024907963484361,
  "w2_layer2.0.conv1_hfer0.6": 0.40266273177315914,
  "w2_layer2.0.conv1_hfer0.7": 0.30293397445936304,
  "w2_layer2.0.conv1_hfer0.6_hann": 0.4017808722233762,
  "w2_layer2.0.conv1_msr": 1.0,
  "gnorm_w2_layer2.0.conv1": 0.07887329377958045,
  "w2_layer3.0.conv1_hfer0.5": 0.5023802157368359,
  "w2_layer3.0.conv1_hfer0.6": 0.4020043095215469,
  "w2_layer3.0.conv1_hfer0.7": 0.30220482492536904,
  "w2_layer3.0.conv1_hfer0.6_hann": 0.40171113749344556,
  "w2_layer3.0.conv1_msr": 1.0,
  "gnorm_w2_layer3.0.conv1": 0.16669216595183417,
  "w2_linear_hfer0.5": 0.5207264267056196,
  "w2_linear_hfer0.6": 0.4197812950926235,
  "w2_linear_hfer0.7": 0.32017809091985067,
  "w2_linear_hfer0.6_hann": 0.41700159765765976,
  "w2_linear_msr": 1.0,
  "gnorm_w2_linear": 0.0528137458995042,
  "shfer_w0_all": 0.433504037330045,
  "shfer_w0_stem": 0.4790502224734899,
  "shfer_w0_layer1": 0.44608245189769535,
  "shfer_w0_layer2": 0.428621855925958,
  "shfer_w0_layer3": 0.41915261689091293,
  "shfer_w0_layer4": 0.42299712280641544,
  "shfer_w0_head": 0.5811647054819351,
  "shfer_w1_all": 0.4066076981097276,
  "shfer_w1_stem": 0.41413602710640257,
  "shfer_w1_layer1": 0.41032292881264965,
  "shfer_w1_layer2": 0.40880173140662157,
  "shfer_w1_layer3": 0.4062071988539735,
  "shfer_w1_layer4": 0.4058344046024011,
  "shfer_w1_head": 0.4536661724185698,
  "shfer_w2_all": 0.40556345495517,
  "shfer_w2_stem": 0.4081446084300985,
  "shfer_w2_layer1": 0.40518155535217687,
  "shfer_w2_layer2": 0.4022929734957957,
  "shfer_w2_layer3": 0.4016263172500121,
  "shfer_w2_layer4": 0.40480096422486633,
  "shfer_w2_head": 0.4185968381139657
}