{
  "diverged": false,
  "n_steps": 10000,
  "spikes": 1077,
  "train_loss_tail": 0.00013175192698690807,
  "val_loss": 0.901109228515625,
  "val_acc": 0.8211,
  "lam_tail": 0.6698616147041321,
  "chi_tail": 0.0016746540367603318,
  "sharpness_threshold": 1559.9999999999984,
  "secs": 1241.9,
  "hfer_w1_mid": 0.39812236017432706,
  "raw_paths": "",
  "w0_conv1_hfer0.5": 0.4503902267778105,
  "w0_conv1_hfer0.6": 0.36023807392632734,
  "w0_conv1_hfer0.7": 0.2735956205701488,
  "w0_conv1_hfer0.6_hann": 0.3683928479783109,
  "w0_conv1_msr": 0.0007664985400478256,
  "gnorm_w0_conv1": 0.6974922089409936,
  "w0_layer2.0.conv1_hfer0.5": 0.48286852806952735,
  "w0_layer2.0.conv1_hfer0.6": 0.3862977973506909,
  "w0_layer2.0.conv1_hfer0.7": 0.290268205058616,
  "w0_layer2.0.conv1_hfer0.6_hann": 0.3875097981417991,
  "w0_layer2.0.conv1_msr": 0.0007673954164206648,
  "gnorm_w0_layer2.0.conv1": 0.7841645540484447,
  "w0_layer3.0.conv1_hfer0.5": 0.4891890754983023,
  "w0_layer3.0.conv1_hfer0.6": 0.39093921385362185,
  "w0_layer3.0.conv1_hfer0.7": 0.2937589439360154,
  "w0_layer3.0.conv1_hfer0.6_hann": 0.3922075598218168,
  "w0_layer3.0.conv1_msr": 0.0007659482599850324,
  "gnorm_w0_layer3.0.conv1": 1.2979294178504612,
  "w0_linear_hfer0.5": 0.4064691650679207,
  "w0_linear_hfer0.6": 0.3243711837034142,
  "w0_linear_hfer0.7": 0.24464843528569397,
  "w0_linear_hfer0.6_hann": 0.3348990519056497,
  "w0_linear_msr": 0.0007687614199976715,
  "gnorm_w0_linear": 0.6896488467439702,
  "w1_conv1_hfer0.5": 0.49122797144209573,
  "w1_conv1_hfer0.6": 0.3920952041324068,
  "w1_conv1_hfer0.7": 0.29625417094676026,
  "w1_conv1_hfer0.6_hann": 0.3903838164993007,
  "w1_conv1_msr": 0.0007668960184487598,
  "gnorm_w1_conv1": 0.2489749506925934,
  "w1_layer2.0.conv1_hfer0.5": 0.4955826095169685,
  "w1_layer2.0.conv1_hfer0.6": 0.39588356093759497,
  "w1_layer2.0.conv1_hfer0.7": 0.2973657892210011,
  "w1_layer2.0.conv1_hfer0.6_hann": 0.3959482236732915,
  "w1_layer2.0.conv1_msr": 0.0007675024121868598,
  "gnorm_w1_layer2.0.conv1": 0.29283374212993657,
  "w1_layer3.0.conv1_hfer0.5": 0.4980795416624589,
  "w1_layer3.0.conv1_hfer0.6": 0.39812236017432706,
  "w1_layer3.0.conv1_hfer0.7": 0.2992036178523277,
  "w1_layer3.0.conv1_hfer0.6_hann": 0.3979173386592817,
  "w1_layer3.0.conv1_msr": 0.0007666218389156454,
  "gnorm_w1_layer3.0.conv1": 0.5311125821383433,
  "w1_linear_hfer0.5": 0.48273986712142186,
  "w1_linear_hfer0.6": 0.39060909330220756,
  "w1_linear_hfer0.7": 0.29336637227951484,
  "w1_linear_hfer0.6_hann": 0.38091160881890235,
  "w1_linear_msr": 0.0007634237944811437,
  "gnorm_w1_linear": 0.14652965757862427,
  "w2_conv1_hfer0.5": 0.49948790644443075,
  "w2_conv1_hfer0.6": 0.3968793106007666,
  "w2_conv1_hfer0.7": 0.29769094428023485,
  "w2_conv1_hfer0.6_hann": 0.4032201424696264,
  "w2_conv1_msr": 0.0007905301376611167,
  "gnorm_w2_conv1": 0.006587931657496025,
  "w2_layer2.0.conv1_hfer0.5": 0.5007165592899804,
  "w2_layer2.0.conv1_hfer0.6": 0.40042259647120554,
  "w2_layer2.0.conv1_hfer0.7": 0.3000666260568033,
  "w2_layer2.0.conv1_hfer0.6_hann": 0.4010330446509204,
  "w2_layer2.0.conv1_msr": 0.0007990361921433699,
  "gnorm_w2_layer2.0.conv1": 0.008065697299711141,
  "w2_layer3.0.conv1_hfer0.5": 0.5009548921473786,
  "w2_layer3.0.conv1_hfer0.6": 0.4002856302635994,
  "w2_layer3.0.conv1_hfer0.7": 0.30035121931557357,
  "w2_layer3.0.conv1_hfer0.6_hann": 0.4005602390194078,
  "w2_layer3.0.conv1_msr": 0.0007981428040486707,
  "gnorm_w2_layer3.0.conv1": 0.014727562601632042,
  "w2_linear_hfer0.5": 0.5018896070843694,
  "w2_linear_hfer0.6": 0.3983772174069317,
  "w2_linear_hfer0.7": 0.30311107921549585,
  "w2_linear_hfer0.6_hann": 0.4003251310051369,
  "w2_linear_msr": 0.0007779372347469264,
  "gnorm_w2_linear": 0.003989498793603621,
  "shfer_w0_all": 0.3854265630666052,
  "shfer_w0_stem": 0.35959196711253816,
  "shfer_w0_layer1": 0.37835340357616964,
  "shfer_w0_layer2": 0.3840460163143245,
  "shfer_w0_layer3": 0.3901473297553478,
  "shfer_w0_layer4": 0.38263356758361416,
  "shfer_w0_head": 0.3240065775587814,
  "shfer_w1_all": 0.3943970715101434,
  "shfer_w1_stem": 0.39247639338249585,
  "shfer_w1_layer1": 0.3957325189684159,
  "shfer_w1_layer2": 0.3965263205345202,
  "shfer_w1_layer3": 0.396848906864995,
  "shfer_w1_layer4": 0.39661756401180337,
  "shfer_w1_head": 0.39148135530029404,
  "shfer_w2_all": 0.401276668384184,
  "shfer_w2_stem": 0.3952436920248516,
  "shfer_w2_layer1": 0.3989587341443612,
  "shfer_w2_layer2": 0.3995108147220715,
  "shfer_w2_layer3": 0.40136272903481124,
  "shfer_w2_layer4": 0.4018317963989298,
  "shfer_w2_head": 0.39714851446700633
}