{
  "diverged": false,
  "n_steps": 10000,
  "spikes": 459,
  "train_loss_tail": 0.0015150851170765236,
  "val_loss": 2.3125990966796874,
  "val_acc": 0.5637,
  "lam_tail": 0.4989222288131714,
  "chi_tail": 0.0009978444576263436,
  "sharpness_threshold": 1989.9999999999982,
  "secs": 1257.4,
  "hfer_w1_mid": 0.3946034218117766,
  "raw_paths": "",
  "w0_conv1_hfer0.5": 0.3724832845141909,
  "w0_conv1_hfer0.6": 0.2984046223024102,
  "w0_conv1_hfer0.7": 0.2241471619356863,
  "w0_conv1_hfer0.6_hann": 0.3028724372977276,
  "w0_conv1_msr": 3.0307560060570074e-05,
  "gnorm_w0_conv1": 0.6764744560601077,
  "w0_layer2.0.conv1_hfer0.5": 0.4493783791007966,
  "w0_layer2.0.conv1_hfer0.6": 0.3597222300970316,
  "w0_layer2.0.conv1_hfer0.7": 0.2700552073656781,
  "w0_layer2.0.conv1_hfer0.6_hann": 0.36043985304478965,
  "w0_layer2.0.conv1_msr": 3.0497680925800536e-05,
  "gnorm_w0_layer2.0.conv1": 0.45616889458567217,
  "w0_layer3.0.conv1_hfer0.5": 0.4698967967787654,
  "w0_layer3.0.conv1_hfer0.6": 0.37534409019046805,
  "w0_layer3.0.conv1_hfer0.7": 0.2817175669323562,
  "w0_layer3.0.conv1_hfer0.6_hann": 0.3754945722347813,
  "w0_layer3.0.conv1_msr": 3.059756989690243e-05,
  "gnorm_w0_layer3.0.conv1": 0.7728542379893281,
  "w0_linear_hfer0.5": 0.43062952657845516,
  "w0_linear_hfer0.6": 0.3439356368162329,
  "w0_linear_hfer0.7": 0.2588577168038017,
  "w0_linear_hfer0.6_hann": 0.34451315465766436,
  "w0_linear_msr": 3.0471706667035222e-05,
  "gnorm_w0_linear": 1.4279635591966204,
  "w1_conv1_hfer0.5": 0.46503238405262026,
  "w1_conv1_hfer0.6": 0.37287427625596015,
  "w1_conv1_hfer0.7": 0.28023920829478355,
  "w1_conv1_hfer0.6_hann": 0.3765806393869091,
  "w1_conv1_msr": 3.074749340792413e-05,
  "gnorm_w1_conv1": 0.2289810387040502,
  "w1_layer2.0.conv1_hfer0.5": 0.48780515333112195,
  "w1_layer2.0.conv1_hfer0.6": 0.3903734836322771,
  "w1_layer2.0.conv1_hfer0.7": 0.2930916525991578,
  "w1_layer2.0.conv1_hfer0.6_hann": 0.39136602928332365,
  "w1_layer2.0.conv1_msr": 3.10082307078383e-05,
  "gnorm_w1_layer2.0.conv1": 0.20432710856722977,
  "w1_layer3.0.conv1_hfer0.5": 0.49363635078381535,
  "w1_layer3.0.conv1_hfer0.6": 0.3946034218117766,
  "w1_layer3.0.conv1_hfer0.7": 0.2963626682557047,
  "w1_layer3.0.conv1_hfer0.6_hann": 0.395751640877017,
  "w1_layer3.0.conv1_msr": 3.0911668805117274e-05,
  "gnorm_w1_layer3.0.conv1": 0.4274766019718942,
  "w1_linear_hfer0.5": 0.4689601768135925,
  "w1_linear_hfer0.6": 0.3742923695585517,
  "w1_linear_hfer0.7": 0.28125186475204306,
  "w1_linear_hfer0.6_hann": 0.37966654791253335,
  "w1_linear_msr": 3.0717000167583745e-05,
  "gnorm_w1_linear": 0.40057881546631574,
  "w2_conv1_hfer0.5": 0.497287779636954,
  "w2_conv1_hfer0.6": 0.39988444361997316,
  "w2_conv1_hfer0.7": 0.3007983871169572,
  "w2_conv1_hfer0.6_hann": 0.39920680092664657,
  "w2_conv1_msr": 3.0466755231645203e-05,
  "gnorm_w2_conv1": 0.021096626706750724,
  "w2_layer2.0.conv1_hfer0.5": 0.4990697951836575,
  "w2_layer2.0.conv1_hfer0.6": 0.40033554525882287,
  "w2_layer2.0.conv1_hfer0.7": 0.30138150715043477,
  "w2_layer2.0.conv1_hfer0.6_hann": 0.3997347446597138,
  "w2_layer2.0.conv1_msr": 3.06394240813406e-05,
  "gnorm_w2_layer2.0.conv1": 0.019018249133398935,
  "w2_layer3.0.conv1_hfer0.5": 0.4998304660833467,
  "w2_layer3.0.conv1_hfer0.6": 0.40059085056602817,
  "w2_layer3.0.conv1_hfer0.7": 0.30201050772708604,
  "w2_layer3.0.conv1_hfer0.6_hann": 0.3995576896981318,
  "w2_layer3.0.conv1_msr": 3.059256161243071e-05,
  "gnorm_w2_layer3.0.conv1": 0.03971325833728284,
  "w2_linear_hfer0.5": 0.49785155473143283,
  "w2_linear_hfer0.6": 0.4019686879930474,
  "w2_linear_hfer0.7": 0.30037456131362467,
  "w2_linear_hfer0.6_hann": 0.4025462542743839,
  "w2_linear_msr": 3.0307440902797317e-05,
  "gnorm_w2_linear": 0.04974839810796856,
  "shfer_w0_all": 0.37036110666165856,
  "shfer_w0_stem": 0.3010811123022002,
  "shfer_w0_layer1": 0.3411969185425383,
  "shfer_w0_layer2": 0.36364260576922314,
  "shfer_w0_layer3": 0.37698273362801243,
  "shfer_w0_layer4": 0.37990674974252264,
  "shfer_w0_head": 0.34523558630402473,
  "shfer_w1_all": 0.3921561548712718,
  "shfer_w1_stem": 0.37371118595549524,
  "shfer_w1_layer1": 0.3836256007399267,
  "shfer_w1_layer2": 0.39255286452614274,
  "shfer_w1_layer3": 0.3990008111728746,
  "shfer_w1_layer4": 0.39248841046230165,
  "shfer_w1_head": 0.3733014571600424,
  "shfer_w2_all": 0.4013965456253629,
  "shfer_w2_stem": 0.40054195068728227,
  "shfer_w2_layer1": 0.40277098400307476,
  "shfer_w2_layer2": 0.3995283477226643,
  "shfer_w2_layer3": 0.40082256618852924,
  "shfer_w2_layer4": 0.40044404200577793,
  "shfer_w2_head": 0.4045588898055444
}