{
  "diverged": false,
  "n_steps": 10000,
  "spikes": 200,
  "train_loss_tail": 0.05486297205649316,
  "val_loss": 0.8817985473632812,
  "val_acc": 0.7928,
  "lam_tail": 3.1433796882629395,
  "chi_tail": 2.5147037506103516,
  "sharpness_threshold": 2.5,
  "secs": 1220.3,
  "hfer_w1_mid": 0.5507906485395021,
  "raw_paths": "",
  "w0_conv1_hfer0.5": 0.6834833157300462,
  "w0_conv1_hfer0.6": 0.5821773895328943,
  "w0_conv1_hfer0.7": 0.4675343593349093,
  "w0_conv1_hfer0.6_hann": 0.5818939636481076,
  "w0_conv1_msr": 1.0,
  "gnorm_w0_conv1": 0.28727699436961784,
  "w0_layer2.0.conv1_hfer0.5": 0.7201190232708532,
  "w0_layer2.0.conv1_hfer0.6": 0.6326183762669754,
  "w0_layer2.0.conv1_hfer0.7": 0.5226198503157756,
  "w0_layer2.0.conv1_hfer0.6_hann": 0.6283432092096493,
  "w0_layer2.0.conv1_msr": 1.0,
  "gnorm_w0_layer2.0.conv1": 0.1597925824967735,
  "w0_layer3.0.conv1_hfer0.5": 0.7632586093732525,
  "w0_layer3.0.conv1_hfer0.6": 0.6807158751827027,
  "w0_layer3.0.conv1_hfer0.7": 0.5696955870427302,
  "w0_layer3.0.conv1_hfer0.6_hann": 0.6853171451454635,
  "w0_layer3.0.conv1_msr": 1.0,
  "gnorm_w0_layer3.0.conv1": 0.10118169311313192,
  "w0_linear_hfer0.5": 0.7621181039189779,
  "w0_linear_hfer0.6": 0.6738156425497579,
  "w0_linear_hfer0.7": 0.5545397492437527,
  "w0_linear_hfer0.6_hann": 0.6735420605913759,
  "w0_linear_msr": 1.0,
  "gnorm_w0_linear": 0.21240119123999573,
  "w1_conv1_hfer0.5": 0.6375224021399792,
  "w1_conv1_hfer0.6": 0.5321073962613752,
  "w1_conv1_hfer0.7": 0.419073290306673,
  "w1_conv1_hfer0.6_hann": 0.5281813298446655,
  "w1_conv1_msr": 1.0,
  "gnorm_w1_conv1": 0.2566156604491146,
  "w1_layer2.0.conv1_hfer0.5": 0.6470101116765075,
  "w1_layer2.0.conv1_hfer0.6": 0.552953577101316,
  "w1_layer2.0.conv1_hfer0.7": 0.4461740517516418,
  "w1_layer2.0.conv1_hfer0.6_hann": 0.5520505937614171,
  "w1_layer2.0.conv1_msr": 1.0,
  "gnorm_w1_layer2.0.conv1": 0.2289639617647364,
  "w1_layer3.0.conv1_hfer0.5": 0.6458327945982688,
  "w1_layer3.0.conv1_hfer0.6": 0.5507906485395021,
  "w1_layer3.0.conv1_hfer0.7": 0.44041553193217786,
  "w1_layer3.0.conv1_hfer0.6_hann": 0.5496665153144543,
  "w1_layer3.0.conv1_msr": 1.0,
  "gnorm_w1_layer3.0.conv1": 0.16636270721287685,
  "w1_linear_hfer0.5": 0.8095761957765512,
  "w1_linear_hfer0.6": 0.7291032375205752,
  "w1_linear_hfer0.7": 0.6165585507311283,
  "w1_linear_hfer0.6_hann": 0.7278401968061279,
  "w1_linear_msr": 1.0,
  "gnorm_w1_linear": 0.19089905038367114,
  "w2_conv1_hfer0.5": 0.5834423557168439,
  "w2_conv1_hfer0.6": 0.4751330840833168,
  "w2_conv1_hfer0.7": 0.3652877645273949,
  "w2_conv1_hfer0.6_hann": 0.4792391253935571,
  "w2_conv1_msr": 1.0,
  "gnorm_w2_conv1": 0.19121970891565346,
  "w2_layer2.0.conv1_hfer0.5": 0.5716352573992808,
  "w2_layer2.0.conv1_hfer0.6": 0.46903083565621045,
  "w2_layer2.0.conv1_hfer0.7": 0.36249862599892496,
  "w2_layer2.0.conv1_hfer0.6_hann": 0.4667748476833188,
  "w2_layer2.0.conv1_msr": 1.0,
  "gnorm_w2_layer2.0.conv1": 0.21504723515099808,
  "w2_layer3.0.conv1_hfer0.5": 0.5599257574675096,
  "w2_layer3.0.conv1_hfer0.6": 0.4586439348560202,
  "w2_layer3.0.conv1_hfer0.7": 0.35368762338929965,
  "w2_layer3.0.conv1_hfer0.6_hann": 0.4575254961570324,
  "w2_layer3.0.conv1_msr": 1.0,
  "gnorm_w2_layer3.0.conv1": 0.20044719379588166,
  "w2_linear_hfer0.5": 0.6554213674751324,
  "w2_linear_hfer0.6": 0.5623850233890572,
  "w2_linear_hfer0.7": 0.4509528444406426,
  "w2_linear_hfer0.6_hann": 0.6435027014411513,
  "w2_linear_msr": 1.0,
  "gnorm_w2_linear": 0.2128869766705506,
  "shfer_w0_all": 0.6693484036215197,
  "shfer_w0_stem": 0.6121157575293177,
  "shfer_w0_layer1": 0.6605706594452094,
  "shfer_w0_layer2": 0.6736531496599261,
  "shfer_w0_layer3": 0.7333089180501875,
  "shfer_w0_layer4": 0.6950859160694214,
  "shfer_w0_head": 0.6926655125127608,
  "shfer_w1_all": 0.6034442609789658,
  "shfer_w1_stem": 0.5550309637047586,
  "shfer_w1_layer1": 0.5877967962117765,
  "shfer_w1_layer2": 0.5837184840590799,
  "shfer_w1_layer3": 0.5931332120542558,
  "shfer_w1_layer4": 0.6208767714788408,
  "shfer_w1_head": 0.7420269621470214,
  "shfer_w2_all": 0.5001776645915823,
  "shfer_w2_stem": 0.48665722727863636,
  "shfer_w2_layer1": 0.4983167824288208,
  "shfer_w2_layer2": 0.4837490344571064,
  "shfer_w2_layer3": 0.4766050766291658,
  "shfer_w2_layer4": 0.50846675129953,
  "shfer_w2_head": 0.5901779008762892
}