{
  "diverged": false,
  "n_steps": 10000,
  "spikes": 90,
  "train_loss_tail": 0.05824100083950907,
  "val_loss": 1.135158868408203,
  "val_acc": 0.773,
  "lam_tail": 0.8379088640213013,
  "chi_tail": 0.26813083648681635,
  "sharpness_threshold": 11.875000000000002,
  "secs": 1296.3,
  "hfer_w1_mid": 0.37667167956689007,
  "raw_paths": "",
  "w0_conv1_hfer0.5": 0.33926068756668026,
  "w0_conv1_hfer0.6": 0.26440378278572985,
  "w0_conv1_hfer0.7": 0.19534136389158643,
  "w0_conv1_hfer0.6_hann": 0.2659940281981145,
  "w0_conv1_msr": 0.003216972153690806,
  "gnorm_w0_conv1": 0.14575864860481105,
  "w0_layer2.0.conv1_hfer0.5": 0.41939862379499254,
  "w0_layer2.0.conv1_hfer0.6": 0.3329987317989566,
  "w0_layer2.0.conv1_hfer0.7": 0.24985227978216468,
  "w0_layer2.0.conv1_hfer0.6_hann": 0.3333103600603534,
  "w0_layer2.0.conv1_msr": 0.0032166322970997637,
  "gnorm_w0_layer2.0.conv1": 0.08324162955849704,
  "w0_layer3.0.conv1_hfer0.5": 0.4312624012337138,
  "w0_layer3.0.conv1_hfer0.6": 0.3445558834943607,
  "w0_layer3.0.conv1_hfer0.7": 0.25816293712045335,
  "w0_layer3.0.conv1_hfer0.6_hann": 0.3430871187817253,
  "w0_layer3.0.conv1_msr": 0.0032221574867451093,
  "gnorm_w0_layer3.0.conv1": 0.0926571556824873,
  "w0_linear_hfer0.5": 0.3395580334121419,
  "w0_linear_hfer0.6": 0.26645782371968574,
  "w0_linear_hfer0.7": 0.19769806713262636,
  "w0_linear_hfer0.6_hann": 0.2673315320121694,
  "w0_linear_msr": 0.003222715583084346,
  "gnorm_w0_linear": 0.17456520183631533,
  "w1_conv1_hfer0.5": 0.3641724602383181,
  "w1_conv1_hfer0.6": 0.28993276164655185,
  "w1_conv1_hfer0.7": 0.21504809166073083,
  "w1_conv1_hfer0.6_hann": 0.29329175145971637,
  "w1_conv1_msr": 0.0032199918991753685,
  "gnorm_w1_conv1": 0.13886572983975068,
  "w1_layer2.0.conv1_hfer0.5": 0.46022222597731394,
  "w1_layer2.0.conv1_hfer0.6": 0.3663612692204011,
  "w1_layer2.0.conv1_hfer0.7": 0.273391044060812,
  "w1_layer2.0.conv1_hfer0.6_hann": 0.3691474771897959,
  "w1_layer2.0.conv1_msr": 0.0032146099796181342,
  "gnorm_w1_layer2.0.conv1": 0.0920612931104403,
  "w1_layer3.0.conv1_hfer0.5": 0.47220991484060804,
  "w1_layer3.0.conv1_hfer0.6": 0.37667167956689007,
  "w1_layer3.0.conv1_hfer0.7": 0.2823600567272972,
  "w1_layer3.0.conv1_hfer0.6_hann": 0.37639879920436375,
  "w1_layer3.0.conv1_msr": 0.0032156216340951537,
  "gnorm_w1_layer3.0.conv1": 0.1347919771517956,
  "w1_linear_hfer0.5": 0.38148255137331183,
  "w1_linear_hfer0.6": 0.29997849374203317,
  "w1_linear_hfer0.7": 0.2250315507040149,
  "w1_linear_hfer0.6_hann": 0.3004368021565761,
  "w1_linear_msr": 0.003214659369788129,
  "gnorm_w1_linear": 0.129849212074137,
  "w2_conv1_hfer0.5": 0.41246174119726814,
  "w2_conv1_hfer0.6": 0.3301818853202014,
  "w2_conv1_hfer0.7": 0.25021396807679674,
  "w2_conv1_hfer0.6_hann": 0.3328197706857428,
  "w2_conv1_msr": 0.003195359508142772,
  "gnorm_w2_conv1": 0.09989097716053394,
  "w2_layer2.0.conv1_hfer0.5": 0.4824566957871573,
  "w2_layer2.0.conv1_hfer0.6": 0.3857194044994435,
  "w2_layer2.0.conv1_hfer0.7": 0.2879570958548174,
  "w2_layer2.0.conv1_hfer0.6_hann": 0.3870234191877801,
  "w2_layer2.0.conv1_msr": 0.0032203207335685636,
  "gnorm_w2_layer2.0.conv1": 0.07421536061485194,
  "w2_layer3.0.conv1_hfer0.5": 0.490001775665594,
  "w2_layer3.0.conv1_hfer0.6": 0.39166661991851814,
  "w2_layer3.0.conv1_hfer0.7": 0.2934384272171694,
  "w2_layer3.0.conv1_hfer0.6_hann": 0.3928769002750611,
  "w2_layer3.0.conv1_msr": 0.003218622632068689,
  "gnorm_w2_layer3.0.conv1": 0.12329109218077297,
  "w2_linear_hfer0.5": 0.41160236885434254,
  "w2_linear_hfer0.6": 0.3294053011798504,
  "w2_linear_hfer0.7": 0.24452282089799235,
  "w2_linear_hfer0.6_hann": 0.33378598505054347,
  "w2_linear_msr": 0.0032276501116033566,
  "gnorm_w2_linear": 0.0857715572243825,
  "shfer_w0_all": 0.305514783148039,
  "shfer_w0_stem": 0.27396310825044634,
  "shfer_w0_layer1": 0.3222969635210988,
  "shfer_w0_layer2": 0.336247969599723,
  "shfer_w0_layer3": 0.33851160455820023,
  "shfer_w0_layer4": 0.3085077796022167,
  "shfer_w0_head": 0.2616616076729364,
  "shfer_w1_all": 0.3605164699790703,
  "shfer_w1_stem": 0.29314726976428385,
  "shfer_w1_layer1": 0.3557146499435593,
  "shfer_w1_layer2": 0.37055279472136193,
  "shfer_w1_layer3": 0.37587243804619686,
  "shfer_w1_layer4": 0.3712187176870665,
  "shfer_w1_head": 0.2928651127622925,
  "shfer_w2_all": 0.38497295822707867,
  "shfer_w2_stem": 0.333753266332683,
  "shfer_w2_layer1": 0.37928840170136285,
  "shfer_w2_layer2": 0.38583613393159893,
  "shfer_w2_layer3": 0.39045574852290965,
  "shfer_w2_layer4": 0.38899085059767446,
  "shfer_w2_head": 0.32730952964306675
}