{
  "diverged": false,
  "n_steps": 10000,
  "spikes": 1339,
  "train_loss_tail": 0.005018378229055088,
  "val_loss": 1.003358319091797,
  "val_acc": 0.8334,
  "lam_tail": 21.001583099365234,
  "chi_tail": 0.042003166198730506,
  "sharpness_threshold": 1989.9999999999982,
  "secs": 1199.0,
  "hfer_w1_mid": 0.3950178777828296,
  "raw_paths": "",
  "w0_conv1_hfer0.5": 0.44390354141401367,
  "w0_conv1_hfer0.6": 0.3546136821928548,
  "w0_conv1_hfer0.7": 0.2648942979302502,
  "w0_conv1_hfer0.6_hann": 0.3575779527419476,
  "w0_conv1_msr": 3.071943254127639e-05,
  "gnorm_w0_conv1": 0.42303592961023695,
  "w0_layer2.0.conv1_hfer0.5": 0.46963845553087136,
  "w0_layer2.0.conv1_hfer0.6": 0.37607422763182125,
  "w0_layer2.0.conv1_hfer0.7": 0.2818272639690753,
  "w0_layer2.0.conv1_hfer0.6_hann": 0.3777924565720155,
  "w0_layer2.0.conv1_msr": 3.0596894413469154e-05,
  "gnorm_w0_layer2.0.conv1": 0.36525916364323,
  "w0_layer3.0.conv1_hfer0.5": 0.47633874460288406,
  "w0_layer3.0.conv1_hfer0.6": 0.3807231243654162,
  "w0_layer3.0.conv1_hfer0.7": 0.28596201415784395,
  "w0_layer3.0.conv1_hfer0.6_hann": 0.3817346154711847,
  "w0_layer3.0.conv1_msr": 3.0619989917908766e-05,
  "gnorm_w0_layer3.0.conv1": 0.6132599755757366,
  "w0_linear_hfer0.5": 0.3430982278394001,
  "w0_linear_hfer0.6": 0.27198441460587436,
  "w0_linear_hfer0.7": 0.20745654274042227,
  "w0_linear_hfer0.6_hann": 0.2806433929781125,
  "w0_linear_msr": 3.0398251777903952e-05,
  "gnorm_w0_linear": 0.7349957200592224,
  "w1_conv1_hfer0.5": 0.47861913821003665,
  "w1_conv1_hfer0.6": 0.38284089780118186,
  "w1_conv1_hfer0.7": 0.2857086124150029,
  "w1_conv1_hfer0.6_hann": 0.3916298227908425,
  "w1_conv1_msr": 3.057258265412445e-05,
  "gnorm_w1_conv1": 0.2244836460946405,
  "w1_layer2.0.conv1_hfer0.5": 0.4900622010346339,
  "w1_layer2.0.conv1_hfer0.6": 0.39171516147937113,
  "w1_layer2.0.conv1_hfer0.7": 0.2939065317267285,
  "w1_layer2.0.conv1_hfer0.6_hann": 0.3915948505402824,
  "w1_layer2.0.conv1_msr": 3.0703024015163075e-05,
  "gnorm_w1_layer2.0.conv1": 0.23469101448234778,
  "w1_layer3.0.conv1_hfer0.5": 0.49399900864610885,
  "w1_layer3.0.conv1_hfer0.6": 0.3950178777828296,
  "w1_layer3.0.conv1_hfer0.7": 0.29682542210868107,
  "w1_layer3.0.conv1_hfer0.6_hann": 0.39488712682001775,
  "w1_layer3.0.conv1_msr": 3.06907211544406e-05,
  "gnorm_w1_layer3.0.conv1": 0.44266226222831095,
  "w1_linear_hfer0.5": 0.4391776789598175,
  "w1_linear_hfer0.6": 0.3478283719995601,
  "w1_linear_hfer0.7": 0.2597213363226882,
  "w1_linear_hfer0.6_hann": 0.3528055738103239,
  "w1_linear_msr": 2.994203157417392e-05,
  "gnorm_w1_linear": 0.2585215415847988,
  "w2_conv1_hfer0.5": 0.4953269752722828,
  "w2_conv1_hfer0.6": 0.39696283613638805,
  "w2_conv1_hfer0.7": 0.29826942740536017,
  "w2_conv1_hfer0.6_hann": 0.39791976403486884,
  "w2_conv1_msr": 3.0298294622463782e-05,
  "gnorm_w2_conv1": 0.11846163686173086,
  "w2_layer2.0.conv1_hfer0.5": 0.4961457283936333,
  "w2_layer2.0.conv1_hfer0.6": 0.3962090578436392,
  "w2_layer2.0.conv1_hfer0.7": 0.29736441106187683,
  "w2_layer2.0.conv1_hfer0.6_hann": 0.39664655887496775,
  "w2_layer2.0.conv1_msr": 3.0773008071367235e-05,
  "gnorm_w2_layer2.0.conv1": 0.1261375265624264,
  "w2_layer3.0.conv1_hfer0.5": 0.49749179518888226,
  "w2_layer3.0.conv1_hfer0.6": 0.39723404298422405,
  "w2_layer3.0.conv1_hfer0.7": 0.2984549278977102,
  "w2_layer3.0.conv1_hfer0.6_hann": 0.39783814966951264,
  "w2_layer3.0.conv1_msr": 3.0692388859504964e-05,
  "gnorm_w2_layer3.0.conv1": 0.2430506148966958,
  "w2_linear_hfer0.5": 0.47074114063935946,
  "w2_linear_hfer0.6": 0.3724789294716855,
  "w2_linear_hfer0.7": 0.2747746654964631,
  "w2_linear_hfer0.6_hann": 0.36818187784716844,
  "w2_linear_msr": 3.095525349993733e-05,
  "gnorm_w2_linear": 0.10696547506280528,
  "shfer_w0_all": 0.36655564183819517,
  "shfer_w0_stem": 0.35491933758353206,
  "shfer_w0_layer1": 0.3682219824732463,
  "shfer_w0_layer2": 0.3775112351528142,
  "shfer_w0_layer3": 0.3788146086731352,
  "shfer_w0_layer4": 0.3747828175672108,
  "shfer_w0_head": 0.27137358755383745,
  "shfer_w1_all": 0.39259210097775693,
  "shfer_w1_stem": 0.38346569185624646,
  "shfer_w1_layer1": 0.3882196611913023,
  "shfer_w1_layer2": 0.39317798529349873,
  "shfer_w1_layer3": 0.3954764308076881,
  "shfer_w1_layer4": 0.3932954398802613,
  "shfer_w1_head": 0.3438097032842122,
  "shfer_w2_all": 0.39631415590273056,
  "shfer_w2_stem": 0.3963146729249791,
  "shfer_w2_layer1": 0.39675050786161176,
  "shfer_w2_layer2": 0.39678282915417,
  "shfer_w2_layer3": 0.39692672145674046,
  "shfer_w2_layer4": 0.39727382075043566,
  "shfer_w2_head": 0.37171732017904696
}