{
  "gate_c": true,
  "gate_d": true,
  "gate_e": true,
  "gate_pass": true,
  "hfer_regime": {
    "0.05": 0.02343299999661934,
    "0.3": 0.9939268631050517
  },
  "benefit": {
    "0.05": 0.0,
    "0.3": 0.2328754129499854
  },
  "change_b95": {
    "0.05": 0.009929898845711887,
    "0.3": 0.2328754129499854
  },
  "muon": {
    "0.05": {
      "0.5": {
        "pre": {
          "final_loss": 0.09077497064830109,
          "val_loss": 1.1381857647657627,
          "align": 0.4229880316191735,
          "diverged": false
        },
        "post": {
          "final_loss": 0.11117696782943155,
          "val_loss": 1.1176706128753018,
          "align": 0.5163223493478062,
          "diverged": false
        }
      },
      "0.9": {
        "pre": {
          "final_loss": 0.10759480775999972,
          "val_loss": 1.060455311814409,
          "align": 0.5476024451237707,
          "diverged": false
        },
        "post": {
          "final_loss": 0.09837696290821743,
          "val_loss": 1.150540831206608,
          "align": 0.6190566913684555,
          "diverged": false
        }
      },
      "0.95": {
        "pre": {
          "final_loss": 0.11995276757293061,
          "val_loss": 1.1722897170670157,
          "align": 0.5353725979283409,
          "diverged": false
        },
        "post": {
          "final_loss": 0.12866818374214878,
          "val_loss": 0.9089229794650229,
          "align": 0.6009962055591296,
          "diverged": false
        }
      },
      "polar": {
        "final_loss": 0.1078085936927691,
        "val_loss": 1.0844709765754503,
        "align": 0.31795225316555237,
        "diverged": false
      }
    },
    "0.3": {
      "0.5": {
        "pre": {
          "final_loss": 0.27454896780565835,
          "val_loss": 0.9067743061169202,
          "align": 0.22709099760313842,
          "diverged": false
        },
        "post": {
          "final_loss": 0.28795670117050076,
          "val_loss": 0.8412513196878877,
          "align": 0.06159523841630808,
          "diverged": false
        }
      },
      "0.9": {
        "pre": {
          "final_loss": 0.21219928030943017,
          "val_loss": 1.0947763438508082,
          "align": 0.25915526773591213,
          "diverged": false
        },
        "post": {
          "final_loss": 0.271984263527258,
          "val_loss": 0.8778281743836527,
          "align": 0.16770270532906656,
          "diverged": false
        }
      },
      "0.95": {
        "pre": {
          "final_loss": 0.15257893570843725,
          "val_loss": 1.1888576369748107,
          "align": 0.26343291306273087,
          "diverged": false
        },
        "post": {
          "final_loss": 0.2708721366585196,
          "val_loss": 0.8933430873501468,
          "align": 0.17447496436619284,
          "diverged": false
        }
      },
      "polar": {
        "final_loss": 0.2979662145031088,
        "val_loss": 0.816145340965932,
        "align": 0.031179687700036388,
        "diverged": false
      }
    }
  },
  "muon_gaps": {
    "0.05": 0.06773559644460263,
    "0.3": 0.21981044948152398
  },
  "wins_loss": 3,
  "wins_align": 3
}