{
  "diverged": false,
  "n_steps": 10000,
  "spikes": 169,
  "train_loss_tail": 0.04592363028973341,
  "val_loss": 1.6139581298828125,
  "val_acc": 0.7104,
  "lam_tail": 0.9990856647491455,
  "chi_tail": 1.598537063598633,
  "sharpness_threshold": 1.875,
  "secs": 1354.2,
  "hfer_w1_mid": 0.39683686474759833,
  "raw_paths": "/work/02/gs26/s26001/river-valley-momentum/codebases/results/raw/grid_cifar10_bn_ema_lr3.2_b0.5_s0/w1_layer3.0.conv1_G.npz;/work/02/gs26/s26001/river-valley-momentum/codebases/results/raw/grid_cifar10_bn_ema_lr3.2_b0.5_s0/w1_linear_G.npz",
  "w0_conv1_hfer0.5": 0.5316351305689003,
  "w0_conv1_hfer0.6": 0.4068388188246508,
  "w0_conv1_hfer0.7": 0.29688726652351016,
  "w0_conv1_hfer0.6_hann": 0.41257521798415786,
  "w0_conv1_msr": 0.12673000345131255,
  "gnorm_w0_conv1": 0.11014373983145882,
  "w0_layer2.0.conv1_hfer0.5": 0.5263058773700815,
  "w0_layer2.0.conv1_hfer0.6": 0.4061516036546048,
  "w0_layer2.0.conv1_hfer0.7": 0.2967117999846835,
  "w0_layer2.0.conv1_hfer0.6_hann": 0.40457085499703344,
  "w0_layer2.0.conv1_msr": 0.1265549895138813,
  "gnorm_w0_layer2.0.conv1": 0.05074253481873717,
  "w0_layer3.0.conv1_hfer0.5": 0.5138554075180977,
  "w0_layer3.0.conv1_hfer0.6": 0.40125405364920164,
  "w0_layer3.0.conv1_hfer0.7": 0.2968400642748057,
  "w0_layer3.0.conv1_hfer0.6_hann": 0.40620891716658514,
  "w0_layer3.0.conv1_msr": 0.12648823172107138,
  "gnorm_w0_layer3.0.conv1": 0.07794535239728032,
  "w0_linear_hfer0.5": 0.5525645396573814,
  "w0_linear_hfer0.6": 0.4082747210918674,
  "w0_linear_hfer0.7": 0.2907442950701569,
  "w0_linear_hfer0.6_hann": 0.4151058578684994,
  "w0_linear_msr": 0.12740066843702824,
  "gnorm_w0_linear": 0.17895903174443903,
  "w1_conv1_hfer0.5": 0.5192076307283436,
  "w1_conv1_hfer0.6": 0.3944335069091905,
  "w1_conv1_hfer0.7": 0.28973209583320464,
  "w1_conv1_hfer0.6_hann": 0.38902587811328426,
  "w1_conv1_msr": 0.1266444923169352,
  "gnorm_w1_conv1": 0.13587573695700542,
  "w1_layer2.0.conv1_hfer0.5": 0.5020727956355806,
  "w1_layer2.0.conv1_hfer0.6": 0.39447801394538673,
  "w1_layer2.0.conv1_hfer0.7": 0.29522338437605566,
  "w1_layer2.0.conv1_hfer0.6_hann": 0.38813867424063986,
  "w1_layer2.0.conv1_msr": 0.12614952490617734,
  "gnorm_w1_layer2.0.conv1": 0.04478326673001804,
  "w1_layer3.0.conv1_hfer0.5": 0.4989827676987183,
  "w1_layer3.0.conv1_hfer0.6": 0.39683686474759833,
  "w1_layer3.0.conv1_hfer0.7": 0.2978850635007405,
  "w1_layer3.0.conv1_hfer0.6_hann": 0.39531379094048746,
  "w1_layer3.0.conv1_msr": 0.12613243213849284,
  "gnorm_w1_layer3.0.conv1": 0.10833298965228283,
  "w1_linear_hfer0.5": 0.5069912321767233,
  "w1_linear_hfer0.6": 0.3911699921985073,
  "w1_linear_hfer0.7": 0.2831411589385044,
  "w1_linear_hfer0.6_hann": 0.38690491735735194,
  "w1_linear_msr": 0.12729791681036245,
  "gnorm_w1_linear": 0.12121426864480134,
  "w2_conv1_hfer0.5": 0.49022548270084065,
  "w2_conv1_hfer0.6": 0.3815444075353011,
  "w2_conv1_hfer0.7": 0.28480059104372385,
  "w2_conv1_hfer0.6_hann": 0.3721256295515888,
  "w2_conv1_msr": 0.1263799573170521,
  "gnorm_w2_conv1": 0.0899892445011638,
  "w2_layer2.0.conv1_hfer0.5": 0.49434367946020896,
  "w2_layer2.0.conv1_hfer0.6": 0.39402815237660627,
  "w2_layer2.0.conv1_hfer0.7": 0.2945081188615148,
  "w2_layer2.0.conv1_hfer0.6_hann": 0.39016798760180965,
  "w2_layer2.0.conv1_msr": 0.12617670513351825,
  "gnorm_w2_layer2.0.conv1": 0.0319295793583741,
  "w2_layer3.0.conv1_hfer0.5": 0.4999358519501989,
  "w2_layer3.0.conv1_hfer0.6": 0.3982577906694241,
  "w2_layer3.0.conv1_hfer0.7": 0.29878976304696037,
  "w2_layer3.0.conv1_hfer0.6_hann": 0.39815856301567326,
  "w2_layer3.0.conv1_msr": 0.12607541707667305,
  "gnorm_w2_layer3.0.conv1": 0.08570024852382523,
  "w2_linear_hfer0.5": 0.4903962646078339,
  "w2_linear_hfer0.6": 0.3854505661470715,
  "w2_linear_hfer0.7": 0.2859977162255195,
  "w2_linear_hfer0.6_hann": 0.38179649844687535,
  "w2_linear_msr": 0.12662963791752088,
  "gnorm_w2_linear": 0.06556688107909622,
  "shfer_w0_all": 0.40635849563822135,
  "shfer_w0_stem": 0.407715537767189,
  "shfer_w0_layer1": 0.40132423768067366,
  "shfer_w0_layer2": 0.4030879368578711,
  "shfer_w0_layer3": 0.4006474760244289,
  "shfer_w0_layer4": 0.40768365212965446,
  "shfer_w0_head": 0.4092032063676041,
  "shfer_w1_all": 0.3955855111468597,
  "shfer_w1_stem": 0.3961695896824078,
  "shfer_w1_layer1": 0.3856464147601243,
  "shfer_w1_layer2": 0.390926001248754,
  "shfer_w1_layer3": 0.3960482418867837,
  "shfer_w1_layer4": 0.39693381787433285,
  "shfer_w1_head": 0.39306275805765956,
  "shfer_w2_all": 0.39699852256598334,
  "shfer_w2_stem": 0.38249178594748295,
  "shfer_w2_layer1": 0.39102968953737033,
  "shfer_w2_layer2": 0.3947452758002654,
  "shfer_w2_layer3": 0.39645429221702855,
  "shfer_w2_layer4": 0.3990979410264939,
  "shfer_w2_head": 0.3841889997404587
}