{
  "diverged": false,
  "n_steps": 10000,
  "spikes": 508,
  "train_loss_tail": 0.0016844158973544836,
  "val_loss": 2.4224912109375,
  "val_acc": 0.5692,
  "lam_tail": 0.19015787541866302,
  "chi_tail": 0.0038031575083732638,
  "sharpness_threshold": 194.9999999999998,
  "secs": 1267.9,
  "hfer_w1_mid": 0.39678824601688956,
  "raw_paths": "",
  "w0_conv1_hfer0.5": 0.4132388363659655,
  "w0_conv1_hfer0.6": 0.33035778681454525,
  "w0_conv1_hfer0.7": 0.24613605142375966,
  "w0_conv1_hfer0.6_hann": 0.33146188068836235,
  "w0_conv1_msr": 0.0007691634058463353,
  "gnorm_w0_conv1": 0.3999983891641082,
  "w0_layer2.0.conv1_hfer0.5": 0.460352988411969,
  "w0_layer2.0.conv1_hfer0.6": 0.3676543802255824,
  "w0_layer2.0.conv1_hfer0.7": 0.2769481899864011,
  "w0_layer2.0.conv1_hfer0.6_hann": 0.3697945306607878,
  "w0_layer2.0.conv1_msr": 0.0007660128022804854,
  "gnorm_w0_layer2.0.conv1": 0.3166553944510843,
  "w0_layer3.0.conv1_hfer0.5": 0.4786529429558601,
  "w0_layer3.0.conv1_hfer0.6": 0.38227526772606324,
  "w0_layer3.0.conv1_hfer0.7": 0.28730699332774895,
  "w0_layer3.0.conv1_hfer0.6_hann": 0.3836467249174333,
  "w0_layer3.0.conv1_msr": 0.0007658329940144077,
  "gnorm_w0_layer3.0.conv1": 0.5862414814084483,
  "w0_linear_hfer0.5": 0.4400138892169738,
  "w0_linear_hfer0.6": 0.351811976311316,
  "w0_linear_hfer0.7": 0.26485827578692006,
  "w0_linear_hfer0.6_hann": 0.35226278528854976,
  "w0_linear_msr": 0.0007663672988095698,
  "gnorm_w0_linear": 0.9009920226752681,
  "w1_conv1_hfer0.5": 0.47397610002282453,
  "w1_conv1_hfer0.6": 0.37920265784195534,
  "w1_conv1_hfer0.7": 0.287403983034478,
  "w1_conv1_hfer0.6_hann": 0.38813519958964565,
  "w1_conv1_msr": 0.0007663101183306131,
  "gnorm_w1_conv1": 0.1223581979241867,
  "w1_layer2.0.conv1_hfer0.5": 0.49195576990084605,
  "w1_layer2.0.conv1_hfer0.6": 0.3930317039737428,
  "w1_layer2.0.conv1_hfer0.7": 0.29616082873782223,
  "w1_layer2.0.conv1_hfer0.6_hann": 0.3951784644900217,
  "w1_layer2.0.conv1_msr": 0.0007693146599793313,
  "gnorm_w1_layer2.0.conv1": 0.11481432779201095,
  "w1_layer3.0.conv1_hfer0.5": 0.4965375876930079,
  "w1_layer3.0.conv1_hfer0.6": 0.39678824601688956,
  "w1_layer3.0.conv1_hfer0.7": 0.2982302246355885,
  "w1_layer3.0.conv1_hfer0.6_hann": 0.3977739373481081,
  "w1_layer3.0.conv1_msr": 0.0007697033686393778,
  "gnorm_w1_layer3.0.conv1": 0.2454449083958962,
  "w1_linear_hfer0.5": 0.4805425760522923,
  "w1_linear_hfer0.6": 0.38427196415930004,
  "w1_linear_hfer0.7": 0.28803865871926804,
  "w1_linear_hfer0.6_hann": 0.3851984477516991,
  "w1_linear_msr": 0.0007719059337813766,
  "gnorm_w1_linear": 0.2277480305361723,
  "w2_conv1_hfer0.5": 0.49866673281076496,
  "w2_conv1_hfer0.6": 0.3976532749671457,
  "w2_conv1_hfer0.7": 0.2972931201212341,
  "w2_conv1_hfer0.6_hann": 0.3986362047979673,
  "w2_conv1_msr": 0.000764575679444847,
  "gnorm_w2_conv1": 0.008416466175226884,
  "w2_layer2.0.conv1_hfer0.5": 0.5008149321629369,
  "w2_layer2.0.conv1_hfer0.6": 0.39991263243893355,
  "w2_layer2.0.conv1_hfer0.7": 0.30054532559750835,
  "w2_layer2.0.conv1_hfer0.6_hann": 0.39968749795946024,
  "w2_layer2.0.conv1_msr": 0.0007654498876650383,
  "gnorm_w2_layer2.0.conv1": 0.00891998355354617,
  "w2_layer3.0.conv1_hfer0.5": 0.501212140682905,
  "w2_layer3.0.conv1_hfer0.6": 0.39995981356390564,
  "w2_layer3.0.conv1_hfer0.7": 0.30072971032129214,
  "w2_layer3.0.conv1_hfer0.6_hann": 0.4001453495739504,
  "w2_layer3.0.conv1_msr": 0.0007651316590420674,
  "gnorm_w2_layer3.0.conv1": 0.01844157374582239,
  "w2_linear_hfer0.5": 0.5005273721052425,
  "w2_linear_hfer0.6": 0.3970204210292661,
  "w2_linear_hfer0.7": 0.29986586950593835,
  "w2_linear_hfer0.6_hann": 0.3980325944447534,
  "w2_linear_msr": 0.0007647159942721042,
  "gnorm_w2_linear": 0.029485369491746752,
  "shfer_w0_all": 0.3772193221965612,
  "shfer_w0_stem": 0.33140331259279066,
  "shfer_w0_layer1": 0.3549317122159138,
  "shfer_w0_layer2": 0.3738161025635149,
  "shfer_w0_layer3": 0.38606506274272,
  "shfer_w0_layer4": 0.38679141899717706,
  "shfer_w0_head": 0.3505780187662745,
  "shfer_w1_all": 0.3966715224231917,
  "shfer_w1_stem": 0.3764504019815312,
  "shfer_w1_layer1": 0.3868123080145553,
  "shfer_w1_layer2": 0.39393234057168053,
  "shfer_w1_layer3": 0.39689733743498223,
  "shfer_w1_layer4": 0.3970411044038489,
  "shfer_w1_head": 0.3852305375320549,
  "shfer_w2_all": 0.39911053695365045,
  "shfer_w2_stem": 0.39781248771476885,
  "shfer_w2_layer1": 0.40020479215638366,
  "shfer_w2_layer2": 0.4000940386298208,
  "shfer_w2_layer3": 0.39742681257042367,
  "shfer_w2_layer4": 0.3992382463327625,
  "shfer_w2_head": 0.39759326983848675
}