{
  "gate_pass": true,
  "hfer": 0.9939268631050517,
  "hfer_white": 0.40643766239050555,
  "spectral_peak": 1.0,
  "align_g": 0.2609946098607596,
  "loss0": 0.5103506114371644,
  "loss1": 0.3078843709187692,
  "MSR": {
    "0.5": 0.1113911802517836,
    "0.9": 0.002779894384081148,
    "0.95": 0.0006598542476198198,
    "0.99": 2.5345616408632005e-05
  },
  "align_m": {
    "0.5": 0.36241153298726997,
    "0.9": 0.6596851944907872,
    "0.95": 0.7323623327491785,
    "0.99": 0.8226767941415424
  },
  "onset_gate_pass": true,
  "onset_window": 4,
  "onset_step": 200,
  "loss_drop_frac_before_onset": 0.6788519508969564,
  "hfer_first_window": 0.025161154685353876,
  "dalign_pre_onset": 0.1022106906471372,
  "dalign_post_onset": 0.6922632502397257
}