{
  "diverged": false,
  "n_steps": 10000,
  "spikes": 440,
  "train_loss_tail": 0.0013377759433351457,
  "val_loss": 2.1760010009765627,
  "val_acc": 0.5778,
  "lam_tail": 0.5212126970291138,
  "chi_tail": 0.010424253940582273,
  "sharpness_threshold": 190.00000000000003,
  "secs": 1276.4,
  "hfer_w1_mid": 0.39835418695665836,
  "raw_paths": "",
  "w0_conv1_hfer0.5": 0.42118516384213034,
  "w0_conv1_hfer0.6": 0.33501553934554384,
  "w0_conv1_hfer0.7": 0.2529110189611965,
  "w0_conv1_hfer0.6_hann": 0.3350315160119844,
  "w0_conv1_msr": 0.0032120416536726443,
  "gnorm_w0_conv1": 0.5343672492038981,
  "w0_layer2.0.conv1_hfer0.5": 0.46500234704929816,
  "w0_layer2.0.conv1_hfer0.6": 0.3710663131509689,
  "w0_layer2.0.conv1_hfer0.7": 0.27886721572914797,
  "w0_layer2.0.conv1_hfer0.6_hann": 0.373543392610341,
  "w0_layer2.0.conv1_msr": 0.0032146392510775277,
  "gnorm_w0_layer2.0.conv1": 0.4817082802427011,
  "w0_layer3.0.conv1_hfer0.5": 0.48151511953984655,
  "w0_layer3.0.conv1_hfer0.6": 0.3845611151282401,
  "w0_layer3.0.conv1_hfer0.7": 0.28867155396446137,
  "w0_layer3.0.conv1_hfer0.6_hann": 0.38569252288726785,
  "w0_layer3.0.conv1_msr": 0.0032149378394277146,
  "gnorm_w0_layer3.0.conv1": 0.8277266106867199,
  "w0_linear_hfer0.5": 0.4387868921243564,
  "w0_linear_hfer0.6": 0.3512013911165096,
  "w0_linear_hfer0.7": 0.2639647678745853,
  "w0_linear_hfer0.6_hann": 0.35475227794823483,
  "w0_linear_msr": 0.003214128077849392,
  "gnorm_w0_linear": 1.19383187815869,
  "w1_conv1_hfer0.5": 0.4770179678733443,
  "w1_conv1_hfer0.6": 0.3834590887398249,
  "w1_conv1_hfer0.7": 0.28637577536060127,
  "w1_conv1_hfer0.6_hann": 0.39336465188150044,
  "w1_conv1_msr": 0.003221031760646686,
  "gnorm_w1_conv1": 0.10431322110969508,
  "w1_layer2.0.conv1_hfer0.5": 0.4948674438336157,
  "w1_layer2.0.conv1_hfer0.6": 0.39668496239003376,
  "w1_layer2.0.conv1_hfer0.7": 0.29820693896531125,
  "w1_layer2.0.conv1_hfer0.6_hann": 0.3969770358267641,
  "w1_layer2.0.conv1_msr": 0.003231350583790193,
  "gnorm_w1_layer2.0.conv1": 0.10404331724380532,
  "w1_layer3.0.conv1_hfer0.5": 0.4980915596406852,
  "w1_layer3.0.conv1_hfer0.6": 0.39835418695665836,
  "w1_layer3.0.conv1_hfer0.7": 0.2991628698477079,
  "w1_layer3.0.conv1_hfer0.6_hann": 0.398998122356817,
  "w1_layer3.0.conv1_msr": 0.0032314173486602126,
  "gnorm_w1_layer3.0.conv1": 0.2107543280728085,
  "w1_linear_hfer0.5": 0.48332355157218665,
  "w1_linear_hfer0.6": 0.38668852965338424,
  "w1_linear_hfer0.7": 0.29158655562199287,
  "w1_linear_hfer0.6_hann": 0.3913740454069906,
  "w1_linear_msr": 0.0032209951763681475,
  "gnorm_w1_linear": 0.17563557975376334,
  "w2_conv1_hfer0.5": 0.4985779039638163,
  "w2_conv1_hfer0.6": 0.39898244057639226,
  "w2_conv1_hfer0.7": 0.3011461776760471,
  "w2_conv1_hfer0.6_hann": 0.3980974118002461,
  "w2_conv1_msr": 0.00319450792945303,
  "gnorm_w2_conv1": 0.014861831910198357,
  "w2_layer2.0.conv1_hfer0.5": 0.5008343897751896,
  "w2_layer2.0.conv1_hfer0.6": 0.4006204121661544,
  "w2_layer2.0.conv1_hfer0.7": 0.30235168088284514,
  "w2_layer2.0.conv1_hfer0.6_hann": 0.4003482436910879,
  "w2_layer2.0.conv1_msr": 0.003199580494776147,
  "gnorm_w2_layer2.0.conv1": 0.01423497902307035,
  "w2_layer3.0.conv1_hfer0.5": 0.5010764686416741,
  "w2_layer3.0.conv1_hfer0.6": 0.4003196210009702,
  "w2_layer3.0.conv1_hfer0.7": 0.30235188807786495,
  "w2_layer3.0.conv1_hfer0.6_hann": 0.3996107703499354,
  "w2_layer3.0.conv1_msr": 0.003201151149268983,
  "gnorm_w2_layer3.0.conv1": 0.02848015769310339,
  "w2_linear_hfer0.5": 0.49427176049370436,
  "w2_linear_hfer0.6": 0.3949845660549499,
  "w2_linear_hfer0.7": 0.29799402384937757,
  "w2_linear_hfer0.6_hann": 0.38523111384649283,
  "w2_linear_msr": 0.003204057811492664,
  "gnorm_w2_linear": 0.04152364347223281,
  "shfer_w0_all": 0.3795385187705169,
  "shfer_w0_stem": 0.3350152175423969,
  "shfer_w0_layer1": 0.3630439124755895,
  "shfer_w0_layer2": 0.3785248438384779,
  "shfer_w0_layer3": 0.3858633880074935,
  "shfer_w0_layer4": 0.3874069193592055,
  "shfer_w0_head": 0.34887816230440516,
  "shfer_w1_all": 0.3941939163843457,
  "shfer_w1_stem": 0.3863948106119313,
  "shfer_w1_layer1": 0.39589524468047166,
  "shfer_w1_layer2": 0.3952553381204991,
  "shfer_w1_layer3": 0.3990763241225569,
  "shfer_w1_layer4": 0.3968013286706441,
  "shfer_w1_head": 0.3848670714263202,
  "shfer_w2_all": 0.3981928592886105,
  "shfer_w2_stem": 0.39961680415492107,
  "shfer_w2_layer1": 0.399807704857507,
  "shfer_w2_layer2": 0.40062377208394545,
  "shfer_w2_layer3": 0.4004930040329891,
  "shfer_w2_layer4": 0.3974706192726298,
  "shfer_w2_head": 0.39643437261889314
}