{
  "diverged": false,
  "n_steps": 10000,
  "spikes": 279,
  "train_loss_tail": 0.04248252583108842,
  "val_loss": 1.1758525024414062,
  "val_acc": 0.7856,
  "lam_tail": 0.5518178939819336,
  "chi_tail": 0.1765817260742189,
  "sharpness_threshold": 12.187499999999988,
  "secs": 824.4,
  "hfer_w1_mid": 0.387995325844128,
  "raw_paths": "",
  "w0_conv1_hfer0.5": 0.41127414929903516,
  "w0_conv1_hfer0.6": 0.3254726817638368,
  "w0_conv1_hfer0.7": 0.24258992629372816,
  "w0_conv1_hfer0.6_hann": 0.3247307573739556,
  "w0_conv1_msr": 0.30687507848240964,
  "gnorm_w0_conv1": 0.07474461916482028,
  "w0_layer2.0.conv1_hfer0.5": 0.4710862924931121,
  "w0_layer2.0.conv1_hfer0.6": 0.3761733282623338,
  "w0_layer2.0.conv1_hfer0.7": 0.2819306116615527,
  "w0_layer2.0.conv1_hfer0.6_hann": 0.37758927968648504,
  "w0_layer2.0.conv1_msr": 0.3072662092905447,
  "gnorm_w0_layer2.0.conv1": 0.07373758918486516,
  "w0_layer3.0.conv1_hfer0.5": 0.4858680568396019,
  "w0_layer3.0.conv1_hfer0.6": 0.387995325844128,
  "w0_layer3.0.conv1_hfer0.7": 0.2910775638462475,
  "w0_layer3.0.conv1_hfer0.6_hann": 0.38834502379325964,
  "w0_layer3.0.conv1_msr": 0.30688934609984037,
  "gnorm_w0_layer3.0.conv1": 0.13007540180204255,
  "w0_linear_hfer0.5": 0.3728750094223891,
  "w0_linear_hfer0.6": 0.2999062625617769,
  "w0_linear_hfer0.7": 0.22344250323818418,
  "w0_linear_hfer0.6_hann": 0.2979919753277797,
  "w0_linear_msr": 0.30758214420931224,
  "gnorm_w0_linear": 0.09018469204425948
}