{
  "diverged": false,
  "n_steps": 10000,
  "spikes": 5,
  "train_loss_tail": 0.21820914460718632,
  "val_loss": 0.9321621032714844,
  "val_acc": 0.7563,
  "lam_tail": 2.035107135772705,
  "chi_tail": 0.6512342834472655,
  "sharpness_threshold": 11.875000000000002,
  "secs": 1249.3,
  "hfer_w1_mid": 0.28078832052470976,
  "raw_paths": "",
  "w0_conv1_hfer0.5": 0.3493859331929127,
  "w0_conv1_hfer0.6": 0.2733221492182359,
  "w0_conv1_hfer0.7": 0.20170826933055452,
  "w0_conv1_hfer0.6_hann": 0.2716702586385901,
  "w0_conv1_msr": 0.003221424081595212,
  "gnorm_w0_conv1": 0.16169444822455034,
  "w0_layer2.0.conv1_hfer0.5": 0.304911075107825,
  "w0_layer2.0.conv1_hfer0.6": 0.23074127178763654,
  "w0_layer2.0.conv1_hfer0.7": 0.1674392850905978,
  "w0_layer2.0.conv1_hfer0.6_hann": 0.22987085080736783,
  "w0_layer2.0.conv1_msr": 0.0032364925601772233,
  "gnorm_w0_layer2.0.conv1": 0.09238370015881561,
  "w0_layer3.0.conv1_hfer0.5": 0.2904693934509147,
  "w0_layer3.0.conv1_hfer0.6": 0.21747458755686777,
  "w0_layer3.0.conv1_hfer0.7": 0.15611210410642176,
  "w0_layer3.0.conv1_hfer0.6_hann": 0.21446750108439697,
  "w0_layer3.0.conv1_msr": 0.003240219698935802,
  "gnorm_w0_layer3.0.conv1": 0.07392825820042165,
  "w0_linear_hfer0.5": 0.3016572352524261,
  "w0_linear_hfer0.6": 0.23338602965791705,
  "w0_linear_hfer0.7": 0.1706864194939807,
  "w0_linear_hfer0.6_hann": 0.22868172111684504,
  "w0_linear_msr": 0.0032348506835990854,
  "gnorm_w0_linear": 0.16020583018055218,
  "w1_conv1_hfer0.5": 0.39288667488675455,
  "w1_conv1_hfer0.6": 0.3104846727811208,
  "w1_conv1_hfer0.7": 0.2338687861306002,
  "w1_conv1_hfer0.6_hann": 0.3150285549142168,
  "w1_conv1_msr": 0.003205729371922363,
  "gnorm_w1_conv1": 0.13070087564880592,
  "w1_layer2.0.conv1_hfer0.5": 0.33847213636311113,
  "w1_layer2.0.conv1_hfer0.6": 0.2628361764375416,
  "w1_layer2.0.conv1_hfer0.7": 0.19395749811967947,
  "w1_layer2.0.conv1_hfer0.6_hann": 0.261322817541281,
  "w1_layer2.0.conv1_msr": 0.0032192136108656795,
  "gnorm_w1_layer2.0.conv1": 0.1082138238968369,
  "w1_layer3.0.conv1_hfer0.5": 0.3580266768272405,
  "w1_layer3.0.conv1_hfer0.6": 0.28078832052470976,
  "w1_layer3.0.conv1_hfer0.7": 0.20926930019171405,
  "w1_layer3.0.conv1_hfer0.6_hann": 0.27848151680724403,
  "w1_layer3.0.conv1_msr": 0.003215350362091312,
  "gnorm_w1_layer3.0.conv1": 0.11733770955372423,
  "w1_linear_hfer0.5": 0.29443328376134026,
  "w1_linear_hfer0.6": 0.23011779843764146,
  "w1_linear_hfer0.7": 0.1698095314566508,
  "w1_linear_hfer0.6_hann": 0.23325078784405381,
  "w1_linear_msr": 0.003228150650879006,
  "gnorm_w1_linear": 0.13972580219565287,
  "w2_conv1_hfer0.5": 0.4236512188258492,
  "w2_conv1_hfer0.6": 0.3390715362469567,
  "w2_conv1_hfer0.7": 0.2535862153145608,
  "w2_conv1_hfer0.6_hann": 0.33999581438982474,
  "w2_conv1_msr": 0.00321634357472142,
  "gnorm_w2_conv1": 0.11745165037432558,
  "w2_layer2.0.conv1_hfer0.5": 0.39805074354255926,
  "w2_layer2.0.conv1_hfer0.6": 0.3151805571097364,
  "w2_layer2.0.conv1_hfer0.7": 0.2349198329722233,
  "w2_layer2.0.conv1_hfer0.6_hann": 0.31924827919752147,
  "w2_layer2.0.conv1_msr": 0.0032197145279690845,
  "gnorm_w2_layer2.0.conv1": 0.10268586749302047,
  "w2_layer3.0.conv1_hfer0.5": 0.42292183378802073,
  "w2_layer3.0.conv1_hfer0.6": 0.3365981174166841,
  "w2_layer3.0.conv1_hfer0.7": 0.2518423868958704,
  "w2_layer3.0.conv1_hfer0.6_hann": 0.3377824238669709,
  "w2_layer3.0.conv1_msr": 0.003218928979862215,
  "gnorm_w2_layer3.0.conv1": 0.13967557769349398,
  "w2_linear_hfer0.5": 0.3190577044288471,
  "w2_linear_hfer0.6": 0.25043585898378784,
  "w2_linear_hfer0.7": 0.18549473707593628,
  "w2_linear_hfer0.6_hann": 0.24919887447767217,
  "w2_linear_msr": 0.0032329447303412764,
  "gnorm_w2_linear": 0.10766038887386838,
  "shfer_w0_all": 0.22209363919081265,
  "shfer_w0_stem": 0.2613023290545816,
  "shfer_w0_layer1": 0.24679884375310016,
  "shfer_w0_layer2": 0.21608048841772645,
  "shfer_w0_layer3": 0.20061105587941577,
  "shfer_w0_layer4": 0.20470490404385044,
  "shfer_w0_head": 0.22574196532859914,
  "shfer_w1_all": 0.2652060802301339,
  "shfer_w1_stem": 0.29686565596404035,
  "shfer_w1_layer1": 0.2812389344960384,
  "shfer_w1_layer2": 0.2657031092773917,
  "shfer_w1_layer3": 0.27327022062134987,
  "shfer_w1_layer4": 0.26206382202914635,
  "shfer_w1_head": 0.22144764599097727,
  "shfer_w2_all": 0.3272158957631887,
  "shfer_w2_stem": 0.3289938219874634,
  "shfer_w2_layer1": 0.3288066305576356,
  "shfer_w2_layer2": 0.3164547455325366,
  "shfer_w2_layer3": 0.34110595032622615,
  "shfer_w2_layer4": 0.32441679217254804,
  "shfer_w2_head": 0.24285840818848345
}