{
  "diverged": false,
  "n_steps": 10000,
  "spikes": 812,
  "train_loss_tail": 0.017353333493461832,
  "val_loss": 1.2373052978515624,
  "val_acc": 0.7876,
  "lam_tail": 3.4708352088928223,
  "chi_tail": 1.388334083557129,
  "sharpness_threshold": 7.5,
  "secs": 1240.9,
  "hfer_w1_mid": 0.39752806316641376,
  "raw_paths": "",
  "w0_conv1_hfer0.5": 0.5404937438347575,
  "w0_conv1_hfer0.6": 0.4060440775914604,
  "w0_conv1_hfer0.7": 0.2981931286733154,
  "w0_conv1_hfer0.6_hann": 0.40491263655238474,
  "w0_conv1_msr": 0.12670512875596995,
  "gnorm_w0_conv1": 0.29711638106855737,
  "w0_layer2.0.conv1_hfer0.5": 0.505665385982118,
  "w0_layer2.0.conv1_hfer0.6": 0.39568269498544845,
  "w0_layer2.0.conv1_hfer0.7": 0.29577432351418637,
  "w0_layer2.0.conv1_hfer0.6_hann": 0.39463854721544367,
  "w0_layer2.0.conv1_msr": 0.12630121494241436,
  "gnorm_w0_layer2.0.conv1": 0.13952671363935867,
  "w0_layer3.0.conv1_hfer0.5": 0.49759439439520187,
  "w0_layer3.0.conv1_hfer0.6": 0.39325316710023067,
  "w0_layer3.0.conv1_hfer0.7": 0.2939225478132362,
  "w0_layer3.0.conv1_hfer0.6_hann": 0.3916650380152437,
  "w0_layer3.0.conv1_msr": 0.126220892632698,
  "gnorm_w0_layer3.0.conv1": 0.2300372993261242,
  "w0_linear_hfer0.5": 0.5119026921285225,
  "w0_linear_hfer0.6": 0.39282524129837965,
  "w0_linear_hfer0.7": 0.2901228917700508,
  "w0_linear_hfer0.6_hann": 0.3884425633915495,
  "w0_linear_msr": 0.12680036148497678,
  "gnorm_w0_linear": 0.28538335123084274,
  "w1_conv1_hfer0.5": 0.4915190195625413,
  "w1_conv1_hfer0.6": 0.3836969955712785,
  "w1_conv1_hfer0.7": 0.2873189727663662,
  "w1_conv1_hfer0.6_hann": 0.39078840837250944,
  "w1_conv1_msr": 0.12627605654226065,
  "gnorm_w1_conv1": 0.1830307547327973,
  "w1_layer2.0.conv1_hfer0.5": 0.4975177375497069,
  "w1_layer2.0.conv1_hfer0.6": 0.3963799213820764,
  "w1_layer2.0.conv1_hfer0.7": 0.2984196247016783,
  "w1_layer2.0.conv1_hfer0.6_hann": 0.3969454934642913,
  "w1_layer2.0.conv1_msr": 0.12606776842179887,
  "gnorm_w1_layer2.0.conv1": 0.11302473671090298,
  "w1_layer3.0.conv1_hfer0.5": 0.4985485014259574,
  "w1_layer3.0.conv1_hfer0.6": 0.39752806316641376,
  "w1_layer3.0.conv1_hfer0.7": 0.29857123464095287,
  "w1_layer3.0.conv1_hfer0.6_hann": 0.3978250796343511,
  "w1_layer3.0.conv1_msr": 0.12610878399726294,
  "gnorm_w1_layer3.0.conv1": 0.20358714414390597,
  "w1_linear_hfer0.5": 0.4927981404919471,
  "w1_linear_hfer0.6": 0.39007525440118207,
  "w1_linear_hfer0.7": 0.2841815417209129,
  "w1_linear_hfer0.6_hann": 0.38444180445206766,
  "w1_linear_msr": 0.12692157928431094,
  "gnorm_w1_linear": 0.15825129375830532,
  "w2_conv1_hfer0.5": 0.49872330345077776,
  "w2_conv1_hfer0.6": 0.3927958865650884,
  "w2_conv1_hfer0.7": 0.29364943122486153,
  "w2_conv1_hfer0.6_hann": 0.3929042712059745,
  "w2_conv1_msr": 0.12635762819601618,
  "gnorm_w2_conv1": 0.10546033378894237,
  "w2_layer2.0.conv1_hfer0.5": 0.4986255705994697,
  "w2_layer2.0.conv1_hfer0.6": 0.39685325697264756,
  "w2_layer2.0.conv1_hfer0.7": 0.2980476826911381,
  "w2_layer2.0.conv1_hfer0.6_hann": 0.3962362300973153,
  "w2_layer2.0.conv1_msr": 0.12617538051127958,
  "gnorm_w2_layer2.0.conv1": 0.06776483484958125,
  "w2_layer3.0.conv1_hfer0.5": 0.5000046123749817,
  "w2_layer3.0.conv1_hfer0.6": 0.3989410939714271,
  "w2_layer3.0.conv1_hfer0.7": 0.29945171794073494,
  "w2_layer3.0.conv1_hfer0.6_hann": 0.39870714505718624,
  "w2_layer3.0.conv1_msr": 0.12620135478479239,
  "gnorm_w2_layer3.0.conv1": 0.1258341275147784,
  "w2_linear_hfer0.5": 0.48787435994266687,
  "w2_linear_hfer0.6": 0.3873710593096663,
  "w2_linear_hfer0.7": 0.2920285685317361,
  "w2_linear_hfer0.6_hann": 0.3877504272580613,
  "w2_linear_msr": 0.12607292150968524,
  "gnorm_w2_linear": 0.07354843517786432,
  "shfer_w0_all": 0.3998526965858373,
  "shfer_w0_stem": 0.4045342344991867,
  "shfer_w0_layer1": 0.3975654400493996,
  "shfer_w0_layer2": 0.3942120161164541,
  "shfer_w0_layer3": 0.3977116907919701,
  "shfer_w0_layer4": 0.39855494678077674,
  "shfer_w0_head": 0.3917955303844627,
  "shfer_w1_all": 0.39620900526957,
  "shfer_w1_stem": 0.3837941011699786,
  "shfer_w1_layer1": 0.39275112482664565,
  "shfer_w1_layer2": 0.3959489571336148,
  "shfer_w1_layer3": 0.3982285483403711,
  "shfer_w1_layer4": 0.3980020924865772,
  "shfer_w1_head": 0.3911733983121873,
  "shfer_w2_all": 0.39890309486060843,
  "shfer_w2_stem": 0.39595719814035774,
  "shfer_w2_layer1": 0.3999354556838434,
  "shfer_w2_layer2": 0.39756369492633464,
  "shfer_w2_layer3": 0.3989230754269263,
  "shfer_w2_layer4": 0.39985939430664025,
  "shfer_w2_head": 0.38717025569692654
}