{
  "diverged": false,
  "n_steps": 10000,
  "spikes": 1102,
  "train_loss_tail": 0.007676205723662861,
  "val_loss": 1.0524924194335938,
  "val_acc": 0.8278,
  "lam_tail": 1.150571346282959,
  "chi_tail": 0.03681828308105472,
  "sharpness_threshold": 124.37499999999989,
  "secs": 818.3,
  "hfer_w1_mid": 0.3920951854429635,
  "raw_paths": "",
  "w0_conv1_hfer0.5": 0.46068806949077273,
  "w0_conv1_hfer0.6": 0.36628222559089596,
  "w0_conv1_hfer0.7": 0.27528296007020714,
  "w0_conv1_hfer0.6_hann": 0.36847071830546446,
  "w0_conv1_msr": 0.3087660012014755,
  "gnorm_w0_conv1": 0.06528850398667882,
  "w0_layer2.0.conv1_hfer0.5": 0.48523583975736945,
  "w0_layer2.0.conv1_hfer0.6": 0.3867140704965462,
  "w0_layer2.0.conv1_hfer0.7": 0.29115194695456503,
  "w0_layer2.0.conv1_hfer0.6_hann": 0.38768717706211553,
  "w0_layer2.0.conv1_msr": 0.3063797709893455,
  "gnorm_w0_layer2.0.conv1": 0.06284454016550416,
  "w0_layer3.0.conv1_hfer0.5": 0.49092445881884433,
  "w0_layer3.0.conv1_hfer0.6": 0.3920951854429635,
  "w0_layer3.0.conv1_hfer0.7": 0.2945263143830115,
  "w0_layer3.0.conv1_hfer0.6_hann": 0.39314568927769716,
  "w0_layer3.0.conv1_msr": 0.30693365796021166,
  "gnorm_w0_layer3.0.conv1": 0.1256433963385669,
  "w0_linear_hfer0.5": 0.40766238493635903,
  "w0_linear_hfer0.6": 0.3278146950746708,
  "w0_linear_hfer0.7": 0.24298439454566448,
  "w0_linear_hfer0.6_hann": 0.3252471095882157,
  "w0_linear_msr": 0.3071681433040602,
  "gnorm_w0_linear": 0.07755955417518032
}