{
  "diverged": false,
  "n_steps": 10000,
  "spikes": 390,
  "train_loss_tail": 0.001330977652221918,
  "val_loss": 2.080499609375,
  "val_acc": 0.5674,
  "lam_tail": 0.5160053968429565,
  "chi_tail": 0.005160053968429564,
  "sharpness_threshold": 380.00000000000006,
  "secs": 1277.5,
  "hfer_w1_mid": 0.39770913382689316,
  "raw_paths": "",
  "w0_conv1_hfer0.5": 0.4204195569932057,
  "w0_conv1_hfer0.6": 0.33504965323330066,
  "w0_conv1_hfer0.7": 0.25047752442877497,
  "w0_conv1_hfer0.6_hann": 0.3423016401351678,
  "w0_conv1_msr": 0.003226471078670204,
  "gnorm_w0_conv1": 0.7471873231304614,
  "w0_layer2.0.conv1_hfer0.5": 0.4684651737265349,
  "w0_layer2.0.conv1_hfer0.6": 0.37381875908001116,
  "w0_layer2.0.conv1_hfer0.7": 0.28096256725490076,
  "w0_layer2.0.conv1_hfer0.6_hann": 0.3761039560767724,
  "w0_layer2.0.conv1_msr": 0.003212470956469215,
  "gnorm_w0_layer2.0.conv1": 0.682582130480002,
  "w0_layer3.0.conv1_hfer0.5": 0.48405080289666186,
  "w0_layer3.0.conv1_hfer0.6": 0.3865890139449117,
  "w0_layer3.0.conv1_hfer0.7": 0.29032752101524445,
  "w0_layer3.0.conv1_hfer0.6_hann": 0.38780806260244854,
  "w0_layer3.0.conv1_msr": 0.003212066510003957,
  "gnorm_w0_layer3.0.conv1": 1.2147783687235123,
  "w0_linear_hfer0.5": 0.45100042801482176,
  "w0_linear_hfer0.6": 0.3594936817023636,
  "w0_linear_hfer0.7": 0.2694450080211963,
  "w0_linear_hfer0.6_hann": 0.35886793169638465,
  "w0_linear_msr": 0.003214766200235093,
  "gnorm_w0_linear": 1.3415862195389154,
  "w1_conv1_hfer0.5": 0.48993730869833274,
  "w1_conv1_hfer0.6": 0.39081034648177193,
  "w1_conv1_hfer0.7": 0.28946289566111594,
  "w1_conv1_hfer0.6_hann": 0.3890108146289805,
  "w1_conv1_msr": 0.003237411611317297,
  "gnorm_w1_conv1": 0.10538352954834207,
  "w1_layer2.0.conv1_hfer0.5": 0.49551224404207317,
  "w1_layer2.0.conv1_hfer0.6": 0.3951852627812755,
  "w1_layer2.0.conv1_hfer0.7": 0.29607339775695574,
  "w1_layer2.0.conv1_hfer0.6_hann": 0.3976560321860174,
  "w1_layer2.0.conv1_msr": 0.003229247613473727,
  "gnorm_w1_layer2.0.conv1": 0.11061796497568264,
  "w1_layer3.0.conv1_hfer0.5": 0.4979867391608187,
  "w1_layer3.0.conv1_hfer0.6": 0.39770913382689316,
  "w1_layer3.0.conv1_hfer0.7": 0.2985613617319025,
  "w1_layer3.0.conv1_hfer0.6_hann": 0.39917950348164577,
  "w1_layer3.0.conv1_msr": 0.0032266254185321416,
  "gnorm_w1_layer3.0.conv1": 0.2244284138588646,
  "w1_linear_hfer0.5": 0.4923689649798779,
  "w1_linear_hfer0.6": 0.39204556210954666,
  "w1_linear_hfer0.7": 0.29170427185363684,
  "w1_linear_hfer0.6_hann": 0.39270863898839947,
  "w1_linear_msr": 0.003240841986770966,
  "gnorm_w1_linear": 0.14337463584283372,
  "w2_conv1_hfer0.5": 0.49821093877119826,
  "w2_conv1_hfer0.6": 0.3967475726552898,
  "w2_conv1_hfer0.7": 0.29725417996078074,
  "w2_conv1_hfer0.6_hann": 0.39929471893236634,
  "w2_conv1_msr": 0.003206909966098781,
  "gnorm_w2_conv1": 0.012504240564472534,
  "w2_layer2.0.conv1_hfer0.5": 0.5006222880217838,
  "w2_layer2.0.conv1_hfer0.6": 0.3991276002522311,
  "w2_layer2.0.conv1_hfer0.7": 0.2978673015003744,
  "w2_layer2.0.conv1_hfer0.6_hann": 0.3990890436831405,
  "w2_layer2.0.conv1_msr": 0.003207565305681576,
  "gnorm_w2_layer2.0.conv1": 0.014690983744518995,
  "w2_layer3.0.conv1_hfer0.5": 0.5009974314755798,
  "w2_layer3.0.conv1_hfer0.6": 0.3994853343168104,
  "w2_layer3.0.conv1_hfer0.7": 0.29847366722211566,
  "w2_layer3.0.conv1_hfer0.6_hann": 0.39991690757296733,
  "w2_layer3.0.conv1_msr": 0.0032073142423725202,
  "gnorm_w2_layer3.0.conv1": 0.03109952689162909,
  "w2_linear_hfer0.5": 0.500350849729478,
  "w2_linear_hfer0.6": 0.39973598891762907,
  "w2_linear_hfer0.7": 0.29819651351927745,
  "w2_linear_hfer0.6_hann": 0.4005625598710668,
  "w2_linear_msr": 0.0032122377378337413,
  "gnorm_w2_linear": 0.04290313645871577,
  "shfer_w0_all": 0.3818520070086786,
  "shfer_w0_stem": 0.33372683580849205,
  "shfer_w0_layer1": 0.363501980187887,
  "shfer_w0_layer2": 0.38126397625264036,
  "shfer_w0_layer3": 0.3853031075389962,
  "shfer_w0_layer4": 0.38875900999395013,
  "shfer_w0_head": 0.35732635669037005,
  "shfer_w1_all": 0.39841541337329434,
  "shfer_w1_stem": 0.39151756295349965,
  "shfer_w1_layer1": 0.39503617644474814,
  "shfer_w1_layer2": 0.39553287417267474,
  "shfer_w1_layer3": 0.39711575684204303,
  "shfer_w1_layer4": 0.4010758620478809,
  "shfer_w1_head": 0.3926211613471878,
  "shfer_w2_all": 0.39930878856863977,
  "shfer_w2_stem": 0.39681601732721045,
  "shfer_w2_layer1": 0.3970001017221945,
  "shfer_w2_layer2": 0.40015422239797843,
  "shfer_w2_layer3": 0.40037513515234063,
  "shfer_w2_layer4": 0.40005934153662565,
  "shfer_w2_head": 0.3999120775248943
}