{
  "diverged": false,
  "n_steps": 10000,
  "spikes": 1341,
  "train_loss_tail": 0.011937693977844901,
  "val_loss": 1.1066493225097656,
  "val_acc": 0.835,
  "lam_tail": 4.692194938659668,
  "chi_tail": 0.1876877975463869,
  "sharpness_threshold": 97.4999999999999,
  "secs": 1255.5,
  "hfer_w1_mid": 0.39473593306381605,
  "raw_paths": "/work/02/gs26/s26001/river-valley-momentum/codebases/results/raw/grid_cifar10_bn_ema_lr0.8_b0.95_s0/w1_layer3.0.conv1_G.npz;/work/02/gs26/s26001/river-valley-momentum/codebases/results/raw/grid_cifar10_bn_ema_lr0.8_b0.95_s0/w1_linear_G.npz",
  "w0_conv1_hfer0.5": 0.4366016057867269,
  "w0_conv1_hfer0.6": 0.3479015197610348,
  "w0_conv1_hfer0.7": 0.2619389874731071,
  "w0_conv1_hfer0.6_hann": 0.35358878928282966,
  "w0_conv1_msr": 0.0007711297476975179,
  "gnorm_w0_conv1": 0.19755508851550155,
  "w0_layer2.0.conv1_hfer0.5": 0.4674366225460246,
  "w0_layer2.0.conv1_hfer0.6": 0.37423083189904044,
  "w0_layer2.0.conv1_hfer0.7": 0.2802937131273445,
  "w0_layer2.0.conv1_hfer0.6_hann": 0.37589327501745123,
  "w0_layer2.0.conv1_msr": 0.0007692400117779504,
  "gnorm_w0_layer2.0.conv1": 0.18360754557298992,
  "w0_layer3.0.conv1_hfer0.5": 0.4754928340501425,
  "w0_layer3.0.conv1_hfer0.6": 0.37986352936185847,
  "w0_layer3.0.conv1_hfer0.7": 0.28493557811219183,
  "w0_layer3.0.conv1_hfer0.6_hann": 0.3804706579271989,
  "w0_layer3.0.conv1_msr": 0.0007680135596410943,
  "gnorm_w0_layer3.0.conv1": 0.3147486362515891,
  "w0_linear_hfer0.5": 0.3553731437120103,
  "w0_linear_hfer0.6": 0.28250234769584737,
  "w0_linear_hfer0.7": 0.20967199639999687,
  "w0_linear_hfer0.6_hann": 0.29628523233966786,
  "w0_linear_msr": 0.0007691414761186099,
  "gnorm_w0_linear": 0.2724724912483984,
  "w1_conv1_hfer0.5": 0.4820061280370284,
  "w1_conv1_hfer0.6": 0.38822479670457277,
  "w1_conv1_hfer0.7": 0.29076837986375303,
  "w1_conv1_hfer0.6_hann": 0.3870013795135761,
  "w1_conv1_msr": 0.0007678377766277375,
  "gnorm_w1_conv1": 0.12153740400030603,
  "w1_layer2.0.conv1_hfer0.5": 0.49058460689229655,
  "w1_layer2.0.conv1_hfer0.6": 0.3919712083132066,
  "w1_layer2.0.conv1_hfer0.7": 0.2946687681410292,
  "w1_layer2.0.conv1_hfer0.6_hann": 0.3923619887189322,
  "w1_layer2.0.conv1_msr": 0.0007664786893091158,
  "gnorm_w1_layer2.0.conv1": 0.13207684140174056,
  "w1_layer3.0.conv1_hfer0.5": 0.49394828450810696,
  "w1_layer3.0.conv1_hfer0.6": 0.39473593306381605,
  "w1_layer3.0.conv1_hfer0.7": 0.29616579575888186,
  "w1_layer3.0.conv1_hfer0.6_hann": 0.39505860862615877,
  "w1_layer3.0.conv1_msr": 0.0007670119691499222,
  "gnorm_w1_layer3.0.conv1": 0.2541849598133579,
  "w1_linear_hfer0.5": 0.43952259079326755,
  "w1_linear_hfer0.6": 0.3512145715204813,
  "w1_linear_hfer0.7": 0.260707050068197,
  "w1_linear_hfer0.6_hann": 0.353971398478031,
  "w1_linear_msr": 0.0007664061157769453,
  "gnorm_w1_linear": 0.1328313726846817,
  "w2_conv1_hfer0.5": 0.48816754257736,
  "w2_conv1_hfer0.6": 0.3863000989431066,
  "w2_conv1_hfer0.7": 0.28994825535849444,
  "w2_conv1_hfer0.6_hann": 0.3856174074562472,
  "w2_conv1_msr": 0.0007636883768937084,
  "gnorm_w2_conv1": 0.07683571340879934,
  "w2_layer2.0.conv1_hfer0.5": 0.49723889630179174,
  "w2_layer2.0.conv1_hfer0.6": 0.3969577333661204,
  "w2_layer2.0.conv1_hfer0.7": 0.2979835156534918,
  "w2_layer2.0.conv1_hfer0.6_hann": 0.39708220836796565,
  "w2_layer2.0.conv1_msr": 0.0007656058774729114,
  "gnorm_w2_layer2.0.conv1": 0.08539936791897447,
  "w2_layer3.0.conv1_hfer0.5": 0.4984497400258908,
  "w2_layer3.0.conv1_hfer0.6": 0.39820656431351753,
  "w2_layer3.0.conv1_hfer0.7": 0.29944287871823644,
  "w2_layer3.0.conv1_hfer0.6_hann": 0.3987218940670962,
  "w2_layer3.0.conv1_msr": 0.0007646705350989933,
  "gnorm_w2_layer3.0.conv1": 0.17279417472678615,
  "w2_linear_hfer0.5": 0.4670017233512687,
  "w2_linear_hfer0.6": 0.375403425258764,
  "w2_linear_hfer0.7": 0.28471242243620637,
  "w2_linear_hfer0.6_hann": 0.3798609909862346,
  "w2_linear_msr": 0.0007631241649970908,
  "gnorm_w2_linear": 0.07909101014434071,
  "shfer_w0_all": 0.36688857501447514,
  "shfer_w0_stem": 0.34693460222726996,
  "shfer_w0_layer1": 0.3679705131291474,
  "shfer_w0_layer2": 0.3725372973803354,
  "shfer_w0_layer3": 0.38017316001799806,
  "shfer_w0_layer4": 0.37024433945673246,
  "shfer_w0_head": 0.2811791844916389,
  "shfer_w1_all": 0.3906734909497154,
  "shfer_w1_stem": 0.38778386596792086,
  "shfer_w1_layer1": 0.38987388167886744,
  "shfer_w1_layer2": 0.39003963545700393,
  "shfer_w1_layer3": 0.39171939849308635,
  "shfer_w1_layer4": 0.3942888611690486,
  "shfer_w1_head": 0.34940521219063775,
  "shfer_w2_all": 0.39619878767191297,
  "shfer_w2_stem": 0.38688120391445446,
  "shfer_w2_layer1": 0.3959900783217883,
  "shfer_w2_layer2": 0.39603659619288306,
  "shfer_w2_layer3": 0.39945605542750506,
  "shfer_w2_layer4": 0.3963225867875718,
  "shfer_w2_head": 0.3755056297078205
}