{
  "diverged": false,
  "n_steps": 10000,
  "spikes": 404,
  "train_loss_tail": 0.0013092911649728194,
  "val_loss": 2.084363244628906,
  "val_acc": 0.5608,
  "lam_tail": 0.861287534236908,
  "chi_tail": 0.08612875342369081,
  "sharpness_threshold": 20.0,
  "secs": 1280.1,
  "hfer_w1_mid": 0.402686583417083,
  "raw_paths": "",
  "w0_conv1_hfer0.5": 0.610258212708384,
  "w0_conv1_hfer0.6": 0.4924383689700113,
  "w0_conv1_hfer0.7": 0.37558257564692693,
  "w0_conv1_hfer0.6_hann": 0.4857869758944189,
  "w0_conv1_msr": 1.0,
  "gnorm_w0_conv1": 0.6524325400096844,
  "w0_layer2.0.conv1_hfer0.5": 0.5421651626518358,
  "w0_layer2.0.conv1_hfer0.6": 0.43494431295631086,
  "w0_layer2.0.conv1_hfer0.7": 0.3278985143694985,
  "w0_layer2.0.conv1_hfer0.6_hann": 0.42969796609414895,
  "w0_layer2.0.conv1_msr": 1.0,
  "gnorm_w0_layer2.0.conv1": 0.6558637290194419,
  "w0_layer3.0.conv1_hfer0.5": 0.5225787761977161,
  "w0_layer3.0.conv1_hfer0.6": 0.41857677634281343,
  "w0_layer3.0.conv1_hfer0.7": 0.3150381817084716,
  "w0_layer3.0.conv1_hfer0.6_hann": 0.41597620689255455,
  "w0_layer3.0.conv1_msr": 1.0,
  "gnorm_w0_layer3.0.conv1": 1.1781691247242363,
  "w0_linear_hfer0.5": 0.5991608914272325,
  "w0_linear_hfer0.6": 0.4841145590221087,
  "w0_linear_hfer0.7": 0.3657989579397743,
  "w0_linear_hfer0.6_hann": 0.4730915132482467,
  "w0_linear_msr": 1.0,
  "gnorm_w0_linear": 1.3034040296778113,
  "w1_conv1_hfer0.5": 0.5117582508384454,
  "w1_conv1_hfer0.6": 0.4074357605049504,
  "w1_conv1_hfer0.7": 0.3072472998038502,
  "w1_conv1_hfer0.6_hann": 0.41051337801279997,
  "w1_conv1_msr": 1.0,
  "gnorm_w1_conv1": 0.08585855182781309,
  "w1_layer2.0.conv1_hfer0.5": 0.5058592356462152,
  "w1_layer2.0.conv1_hfer0.6": 0.40473508043015743,
  "w1_layer2.0.conv1_hfer0.7": 0.30335613445938014,
  "w1_layer2.0.conv1_hfer0.6_hann": 0.4041422228205335,
  "w1_layer2.0.conv1_msr": 1.0,
  "gnorm_w1_layer2.0.conv1": 0.09414875648435408,
  "w1_layer3.0.conv1_hfer0.5": 0.5037942274840255,
  "w1_layer3.0.conv1_hfer0.6": 0.402686583417083,
  "w1_layer3.0.conv1_hfer0.7": 0.30270339225463294,
  "w1_layer3.0.conv1_hfer0.6_hann": 0.40262336150433736,
  "w1_layer3.0.conv1_msr": 1.0,
  "gnorm_w1_layer3.0.conv1": 0.1905163870237957,
  "w1_linear_hfer0.5": 0.5154976536013814,
  "w1_linear_hfer0.6": 0.41173061552546625,
  "w1_linear_hfer0.7": 0.30862100659819897,
  "w1_linear_hfer0.6_hann": 0.40996315484858503,
  "w1_linear_msr": 1.0,
  "gnorm_w1_linear": 0.12295237399360992,
  "w2_conv1_hfer0.5": 0.5065425941453144,
  "w2_conv1_hfer0.6": 0.40246306845361235,
  "w2_conv1_hfer0.7": 0.2996929110360963,
  "w2_conv1_hfer0.6_hann": 0.40843981587080463,
  "w2_conv1_msr": 1.0,
  "gnorm_w2_conv1": 0.012166206131500167,
  "w2_layer2.0.conv1_hfer0.5": 0.5004608143462874,
  "w2_layer2.0.conv1_hfer0.6": 0.3983948848188608,
  "w2_layer2.0.conv1_hfer0.7": 0.2978439373996813,
  "w2_layer2.0.conv1_hfer0.6_hann": 0.40048655933946886,
  "w2_layer2.0.conv1_msr": 1.0,
  "gnorm_w2_layer2.0.conv1": 0.015219681642660925,
  "w2_layer3.0.conv1_hfer0.5": 0.49964560005191394,
  "w2_layer3.0.conv1_hfer0.6": 0.3975014876618477,
  "w2_layer3.0.conv1_hfer0.7": 0.2966445390294408,
  "w2_layer3.0.conv1_hfer0.6_hann": 0.40030867627105043,
  "w2_layer3.0.conv1_msr": 1.0,
  "gnorm_w2_layer3.0.conv1": 0.03133727872392102,
  "w2_linear_hfer0.5": 0.49992759172426315,
  "w2_linear_hfer0.6": 0.3960796924414979,
  "w2_linear_hfer0.7": 0.2942022845365798,
  "w2_linear_hfer0.6_hann": 0.4003042795725469,
  "w2_linear_msr": 1.0,
  "gnorm_w2_linear": 0.043546819215007644,
  "shfer_w0_all": 0.42491376573504064,
  "shfer_w0_stem": 0.49320355181812187,
  "shfer_w0_layer1": 0.4456690080303545,
  "shfer_w0_layer2": 0.42545116794846793,
  "shfer_w0_layer3": 0.4170706393340068,
  "shfer_w0_layer4": 0.41759573965639796,
  "shfer_w0_head": 0.48183353049262984,
  "shfer_w1_all": 0.4042542796704474,
  "shfer_w1_stem": 0.40733127195258034,
  "shfer_w1_layer1": 0.4069270207399056,
  "shfer_w1_layer2": 0.40191045166083056,
  "shfer_w1_layer3": 0.40231729367806923,
  "shfer_w1_layer4": 0.4044674366452937,
  "shfer_w1_head": 0.4128954639444793,
  "shfer_w2_all": 0.3986878674084028,
  "shfer_w2_stem": 0.40492883458413764,
  "shfer_w2_layer1": 0.39774960816200383,
  "shfer_w2_layer2": 0.3961244773080698,
  "shfer_w2_layer3": 0.39994567039878764,
  "shfer_w2_layer4": 0.3973643759258009,
  "shfer_w2_head": 0.3974038540142326
}