{
  "diverged": false,
  "n_steps": 10000,
  "spikes": 1232,
  "train_loss_tail": 0.010371955325943418,
  "val_loss": 1.0610433959960937,
  "val_acc": 0.8274,
  "lam_tail": 9.938096046447754,
  "chi_tail": 0.03975238418579105,
  "sharpness_threshold": 994.9999999999991,
  "secs": 1196.1,
  "hfer_w1_mid": 0.3954924387322432,
  "raw_paths": "",
  "w0_conv1_hfer0.5": 0.4403315468274217,
  "w0_conv1_hfer0.6": 0.35221065630692466,
  "w0_conv1_hfer0.7": 0.26611365977538826,
  "w0_conv1_hfer0.6_hann": 0.35096042604830124,
  "w0_conv1_msr": 3.0317757851520825e-05,
  "gnorm_w0_conv1": 0.31972337119868544,
  "w0_layer2.0.conv1_hfer0.5": 0.46416025573775593,
  "w0_layer2.0.conv1_hfer0.6": 0.37089417586752177,
  "w0_layer2.0.conv1_hfer0.7": 0.2794636557094957,
  "w0_layer2.0.conv1_hfer0.6_hann": 0.3705084759901332,
  "w0_layer2.0.conv1_msr": 3.069583656802379e-05,
  "gnorm_w0_layer2.0.conv1": 0.25203307251535995,
  "w0_layer3.0.conv1_hfer0.5": 0.4744969321046142,
  "w0_layer3.0.conv1_hfer0.6": 0.3796990253358952,
  "w0_layer3.0.conv1_hfer0.7": 0.28527611662214686,
  "w0_layer3.0.conv1_hfer0.6_hann": 0.37868209694078014,
  "w0_layer3.0.conv1_msr": 3.0609441231217664e-05,
  "gnorm_w0_layer3.0.conv1": 0.41647789757078724,
  "w0_linear_hfer0.5": 0.33396647405405083,
  "w0_linear_hfer0.6": 0.2642661555572464,
  "w0_linear_hfer0.7": 0.19900712996312434,
  "w0_linear_hfer0.6_hann": 0.269557826726502,
  "w0_linear_msr": 2.9671811343109844e-05,
  "gnorm_w0_linear": 0.5317109178902816,
  "w1_conv1_hfer0.5": 0.47627546973477897,
  "w1_conv1_hfer0.6": 0.38194048080794907,
  "w1_conv1_hfer0.7": 0.28603280045764506,
  "w1_conv1_hfer0.6_hann": 0.38245116696765535,
  "w1_conv1_msr": 3.0429508488526983e-05,
  "gnorm_w1_conv1": 0.17226062922774263,
  "w1_layer2.0.conv1_hfer0.5": 0.4916109749817419,
  "w1_layer2.0.conv1_hfer0.6": 0.39368341313212346,
  "w1_layer2.0.conv1_hfer0.7": 0.2955779696954586,
  "w1_layer2.0.conv1_hfer0.6_hann": 0.39365621991751565,
  "w1_layer2.0.conv1_msr": 3.0684805022748495e-05,
  "gnorm_w1_layer2.0.conv1": 0.17073465795566925,
  "w1_layer3.0.conv1_hfer0.5": 0.4940283866884844,
  "w1_layer3.0.conv1_hfer0.6": 0.3954924387322432,
  "w1_layer3.0.conv1_hfer0.7": 0.29718388149180136,
  "w1_layer3.0.conv1_hfer0.6_hann": 0.39489218191543757,
  "w1_layer3.0.conv1_msr": 3.0739279638837685e-05,
  "gnorm_w1_layer3.0.conv1": 0.3243753961191471,
  "w1_linear_hfer0.5": 0.45329115423910266,
  "w1_linear_hfer0.6": 0.36514079943118727,
  "w1_linear_hfer0.7": 0.2787186601267623,
  "w1_linear_hfer0.6_hann": 0.35401311741602026,
  "w1_linear_msr": 3.0430589404023677e-05,
  "gnorm_w1_linear": 0.18520624815476885,
  "w2_conv1_hfer0.5": 0.4945165318779432,
  "w2_conv1_hfer0.6": 0.3930259403909219,
  "w2_conv1_hfer0.7": 0.29435047414257515,
  "w2_conv1_hfer0.6_hann": 0.39560128268614847,
  "w2_conv1_msr": 3.183796421009087e-05,
  "gnorm_w2_conv1": 0.11162109387219787,
  "w2_layer2.0.conv1_hfer0.5": 0.4961301451682589,
  "w2_layer2.0.conv1_hfer0.6": 0.39611211794352813,
  "w2_layer2.0.conv1_hfer0.7": 0.2979102592475872,
  "w2_layer2.0.conv1_hfer0.6_hann": 0.39733645420145275,
  "w2_layer2.0.conv1_msr": 3.105623464315871e-05,
  "gnorm_w2_layer2.0.conv1": 0.11529189083963323,
  "w2_layer3.0.conv1_hfer0.5": 0.4978514389186252,
  "w2_layer3.0.conv1_hfer0.6": 0.39785686023173455,
  "w2_layer3.0.conv1_hfer0.7": 0.29912617653129864,
  "w2_layer3.0.conv1_hfer0.6_hann": 0.3980183346619409,
  "w2_layer3.0.conv1_msr": 3.085181002304932e-05,
  "gnorm_w2_layer3.0.conv1": 0.22504770204217042,
  "w2_linear_hfer0.5": 0.47141387220153463,
  "w2_linear_hfer0.6": 0.38080148724993595,
  "w2_linear_hfer0.7": 0.2815877302516816,
  "w2_linear_hfer0.6_hann": 0.37781026906261783,
  "w2_linear_msr": 3.14533623125705e-05,
  "gnorm_w2_linear": 0.10038337809430044,
  "shfer_w0_all": 0.3628125143790422,
  "shfer_w0_stem": 0.3525940928940489,
  "shfer_w0_layer1": 0.3645166401354138,
  "shfer_w0_layer2": 0.3702660183979858,
  "shfer_w0_layer3": 0.3819915777706491,
  "shfer_w0_layer4": 0.3663453548152311,
  "shfer_w0_head": 0.26849055608431055,
  "shfer_w1_all": 0.39525813366224577,
  "shfer_w1_stem": 0.38061947798947515,
  "shfer_w1_layer1": 0.39158422235270085,
  "shfer_w1_layer2": 0.39527916155792675,
  "shfer_w1_layer3": 0.39410823669211953,
  "shfer_w1_layer4": 0.3920535681554427,
  "shfer_w1_head": 0.3635242355439262,
  "shfer_w2_all": 0.39596166020410795,
  "shfer_w2_stem": 0.39123856649792765,
  "shfer_w2_layer1": 0.3939389999477376,
  "shfer_w2_layer2": 0.39532077111361147,
  "shfer_w2_layer3": 0.3983711791199925,
  "shfer_w2_layer4": 0.3960120391391907,
  "shfer_w2_head": 0.3807722084850473
}