{
  "diverged": false,
  "n_steps": 10000,
  "spikes": 1224,
  "train_loss_tail": 0.007704469928692561,
  "val_loss": 1.127539501953125,
  "val_acc": 0.8131,
  "lam_tail": 9.907535552978516,
  "chi_tail": 3.9630142211914063,
  "sharpness_threshold": 5.0,
  "secs": 1204.2,
  "hfer_w1_mid": 0.4060530103561893,
  "raw_paths": "",
  "w0_conv1_hfer0.5": 0.653105178619429,
  "w0_conv1_hfer0.6": 0.540627626654769,
  "w0_conv1_hfer0.7": 0.41170952391450005,
  "w0_conv1_hfer0.6_hann": 0.5357665000219765,
  "w0_conv1_msr": 1.0,
  "gnorm_w0_conv1": 0.3865629313878091,
  "w0_layer2.0.conv1_hfer0.5": 0.554272246959761,
  "w0_layer2.0.conv1_hfer0.6": 0.44745839646275837,
  "w0_layer2.0.conv1_hfer0.7": 0.33693526834017623,
  "w0_layer2.0.conv1_hfer0.6_hann": 0.4444198553396804,
  "w0_layer2.0.conv1_msr": 1.0,
  "gnorm_w0_layer2.0.conv1": 0.22604032993690965,
  "w0_layer3.0.conv1_hfer0.5": 0.5316072698781522,
  "w0_layer3.0.conv1_hfer0.6": 0.427218352658492,
  "w0_layer3.0.conv1_hfer0.7": 0.32195695870721663,
  "w0_layer3.0.conv1_hfer0.6_hann": 0.4246064911184877,
  "w0_layer3.0.conv1_msr": 1.0,
  "gnorm_w0_layer3.0.conv1": 0.41062343721541317,
  "w0_linear_hfer0.5": 0.7023821068320026,
  "w0_linear_hfer0.6": 0.5831388671838257,
  "w0_linear_hfer0.7": 0.4560573875284135,
  "w0_linear_hfer0.6_hann": 0.5695063600788385,
  "w0_linear_msr": 1.0,
  "gnorm_w0_linear": 0.33083224834306296,
  "w1_conv1_hfer0.5": 0.5421434638282208,
  "w1_conv1_hfer0.6": 0.4332662403106889,
  "w1_conv1_hfer0.7": 0.3270673506807279,
  "w1_conv1_hfer0.6_hann": 0.4387786918473366,
  "w1_conv1_msr": 1.0,
  "gnorm_w1_conv1": 0.21254492436122233,
  "w1_layer2.0.conv1_hfer0.5": 0.5134810762393521,
  "w1_layer2.0.conv1_hfer0.6": 0.41145418430581515,
  "w1_layer2.0.conv1_hfer0.7": 0.30901864323151557,
  "w1_layer2.0.conv1_hfer0.6_hann": 0.4107200293351767,
  "w1_layer2.0.conv1_msr": 1.0,
  "gnorm_w1_layer2.0.conv1": 0.15610379057219936,
  "w1_layer3.0.conv1_hfer0.5": 0.5076037982119288,
  "w1_layer3.0.conv1_hfer0.6": 0.4060530103561893,
  "w1_layer3.0.conv1_hfer0.7": 0.30495907414627915,
  "w1_layer3.0.conv1_hfer0.6_hann": 0.40496210089800105,
  "w1_layer3.0.conv1_msr": 1.0,
  "gnorm_w1_layer3.0.conv1": 0.31423326561708725,
  "w1_linear_hfer0.5": 0.5797677963494868,
  "w1_linear_hfer0.6": 0.4660339108729795,
  "w1_linear_hfer0.7": 0.3524907585787678,
  "w1_linear_hfer0.6_hann": 0.4638527110933997,
  "w1_linear_msr": 1.0,
  "gnorm_w1_linear": 0.1544288448039485,
  "w2_conv1_hfer0.5": 0.5124938958953732,
  "w2_conv1_hfer0.6": 0.4080089367703085,
  "w2_conv1_hfer0.7": 0.3063448188259437,
  "w2_conv1_hfer0.6_hann": 0.40523627358046777,
  "w2_conv1_msr": 1.0,
  "gnorm_w2_conv1": 0.11336334388666214,
  "w2_layer2.0.conv1_hfer0.5": 0.5065613885020127,
  "w2_layer2.0.conv1_hfer0.6": 0.40419919536250093,
  "w2_layer2.0.conv1_hfer0.7": 0.30309696212550713,
  "w2_layer2.0.conv1_hfer0.6_hann": 0.4027143523469085,
  "w2_layer2.0.conv1_msr": 1.0,
  "gnorm_w2_layer2.0.conv1": 0.08597121782872416,
  "w2_layer3.0.conv1_hfer0.5": 0.5032758214317817,
  "w2_layer3.0.conv1_hfer0.6": 0.4024779021782988,
  "w2_layer3.0.conv1_hfer0.7": 0.30204338642106116,
  "w2_layer3.0.conv1_hfer0.6_hann": 0.402038785942085,
  "w2_layer3.0.conv1_msr": 1.0,
  "gnorm_w2_layer3.0.conv1": 0.17693172604090796,
  "w2_linear_hfer0.5": 0.5192634507035091,
  "w2_linear_hfer0.6": 0.41529026711942535,
  "w2_linear_hfer0.7": 0.3109170515738686,
  "w2_linear_hfer0.6_hann": 0.4080525714400235,
  "w2_linear_msr": 1.0,
  "gnorm_w2_linear": 0.07062667181116726,
  "shfer_w0_all": 0.4404027681582093,
  "shfer_w0_stem": 0.5312069815202621,
  "shfer_w0_layer1": 0.47446376878087443,
  "shfer_w0_layer2": 0.44179042101484234,
  "shfer_w0_layer3": 0.42268141683171523,
  "shfer_w0_layer4": 0.42839320522317176,
  "shfer_w0_head": 0.5895170177767826,
  "shfer_w1_all": 0.4087247554300805,
  "shfer_w1_stem": 0.4321997417296769,
  "shfer_w1_layer1": 0.41309267300955205,
  "shfer_w1_layer2": 0.409952791508657,
  "shfer_w1_layer3": 0.40550380573375944,
  "shfer_w1_layer4": 0.4071897210940689,
  "shfer_w1_head": 0.4685296261808328,
  "shfer_w2_all": 0.4065125670039603,
  "shfer_w2_stem": 0.40669235405906023,
  "shfer_w2_layer1": 0.4050318033635842,
  "shfer_w2_layer2": 0.4018875542797445,
  "shfer_w2_layer3": 0.40598813427525043,
  "shfer_w2_layer4": 0.4036813174613676,
  "shfer_w2_head": 0.41467436870695645
}