{
  "gate_pass": true,
  "p0": true,
  "p1": true,
  "p2": true,
  "primary_target": "layer2.0.conv1",
  "white_q975": 0.41821052606169,
  "lr0.0125_diverged": false,
  "lr0.0125_loss_end": 1.2317914962768555,
  "lr0.0125_hfer_rect_0.6": 0.4723,
  "lr0.0125_psd_spearman": 0.903,
  "lr0.0125_lag1_rho": -0.1156,
  "lr0.05_diverged": false,
  "lr0.05_loss_end": 1.093965768814087,
  "lr0.05_hfer_rect_0.6": 0.4862,
  "lr0.05_psd_spearman": 0.934,
  "lr0.05_lag1_rho": -0.1343,
  "lr0.2_diverged": false,
  "lr0.2_loss_end": 1.332179307937622,
  "lr0.2_hfer_rect_0.6": 0.5322,
  "lr0.2_psd_spearman": 0.9241,
  "lr0.2_lag1_rho": -0.2148,
  "lr0.8_diverged": false,
  "lr0.8_loss_end": 1.944643497467041,
  "lr0.8_hfer_rect_0.6": 0.5421,
  "lr0.8_psd_spearman": 0.7447,
  "lr0.8_lag1_rho": -0.2218,
  "lr1.6_diverged": false,
  "lr1.6_loss_end": 1.8870091438293457,
  "lr1.6_hfer_rect_0.6": 0.5318,
  "lr1.6_psd_spearman": 0.6849,
  "lr1.6_lag1_rho": -0.2089
}