{
  "diverged": false,
  "n_steps": 10000,
  "spikes": 904,
  "train_loss_tail": 0.00013408053524472052,
  "val_loss": 0.827831884765625,
  "val_acc": 0.8321,
  "lam_tail": 0.40335655212402344,
  "chi_tail": 0.0020167827606201168,
  "sharpness_threshold": 760.0000000000001,
  "secs": 1246.2,
  "hfer_w1_mid": 0.39830949094693585,
  "raw_paths": "",
  "w0_conv1_hfer0.5": 0.45072326216626174,
  "w0_conv1_hfer0.6": 0.3611773505601362,
  "w0_conv1_hfer0.7": 0.2711716557217932,
  "w0_conv1_hfer0.6_hann": 0.36588390066753246,
  "w0_conv1_msr": 0.003238777425682961,
  "gnorm_w0_conv1": 0.7664285318096353,
  "w0_layer2.0.conv1_hfer0.5": 0.48655911862189366,
  "w0_layer2.0.conv1_hfer0.6": 0.38932017728561397,
  "w0_layer2.0.conv1_hfer0.7": 0.2926582083193439,
  "w0_layer2.0.conv1_hfer0.6_hann": 0.39159710480601995,
  "w0_layer2.0.conv1_msr": 0.0032166776368511172,
  "gnorm_w0_layer2.0.conv1": 0.7862470617518585,
  "w0_layer3.0.conv1_hfer0.5": 0.49024325176800193,
  "w0_layer3.0.conv1_hfer0.6": 0.391780942799211,
  "w0_layer3.0.conv1_hfer0.7": 0.2943235007618692,
  "w0_layer3.0.conv1_hfer0.6_hann": 0.39257113067599386,
  "w0_layer3.0.conv1_msr": 0.003216149922169756,
  "gnorm_w0_layer3.0.conv1": 1.2999682342905396,
  "w0_linear_hfer0.5": 0.3936049533840379,
  "w0_linear_hfer0.6": 0.31272357737636736,
  "w0_linear_hfer0.7": 0.23594671866659656,
  "w0_linear_hfer0.6_hann": 0.32193661925647715,
  "w0_linear_msr": 0.003231339714050361,
  "gnorm_w0_linear": 0.6934003893029235,
  "w1_conv1_hfer0.5": 0.4915305885338791,
  "w1_conv1_hfer0.6": 0.3931929732690754,
  "w1_conv1_hfer0.7": 0.29500217281831254,
  "w1_conv1_hfer0.6_hann": 0.39086377906964453,
  "w1_conv1_msr": 0.003222472160106166,
  "gnorm_w1_conv1": 0.18888181947190852,
  "w1_layer2.0.conv1_hfer0.5": 0.49825758932643854,
  "w1_layer2.0.conv1_hfer0.6": 0.39840808116218307,
  "w1_layer2.0.conv1_hfer0.7": 0.299610176430537,
  "w1_layer2.0.conv1_hfer0.6_hann": 0.39844483084258325,
  "w1_layer2.0.conv1_msr": 0.003219367167608589,
  "gnorm_w1_layer2.0.conv1": 0.21626874300722065,
  "w1_layer3.0.conv1_hfer0.5": 0.49857461804514047,
  "w1_layer3.0.conv1_hfer0.6": 0.39830949094693585,
  "w1_layer3.0.conv1_hfer0.7": 0.2990706654088454,
  "w1_layer3.0.conv1_hfer0.6_hann": 0.3986837523811008,
  "w1_layer3.0.conv1_msr": 0.0032196391766948144,
  "gnorm_w1_layer3.0.conv1": 0.38647059874167033,
  "w1_linear_hfer0.5": 0.47248996934101717,
  "w1_linear_hfer0.6": 0.3874314589598136,
  "w1_linear_hfer0.7": 0.29045376887535285,
  "w1_linear_hfer0.6_hann": 0.37935217330448007,
  "w1_linear_msr": 0.003213782767441443,
  "gnorm_w1_linear": 0.10739087413771845,
  "w2_conv1_hfer0.5": 0.5001851807880294,
  "w2_conv1_hfer0.6": 0.40122132679552797,
  "w2_conv1_hfer0.7": 0.3001534364246334,
  "w2_conv1_hfer0.6_hann": 0.3996300327940681,
  "w2_conv1_msr": 0.0032160841069170643,
  "gnorm_w2_conv1": 0.005706780228756176,
  "w2_layer2.0.conv1_hfer0.5": 0.5009119795374468,
  "w2_layer2.0.conv1_hfer0.6": 0.4007710395135363,
  "w2_layer2.0.conv1_hfer0.7": 0.3010259639372456,
  "w2_layer2.0.conv1_hfer0.6_hann": 0.40064029481684305,
  "w2_layer2.0.conv1_msr": 0.003211006974255617,
  "gnorm_w2_layer2.0.conv1": 0.006658416719082267,
  "w2_layer3.0.conv1_hfer0.5": 0.5009071448902116,
  "w2_layer3.0.conv1_hfer0.6": 0.4003691809859497,
  "w2_layer3.0.conv1_hfer0.7": 0.30065473003656834,
  "w2_layer3.0.conv1_hfer0.6_hann": 0.40033545208948484,
  "w2_layer3.0.conv1_msr": 0.003210540538476162,
  "gnorm_w2_layer3.0.conv1": 0.011827072017484787,
  "w2_linear_hfer0.5": 0.4974321796659868,
  "w2_linear_hfer0.6": 0.39549311772846246,
  "w2_linear_hfer0.7": 0.29641507775365433,
  "w2_linear_hfer0.6_hann": 0.3938627754639466,
  "w2_linear_msr": 0.0032060851847859517,
  "gnorm_w2_linear": 0.0035011920068549066,
  "shfer_w0_all": 0.3864171252062403,
  "shfer_w0_stem": 0.3621724120217328,
  "shfer_w0_layer1": 0.3852410877426756,
  "shfer_w0_layer2": 0.39073598100548834,
  "shfer_w0_layer3": 0.39158191709644763,
  "shfer_w0_layer4": 0.3882990432093315,
  "shfer_w0_head": 0.311475074432532,
  "shfer_w1_all": 0.3963647984951837,
  "shfer_w1_stem": 0.39353166529213557,
  "shfer_w1_layer1": 0.39512151831455583,
  "shfer_w1_layer2": 0.40118076457394286,
  "shfer_w1_layer3": 0.3946492587729187,
  "shfer_w1_layer4": 0.3987039744662555,
  "shfer_w1_head": 0.3883714317526471,
  "shfer_w2_all": 0.3985460181842824,
  "shfer_w2_stem": 0.4002831954889246,
  "shfer_w2_layer1": 0.4000070860579724,
  "shfer_w2_layer2": 0.4001587812861009,
  "shfer_w2_layer3": 0.4011118265693847,
  "shfer_w2_layer4": 0.3979437329201753,
  "shfer_w2_head": 0.39655946659889063
}