{
  "diverged": false,
  "n_steps": 10000,
  "spikes": 503,
  "train_loss_tail": 0.001181396943225991,
  "val_loss": 2.3765228271484373,
  "val_acc": 0.5719,
  "lam_tail": 0.19302943348884583,
  "chi_tail": 0.00386058866977692,
  "sharpness_threshold": 194.9999999999998,
  "secs": 1275.4,
  "hfer_w1_mid": 0.3961997674011054,
  "raw_paths": "",
  "w0_conv1_hfer0.5": 0.4062420375555176,
  "w0_conv1_hfer0.6": 0.32400803237848463,
  "w0_conv1_hfer0.7": 0.24465711833556958,
  "w0_conv1_hfer0.6_hann": 0.3299152314616472,
  "w0_conv1_msr": 0.0007688188495149543,
  "gnorm_w0_conv1": 0.4088373324193203,
  "w0_layer2.0.conv1_hfer0.5": 0.45920215841781137,
  "w0_layer2.0.conv1_hfer0.6": 0.36634425752357674,
  "w0_layer2.0.conv1_hfer0.7": 0.27473380106054646,
  "w0_layer2.0.conv1_hfer0.6_hann": 0.368424306969534,
  "w0_layer2.0.conv1_msr": 0.0007671066504583,
  "gnorm_w0_layer2.0.conv1": 0.3362357326214648,
  "w0_layer3.0.conv1_hfer0.5": 0.4768200115876104,
  "w0_layer3.0.conv1_hfer0.6": 0.38092508534450176,
  "w0_layer3.0.conv1_hfer0.7": 0.28596292948107227,
  "w0_layer3.0.conv1_hfer0.6_hann": 0.3819249974785656,
  "w0_layer3.0.conv1_msr": 0.00076680965610036,
  "gnorm_w0_layer3.0.conv1": 0.5932604608222591,
  "w0_linear_hfer0.5": 0.43867337049994043,
  "w0_linear_hfer0.6": 0.3501715700419262,
  "w0_linear_hfer0.7": 0.26320909566788847,
  "w0_linear_hfer0.6_hann": 0.35187518653853805,
  "w0_linear_msr": 0.0007676524163511381,
  "gnorm_w0_linear": 0.9126636250264479,
  "w1_conv1_hfer0.5": 0.4714003934838389,
  "w1_conv1_hfer0.6": 0.37792917551322086,
  "w1_conv1_hfer0.7": 0.2851984576327845,
  "w1_conv1_hfer0.6_hann": 0.37785694594801045,
  "w1_conv1_msr": 0.0007686301104749289,
  "gnorm_w1_conv1": 0.12815486791085356,
  "w1_layer2.0.conv1_hfer0.5": 0.491305395132281,
  "w1_layer2.0.conv1_hfer0.6": 0.3927748755634146,
  "w1_layer2.0.conv1_hfer0.7": 0.29472732071640995,
  "w1_layer2.0.conv1_hfer0.6_hann": 0.39291741138811054,
  "w1_layer2.0.conv1_msr": 0.0007706018141249004,
  "gnorm_w1_layer2.0.conv1": 0.1243962619071041,
  "w1_layer3.0.conv1_hfer0.5": 0.49592563446339566,
  "w1_layer3.0.conv1_hfer0.6": 0.3961997674011054,
  "w1_layer3.0.conv1_hfer0.7": 0.29759944266494315,
  "w1_layer3.0.conv1_hfer0.6_hann": 0.3967116595778802,
  "w1_layer3.0.conv1_msr": 0.0007696292589594124,
  "gnorm_w1_layer3.0.conv1": 0.2561154210847469,
  "w1_linear_hfer0.5": 0.4744359994828242,
  "w1_linear_hfer0.6": 0.37866911926477526,
  "w1_linear_hfer0.7": 0.28476168967177173,
  "w1_linear_hfer0.6_hann": 0.3825530768457551,
  "w1_linear_msr": 0.0007703213697272465,
  "gnorm_w1_linear": 0.23554213131474092,
  "w2_conv1_hfer0.5": 0.5025074114784552,
  "w2_conv1_hfer0.6": 0.402444901278487,
  "w2_conv1_hfer0.7": 0.302911599639998,
  "w2_conv1_hfer0.6_hann": 0.4049361254848779,
  "w2_conv1_msr": 0.0007831636674431498,
  "gnorm_w2_conv1": 0.01065226422186989,
  "w2_layer2.0.conv1_hfer0.5": 0.5016436025351704,
  "w2_layer2.0.conv1_hfer0.6": 0.4006794113826646,
  "w2_layer2.0.conv1_hfer0.7": 0.3016045709408004,
  "w2_layer2.0.conv1_hfer0.6_hann": 0.39975536837956316,
  "w2_layer2.0.conv1_msr": 0.000781925862529621,
  "gnorm_w2_layer2.0.conv1": 0.010517862896814055,
  "w2_layer3.0.conv1_hfer0.5": 0.5014422720466295,
  "w2_layer3.0.conv1_hfer0.6": 0.4004207747295908,
  "w2_layer3.0.conv1_hfer0.7": 0.3017061498612362,
  "w2_layer3.0.conv1_hfer0.6_hann": 0.39939496635827076,
  "w2_layer3.0.conv1_msr": 0.0007803442784428163,
  "gnorm_w2_layer3.0.conv1": 0.020854646221718582,
  "w2_linear_hfer0.5": 0.49854716334774857,
  "w2_linear_hfer0.6": 0.3951048805696452,
  "w2_linear_hfer0.7": 0.2982206897341972,
  "w2_linear_hfer0.6_hann": 0.38614884105245195,
  "w2_linear_msr": 0.000773159788933425,
  "gnorm_w2_linear": 0.03073779247659471,
  "shfer_w0_all": 0.3776891886749223,
  "shfer_w0_stem": 0.32557260393447207,
  "shfer_w0_layer1": 0.3568532470612874,
  "shfer_w0_layer2": 0.3718437003662815,
  "shfer_w0_layer3": 0.3833661177248483,
  "shfer_w0_layer4": 0.3845571563402161,
  "shfer_w0_head": 0.3500519199240831,
  "shfer_w1_all": 0.39408442155364654,
  "shfer_w1_stem": 0.3802502185678467,
  "shfer_w1_layer1": 0.39017799669494063,
  "shfer_w1_layer2": 0.39099325528851087,
  "shfer_w1_layer3": 0.39774473962039664,
  "shfer_w1_layer4": 0.3978951385608746,
  "shfer_w1_head": 0.37817974430879703,
  "shfer_w2_all": 0.4021042362229666,
  "shfer_w2_stem": 0.40117753607927215,
  "shfer_w2_layer1": 0.39958121872715535,
  "shfer_w2_layer2": 0.4022919271016636,
  "shfer_w2_layer3": 0.39879319735317065,
  "shfer_w2_layer4": 0.4019907948823747,
  "shfer_w2_head": 0.3983714479790523
}