{
  "gate_pass": false,
  "p0": true,
  "p1": true,
  "p2": false,
  "primary_target": "layer2.0.conv1",
  "white_q975": 0.41821052606169,
  "lr0.0125_diverged": false,
  "lr0.0125_loss_end": 1.2317914962768555,
  "lr0.0125_hfer_rect_0.6": 0.4723,
  "lr0.0125_psd_spearman": 0.903,
  "lr0.0125_lag1_rho": -0.1156,
  "lr0.05_diverged": false,
  "lr0.05_loss_end": 1.093965768814087,
  "lr0.05_hfer_rect_0.6": 0.4862,
  "lr0.05_psd_spearman": 0.934,
  "lr0.05_lag1_rho": -0.1343,
  "lr0.2_diverged": true,
  "lr0.2_loss_end": 2.382749080657959,
  "lr0.8_diverged": true,
  "lr0.8_loss_end": 2.382749080657959,
  "lr1.6_diverged": true,
  "lr1.6_loss_end": 2.382749080657959
}