{
  "diverged": false,
  "n_steps": 10000,
  "spikes": 1339,
  "train_loss_tail": 0.00639808959705988,
  "val_loss": 1.1628544921875,
  "val_acc": 0.8075,
  "lam_tail": 5.216635704040527,
  "chi_tail": 1.0433271408081055,
  "sharpness_threshold": 15.0,
  "secs": 1208.0,
  "hfer_w1_mid": 0.3991072838170933,
  "raw_paths": "",
  "w0_conv1_hfer0.5": 0.515892174695309,
  "w0_conv1_hfer0.6": 0.403743115272541,
  "w0_conv1_hfer0.7": 0.2961094580702948,
  "w0_conv1_hfer0.6_hann": 0.39905374360841395,
  "w0_conv1_msr": 0.12652853157788346,
  "gnorm_w0_conv1": 0.38213230044619734,
  "w0_layer2.0.conv1_hfer0.5": 0.49973608509714207,
  "w0_layer2.0.conv1_hfer0.6": 0.3982528658922619,
  "w0_layer2.0.conv1_hfer0.7": 0.2981095004656376,
  "w0_layer2.0.conv1_hfer0.6_hann": 0.3982401107212643,
  "w0_layer2.0.conv1_msr": 0.12616077771512635,
  "gnorm_w0_layer2.0.conv1": 0.216937779799769,
  "w0_layer3.0.conv1_hfer0.5": 0.49884853601903406,
  "w0_layer3.0.conv1_hfer0.6": 0.3974314417963083,
  "w0_layer3.0.conv1_hfer0.7": 0.2980376706574964,
  "w0_layer3.0.conv1_hfer0.6_hann": 0.3975541285159633,
  "w0_layer3.0.conv1_msr": 0.12616198828583824,
  "gnorm_w0_layer3.0.conv1": 0.44053733503331854,
  "w0_linear_hfer0.5": 0.5008637501112495,
  "w0_linear_hfer0.6": 0.3871791844412664,
  "w0_linear_hfer0.7": 0.28331104681409813,
  "w0_linear_hfer0.6_hann": 0.3764767096547764,
  "w0_linear_msr": 0.1267352827462045,
  "gnorm_w0_linear": 0.3686444115033776,
  "w1_conv1_hfer0.5": 0.49289615348728555,
  "w1_conv1_hfer0.6": 0.3922527436822057,
  "w1_conv1_hfer0.7": 0.2941693977497468,
  "w1_conv1_hfer0.6_hann": 0.3904633681701606,
  "w1_conv1_msr": 0.126188250136102,
  "gnorm_w1_conv1": 0.18284935177985062,
  "w1_layer2.0.conv1_hfer0.5": 0.4994982378127264,
  "w1_layer2.0.conv1_hfer0.6": 0.39855776731278614,
  "w1_layer2.0.conv1_hfer0.7": 0.2993342145437278,
  "w1_layer2.0.conv1_hfer0.6_hann": 0.3979065921335744,
  "w1_layer2.0.conv1_msr": 0.12613761228237486,
  "gnorm_w1_layer2.0.conv1": 0.1327792886649947,
  "w1_layer3.0.conv1_hfer0.5": 0.5000332125496995,
  "w1_layer3.0.conv1_hfer0.6": 0.3991072838170933,
  "w1_layer3.0.conv1_hfer0.7": 0.29949054219684507,
  "w1_layer3.0.conv1_hfer0.6_hann": 0.39898850440832795,
  "w1_layer3.0.conv1_msr": 0.12615819024334077,
  "gnorm_w1_layer3.0.conv1": 0.29611190639351176,
  "w1_linear_hfer0.5": 0.502279145651379,
  "w1_linear_hfer0.6": 0.4020144701759465,
  "w1_linear_hfer0.7": 0.2999904867142093,
  "w1_linear_hfer0.6_hann": 0.3956507356771416,
  "w1_linear_msr": 0.12638478274107082,
  "gnorm_w1_linear": 0.14710805451463688,
  "w2_conv1_hfer0.5": 0.4997144135532841,
  "w2_conv1_hfer0.6": 0.4004430537725044,
  "w2_conv1_hfer0.7": 0.2976477507414892,
  "w2_conv1_hfer0.6_hann": 0.401685153199306,
  "w2_conv1_msr": 0.12652881481719494,
  "gnorm_w2_conv1": 0.11212481005282254,
  "w2_layer2.0.conv1_hfer0.5": 0.499851069501917,
  "w2_layer2.0.conv1_hfer0.6": 0.39846388832235097,
  "w2_layer2.0.conv1_hfer0.7": 0.2978131073825707,
  "w2_layer2.0.conv1_hfer0.6_hann": 0.39768972349938825,
  "w2_layer2.0.conv1_msr": 0.12629414200926342,
  "gnorm_w2_layer2.0.conv1": 0.0841941865536804,
  "w2_layer3.0.conv1_hfer0.5": 0.500173178019005,
  "w2_layer3.0.conv1_hfer0.6": 0.39936971124906323,
  "w2_layer3.0.conv1_hfer0.7": 0.29993091192671767,
  "w2_layer3.0.conv1_hfer0.6_hann": 0.39952631381107423,
  "w2_layer3.0.conv1_msr": 0.12621863397447425,
  "gnorm_w2_layer3.0.conv1": 0.19056066003669894,
  "w2_linear_hfer0.5": 0.5007942655669174,
  "w2_linear_hfer0.6": 0.39583993933556844,
  "w2_linear_hfer0.7": 0.2961435455958047,
  "w2_linear_hfer0.6_hann": 0.39731028389203915,
  "w2_linear_msr": 0.12621404388632085,
  "gnorm_w2_linear": 0.07601792036257561,
  "shfer_w0_all": 0.39967830086908923,
  "shfer_w0_stem": 0.4032307696352952,
  "shfer_w0_layer1": 0.3947237125022637,
  "shfer_w0_layer2": 0.3996631206126571,
  "shfer_w0_layer3": 0.39888360295835884,
  "shfer_w0_layer4": 0.39877648750346756,
  "shfer_w0_head": 0.38707529008486186,
  "shfer_w1_all": 0.39716268661738574,
  "shfer_w1_stem": 0.3920468364819661,
  "shfer_w1_layer1": 0.39839856593709394,
  "shfer_w1_layer2": 0.3981538900748083,
  "shfer_w1_layer3": 0.3989951829655311,
  "shfer_w1_layer4": 0.39802696924611575,
  "shfer_w1_head": 0.40135077998712687,
  "shfer_w2_all": 0.4008558532104901,
  "shfer_w2_stem": 0.3981182573938825,
  "shfer_w2_layer1": 0.40011400658353946,
  "shfer_w2_layer2": 0.40034182113804534,
  "shfer_w2_layer3": 0.4013392651835798,
  "shfer_w2_layer4": 0.40153424364368434,
  "shfer_w2_head": 0.39580315310390995
}