{
  "diverged": false,
  "n_steps": 10000,
  "spikes": 1253,
  "train_loss_tail": 0.00010965686186318635,
  "val_loss": 0.8391665161132813,
  "val_acc": 0.8413,
  "lam_tail": 0.42379072308540344,
  "chi_tail": 0.002118953615427019,
  "sharpness_threshold": 779.9999999999992,
  "secs": 1235.0,
  "hfer_w1_mid": 0.3970970293962598,
  "raw_paths": "",
  "w0_conv1_hfer0.5": 0.45275362560599,
  "w0_conv1_hfer0.6": 0.3589505345120506,
  "w0_conv1_hfer0.7": 0.27116804341678225,
  "w0_conv1_hfer0.6_hann": 0.3652498034912827,
  "w0_conv1_msr": 0.0007680344408804155,
  "gnorm_w0_conv1": 0.5180456333269345,
  "w0_layer2.0.conv1_hfer0.5": 0.48159994660094163,
  "w0_layer2.0.conv1_hfer0.6": 0.3843095492339519,
  "w0_layer2.0.conv1_hfer0.7": 0.28967231581656666,
  "w0_layer2.0.conv1_hfer0.6_hann": 0.38785129791392575,
  "w0_layer2.0.conv1_msr": 0.0007661842295576598,
  "gnorm_w0_layer2.0.conv1": 0.5313307784163873,
  "w0_layer3.0.conv1_hfer0.5": 0.48673899695793815,
  "w0_layer3.0.conv1_hfer0.6": 0.3885490694744581,
  "w0_layer3.0.conv1_hfer0.7": 0.29225733292946793,
  "w0_layer3.0.conv1_hfer0.6_hann": 0.39040090234478275,
  "w0_layer3.0.conv1_msr": 0.0007664148739964197,
  "gnorm_w0_layer3.0.conv1": 0.8662935713802209,
  "w0_linear_hfer0.5": 0.38692836466794117,
  "w0_linear_hfer0.6": 0.3108464214292595,
  "w0_linear_hfer0.7": 0.2351577699809403,
  "w0_linear_hfer0.6_hann": 0.3290897958940564,
  "w0_linear_msr": 0.0007696903061438521,
  "gnorm_w0_linear": 0.6833749131965964,
  "w1_conv1_hfer0.5": 0.4762390721744107,
  "w1_conv1_hfer0.6": 0.38070469584724925,
  "w1_conv1_hfer0.7": 0.2830875015986531,
  "w1_conv1_hfer0.6_hann": 0.3786897155062765,
  "w1_conv1_msr": 0.0007674818319955855,
  "gnorm_w1_conv1": 0.22730857695329157,
  "w1_layer2.0.conv1_hfer0.5": 0.4946721888581667,
  "w1_layer2.0.conv1_hfer0.6": 0.3953942441834923,
  "w1_layer2.0.conv1_hfer0.7": 0.29692608946556703,
  "w1_layer2.0.conv1_hfer0.6_hann": 0.39614511867660723,
  "w1_layer2.0.conv1_msr": 0.0007675330479167459,
  "gnorm_w1_layer2.0.conv1": 0.2561999047094161,
  "w1_layer3.0.conv1_hfer0.5": 0.49699241145835615,
  "w1_layer3.0.conv1_hfer0.6": 0.3970970293962598,
  "w1_layer3.0.conv1_hfer0.7": 0.2980857081959329,
  "w1_layer3.0.conv1_hfer0.6_hann": 0.3977847831083543,
  "w1_layer3.0.conv1_msr": 0.000767875949347262,
  "gnorm_w1_layer3.0.conv1": 0.45233484795355,
  "w1_linear_hfer0.5": 0.46284770248496687,
  "w1_linear_hfer0.6": 0.36921883208197886,
  "w1_linear_hfer0.7": 0.28301174334451884,
  "w1_linear_hfer0.6_hann": 0.37417251945306257,
  "w1_linear_msr": 0.0007633223218704813,
  "gnorm_w1_linear": 0.19473692406939988,
  "w2_conv1_hfer0.5": 0.5052740011915936,
  "w2_conv1_hfer0.6": 0.4002936147249603,
  "w2_conv1_hfer0.7": 0.29905864291209044,
  "w2_conv1_hfer0.6_hann": 0.40234873671379473,
  "w2_conv1_msr": 0.0007646752692015565,
  "gnorm_w2_conv1": 0.01673741446501604,
  "w2_layer2.0.conv1_hfer0.5": 0.5011303553633378,
  "w2_layer2.0.conv1_hfer0.6": 0.3999966481331489,
  "w2_layer2.0.conv1_hfer0.7": 0.30152935803236197,
  "w2_layer2.0.conv1_hfer0.6_hann": 0.3992297790679664,
  "w2_layer2.0.conv1_msr": 0.0007620595038026177,
  "gnorm_w2_layer2.0.conv1": 0.020573687457483232,
  "w2_layer3.0.conv1_hfer0.5": 0.500172608006188,
  "w2_layer3.0.conv1_hfer0.6": 0.39883301656668874,
  "w2_layer3.0.conv1_hfer0.7": 0.30059673858164315,
  "w2_layer3.0.conv1_hfer0.6_hann": 0.3991671513528246,
  "w2_layer3.0.conv1_msr": 0.0007624812803252167,
  "gnorm_w2_layer3.0.conv1": 0.03437411677717499,
  "w2_linear_hfer0.5": 0.4960555465690844,
  "w2_linear_hfer0.6": 0.3905807199345229,
  "w2_linear_hfer0.7": 0.2972475728182621,
  "w2_linear_hfer0.6_hann": 0.3981070426911463,
  "w2_linear_msr": 0.000767195981609404,
  "gnorm_w2_linear": 0.011177013458279686,
  "shfer_w0_all": 0.3823790572455162,
  "shfer_w0_stem": 0.3554762262147449,
  "shfer_w0_layer1": 0.3763800461980057,
  "shfer_w0_layer2": 0.3855589322519265,
  "shfer_w0_layer3": 0.3886859853173352,
  "shfer_w0_layer4": 0.38487225054597735,
  "shfer_w0_head": 0.30997759521405077,
  "shfer_w1_all": 0.39547717486455997,
  "shfer_w1_stem": 0.3797703464238148,
  "shfer_w1_layer1": 0.3916130603965441,
  "shfer_w1_layer2": 0.39616070907302725,
  "shfer_w1_layer3": 0.3994526259947587,
  "shfer_w1_layer4": 0.3946870993007715,
  "shfer_w1_head": 0.3713496665334469,
  "shfer_w2_all": 0.3965198356943659,
  "shfer_w2_stem": 0.4001168956699093,
  "shfer_w2_layer1": 0.40107557505457425,
  "shfer_w2_layer2": 0.39825938937799227,
  "shfer_w2_layer3": 0.3988075114757554,
  "shfer_w2_layer4": 0.39624270424352087,
  "shfer_w2_head": 0.3906122516658264
}