{
  "diverged": false,
  "n_steps": 10000,
  "spikes": 419,
  "train_loss_tail": 0.001928031154850032,
  "val_loss": 2.154388671875,
  "val_acc": 0.573,
  "lam_tail": 0.20821581780910492,
  "chi_tail": 0.002082158178091051,
  "sharpness_threshold": 389.9999999999996,
  "secs": 1271.6,
  "hfer_w1_mid": 0.3966920326255564,
  "raw_paths": "",
  "w0_conv1_hfer0.5": 0.42100139012939974,
  "w0_conv1_hfer0.6": 0.3355944521512261,
  "w0_conv1_hfer0.7": 0.2533566628266181,
  "w0_conv1_hfer0.6_hann": 0.3447552202727326,
  "w0_conv1_msr": 0.0007665250866352895,
  "gnorm_w0_conv1": 0.5561608775826458,
  "w0_layer2.0.conv1_hfer0.5": 0.46128183652594634,
  "w0_layer2.0.conv1_hfer0.6": 0.36806120301948175,
  "w0_layer2.0.conv1_hfer0.7": 0.27709896792201694,
  "w0_layer2.0.conv1_hfer0.6_hann": 0.37098425592367545,
  "w0_layer2.0.conv1_msr": 0.0007663032951285729,
  "gnorm_w0_layer2.0.conv1": 0.4772650593819333,
  "w0_layer3.0.conv1_hfer0.5": 0.47854342404604117,
  "w0_layer3.0.conv1_hfer0.6": 0.38174087234969045,
  "w0_layer3.0.conv1_hfer0.7": 0.2867799895339441,
  "w0_layer3.0.conv1_hfer0.6_hann": 0.382667636974087,
  "w0_layer3.0.conv1_msr": 0.0007661262791807679,
  "gnorm_w0_layer3.0.conv1": 0.8199408165997424,
  "w0_linear_hfer0.5": 0.4342504853591401,
  "w0_linear_hfer0.6": 0.34695229891720525,
  "w0_linear_hfer0.7": 0.26112413939082535,
  "w0_linear_hfer0.6_hann": 0.3471278536625424,
  "w0_linear_msr": 0.0007655718609284749,
  "gnorm_w0_linear": 1.2314142353129884,
  "w1_conv1_hfer0.5": 0.4696301195621093,
  "w1_conv1_hfer0.6": 0.3776691136478208,
  "w1_conv1_hfer0.7": 0.2871180500142197,
  "w1_conv1_hfer0.6_hann": 0.3931489881753876,
  "w1_conv1_msr": 0.0007692515070698388,
  "gnorm_w1_conv1": 0.12483492849797254,
  "w1_layer2.0.conv1_hfer0.5": 0.49395772749128697,
  "w1_layer2.0.conv1_hfer0.6": 0.39483862529163094,
  "w1_layer2.0.conv1_hfer0.7": 0.2966241169102536,
  "w1_layer2.0.conv1_hfer0.6_hann": 0.3972390927856388,
  "w1_layer2.0.conv1_msr": 0.0007753884626711345,
  "gnorm_w1_layer2.0.conv1": 0.11965012705065925,
  "w1_layer3.0.conv1_hfer0.5": 0.49688886685952127,
  "w1_layer3.0.conv1_hfer0.6": 0.3966920326255564,
  "w1_layer3.0.conv1_hfer0.7": 0.29799881985098614,
  "w1_layer3.0.conv1_hfer0.6_hann": 0.39791510566972343,
  "w1_layer3.0.conv1_msr": 0.0007743368859087509,
  "gnorm_w1_layer3.0.conv1": 0.23913856584614315,
  "w1_linear_hfer0.5": 0.4829670258528758,
  "w1_linear_hfer0.6": 0.38740447015659774,
  "w1_linear_hfer0.7": 0.2901941568655412,
  "w1_linear_hfer0.6_hann": 0.39008188732215593,
  "w1_linear_msr": 0.0007791114107802114,
  "gnorm_w1_linear": 0.20733940897931258,
  "w2_conv1_hfer0.5": 0.4999672277371818,
  "w2_conv1_hfer0.6": 0.3973014434208803,
  "w2_conv1_hfer0.7": 0.2967559317156923,
  "w2_conv1_hfer0.6_hann": 0.39874143364688314,
  "w2_conv1_msr": 0.0007638519048488809,
  "gnorm_w2_conv1": 0.012928478725941382,
  "w2_layer2.0.conv1_hfer0.5": 0.5014496832078866,
  "w2_layer2.0.conv1_hfer0.6": 0.40076616973680557,
  "w2_layer2.0.conv1_hfer0.7": 0.301085196804914,
  "w2_layer2.0.conv1_hfer0.6_hann": 0.40063753649193184,
  "w2_layer2.0.conv1_msr": 0.0007636526835309533,
  "gnorm_w2_layer2.0.conv1": 0.01296745142437563,
  "w2_layer3.0.conv1_hfer0.5": 0.5014321341369197,
  "w2_layer3.0.conv1_hfer0.6": 0.400480636877308,
  "w2_layer3.0.conv1_hfer0.7": 0.3010738138776552,
  "w2_layer3.0.conv1_hfer0.6_hann": 0.4005529681934184,
  "w2_layer3.0.conv1_msr": 0.000763248819020079,
  "gnorm_w2_layer3.0.conv1": 0.026525321504851148,
  "w2_linear_hfer0.5": 0.4998693808051412,
  "w2_linear_hfer0.6": 0.39653492054121586,
  "w2_linear_hfer0.7": 0.2990672004022498,
  "w2_linear_hfer0.6_hann": 0.3983131316498327,
  "w2_linear_msr": 0.0007643203962348579,
  "gnorm_w2_linear": 0.03945743967837677,
  "shfer_w0_all": 0.37934364000833565,
  "shfer_w0_stem": 0.33818098771937893,
  "shfer_w0_layer1": 0.35695032258232257,
  "shfer_w0_layer2": 0.37255514123246397,
  "shfer_w0_layer3": 0.38415543198013485,
  "shfer_w0_layer4": 0.3854999314721399,
  "shfer_w0_head": 0.345140055462907,
  "shfer_w1_all": 0.39804290839126444,
  "shfer_w1_stem": 0.3785835033740973,
  "shfer_w1_layer1": 0.3942359174061046,
  "shfer_w1_layer2": 0.39511608043658164,
  "shfer_w1_layer3": 0.3994607245609614,
  "shfer_w1_layer4": 0.3993689088683746,
  "shfer_w1_head": 0.386803700831261,
  "shfer_w2_all": 0.40028515449860486,
  "shfer_w2_stem": 0.39614261966609965,
  "shfer_w2_layer1": 0.4016281032115121,
  "shfer_w2_layer2": 0.3987227959236881,
  "shfer_w2_layer3": 0.4008117243741343,
  "shfer_w2_layer4": 0.40026809673827735,
  "shfer_w2_head": 0.39693521118726954
}