{
  "diverged": false,
  "n_steps": 10000,
  "spikes": 375,
  "train_loss_tail": 0.0013095719179837034,
  "val_loss": 2.0522501953125,
  "val_acc": 0.568,
  "lam_tail": 0.5560055375099182,
  "chi_tail": 0.02780027687549591,
  "sharpness_threshold": 60.0,
  "secs": 1278.1,
  "hfer_w1_mid": 0.3993554503262136,
  "raw_paths": "",
  "w0_conv1_hfer0.5": 0.4967202304421414,
  "w0_conv1_hfer0.6": 0.3911553743498305,
  "w0_conv1_hfer0.7": 0.2891453888065979,
  "w0_conv1_hfer0.6_hann": 0.3932347893756199,
  "w0_conv1_msr": 0.12648217764105038,
  "gnorm_w0_conv1": 0.7164994723289347,
  "w0_layer2.0.conv1_hfer0.5": 0.49759538879621784,
  "w0_layer2.0.conv1_hfer0.6": 0.39484279408283324,
  "w0_layer2.0.conv1_hfer0.7": 0.29469081774273637,
  "w0_layer2.0.conv1_hfer0.6_hann": 0.3944241337222672,
  "w0_layer2.0.conv1_msr": 0.12624798548739175,
  "gnorm_w0_layer2.0.conv1": 0.690766169578887,
  "w0_layer3.0.conv1_hfer0.5": 0.49947826439322496,
  "w0_layer3.0.conv1_hfer0.6": 0.39810638162686635,
  "w0_layer3.0.conv1_hfer0.7": 0.29831867067369894,
  "w0_layer3.0.conv1_hfer0.6_hann": 0.39791743259020057,
  "w0_layer3.0.conv1_msr": 0.12615846631817376,
  "gnorm_w0_layer3.0.conv1": 1.193595673916529,
  "w0_linear_hfer0.5": 0.49739760950521195,
  "w0_linear_hfer0.6": 0.3918406209567588,
  "w0_linear_hfer0.7": 0.2917037799912745,
  "w0_linear_hfer0.6_hann": 0.38864762310566503,
  "w0_linear_msr": 0.12638825911321844,
  "gnorm_w0_linear": 1.2998460075016836,
  "w1_conv1_hfer0.5": 0.4961808699998236,
  "w1_conv1_hfer0.6": 0.3929142275213014,
  "w1_conv1_hfer0.7": 0.29504787712855884,
  "w1_conv1_hfer0.6_hann": 0.39511804477150303,
  "w1_conv1_msr": 0.12612916024312434,
  "gnorm_w1_conv1": 0.09210070404252649,
  "w1_layer2.0.conv1_hfer0.5": 0.4996136046287572,
  "w1_layer2.0.conv1_hfer0.6": 0.39898438517581075,
  "w1_layer2.0.conv1_hfer0.7": 0.29918335282199665,
  "w1_layer2.0.conv1_hfer0.6_hann": 0.39915605221928635,
  "w1_layer2.0.conv1_msr": 0.1261399661886073,
  "gnorm_w1_layer2.0.conv1": 0.0969627518964423,
  "w1_layer3.0.conv1_hfer0.5": 0.4996450713290782,
  "w1_layer3.0.conv1_hfer0.6": 0.3993554503262136,
  "w1_layer3.0.conv1_hfer0.7": 0.29964278880415723,
  "w1_layer3.0.conv1_hfer0.6_hann": 0.4000318238266334,
  "w1_layer3.0.conv1_msr": 0.12609095567804532,
  "gnorm_w1_layer3.0.conv1": 0.1907365888509439,
  "w1_linear_hfer0.5": 0.49655750342265703,
  "w1_linear_hfer0.6": 0.3964483363743911,
  "w1_linear_hfer0.7": 0.29614294649404216,
  "w1_linear_hfer0.6_hann": 0.39688057385840925,
  "w1_linear_msr": 0.12628000474337228,
  "gnorm_w1_linear": 0.12317187033329324,
  "w2_conv1_hfer0.5": 0.4992269293996516,
  "w2_conv1_hfer0.6": 0.3961546370095759,
  "w2_conv1_hfer0.7": 0.295862299687479,
  "w2_conv1_hfer0.6_hann": 0.400476086083018,
  "w2_conv1_msr": 0.1260584069029782,
  "gnorm_w2_conv1": 0.013475536235675153,
  "w2_layer2.0.conv1_hfer0.5": 0.5008386482382926,
  "w2_layer2.0.conv1_hfer0.6": 0.39801987384274173,
  "w2_layer2.0.conv1_hfer0.7": 0.2973368991684255,
  "w2_layer2.0.conv1_hfer0.6_hann": 0.39992509505180396,
  "w2_layer2.0.conv1_msr": 0.12603598648071057,
  "gnorm_w2_layer2.0.conv1": 0.015130481815842152,
  "w2_layer3.0.conv1_hfer0.5": 0.4999528358852795,
  "w2_layer3.0.conv1_hfer0.6": 0.3972846365854234,
  "w2_layer3.0.conv1_hfer0.7": 0.2969056406149477,
  "w2_layer3.0.conv1_hfer0.6_hann": 0.39960983858623167,
  "w2_layer3.0.conv1_msr": 0.1260077185023268,
  "gnorm_w2_layer3.0.conv1": 0.030567567684805896,
  "w2_linear_hfer0.5": 0.4988678365378042,
  "w2_linear_hfer0.6": 0.3959629432861975,
  "w2_linear_hfer0.7": 0.29451129220433164,
  "w2_linear_hfer0.6_hann": 0.4006281984447135,
  "w2_linear_msr": 0.12606308845232853,
  "gnorm_w2_linear": 0.04317757652131809,
  "shfer_w0_all": 0.39889093416129734,
  "shfer_w0_stem": 0.39004450054953815,
  "shfer_w0_layer1": 0.3938834895893683,
  "shfer_w0_layer2": 0.39726558834939263,
  "shfer_w0_layer3": 0.4006223044259579,
  "shfer_w0_layer4": 0.3994666260123258,
  "shfer_w0_head": 0.3911187917080117,
  "shfer_w1_all": 0.4022280474392625,
  "shfer_w1_stem": 0.3928659562776746,
  "shfer_w1_layer1": 0.39702709571251366,
  "shfer_w1_layer2": 0.4012631478434291,
  "shfer_w1_layer3": 0.405000791739538,
  "shfer_w1_layer4": 0.4007494717599422,
  "shfer_w1_head": 0.39532869124337144,
  "shfer_w2_all": 0.39752485675603766,
  "shfer_w2_stem": 0.3967258791753024,
  "shfer_w2_layer1": 0.3981072683129603,
  "shfer_w2_layer2": 0.39920932994857544,
  "shfer_w2_layer3": 0.3963773332944117,
  "shfer_w2_layer4": 0.397000580059257,
  "shfer_w2_head": 0.39661342870773303
}