{
  "diverged": false,
  "n_steps": 10000,
  "spikes": 417,
  "train_loss_tail": 0.0017739850331563503,
  "val_loss": 2.1164209716796876,
  "val_acc": 0.5767,
  "lam_tail": 0.20286355912685394,
  "chi_tail": 0.020286355912685395,
  "sharpness_threshold": 30.0,
  "secs": 1278.0,
  "hfer_w1_mid": 0.4000026762129057,
  "raw_paths": "",
  "w0_conv1_hfer0.5": 0.4993011325445635,
  "w0_conv1_hfer0.6": 0.391744530220683,
  "w0_conv1_hfer0.7": 0.28979784861464836,
  "w0_conv1_hfer0.6_hann": 0.3876208641486464,
  "w0_conv1_msr": 0.12644482278362343,
  "gnorm_w0_conv1": 0.5272696779342061,
  "w0_layer2.0.conv1_hfer0.5": 0.49877078796735,
  "w0_layer2.0.conv1_hfer0.6": 0.3957931780297445,
  "w0_layer2.0.conv1_hfer0.7": 0.2966531436883246,
  "w0_layer2.0.conv1_hfer0.6_hann": 0.39610851561224997,
  "w0_layer2.0.conv1_msr": 0.12611304720857994,
  "gnorm_w0_layer2.0.conv1": 0.47759478464689104,
  "w0_layer3.0.conv1_hfer0.5": 0.4996260865997476,
  "w0_layer3.0.conv1_hfer0.6": 0.3978787667154581,
  "w0_layer3.0.conv1_hfer0.7": 0.2983947589803625,
  "w0_layer3.0.conv1_hfer0.6_hann": 0.3979316638985136,
  "w0_layer3.0.conv1_msr": 0.1261229205529125,
  "gnorm_w0_layer3.0.conv1": 0.8317237432447284,
  "w0_linear_hfer0.5": 0.4952463901314737,
  "w0_linear_hfer0.6": 0.39018343129919514,
  "w0_linear_hfer0.7": 0.29077955518418463,
  "w0_linear_hfer0.6_hann": 0.39168760499474764,
  "w0_linear_msr": 0.12630591430750124,
  "gnorm_w0_linear": 1.146903589153418,
  "w1_conv1_hfer0.5": 0.5046722602256047,
  "w1_conv1_hfer0.6": 0.40601465842688544,
  "w1_conv1_hfer0.7": 0.3048960036865022,
  "w1_conv1_hfer0.6_hann": 0.40079084960614125,
  "w1_conv1_msr": 0.12604330354258905,
  "gnorm_w1_conv1": 0.09014130195861832,
  "w1_layer2.0.conv1_hfer0.5": 0.5012756794427379,
  "w1_layer2.0.conv1_hfer0.6": 0.40088782942018664,
  "w1_layer2.0.conv1_hfer0.7": 0.30186862294537686,
  "w1_layer2.0.conv1_hfer0.6_hann": 0.39987114955439357,
  "w1_layer2.0.conv1_msr": 0.12602053696964122,
  "gnorm_w1_layer2.0.conv1": 0.08820443211842652,
  "w1_layer3.0.conv1_hfer0.5": 0.5002702187472445,
  "w1_layer3.0.conv1_hfer0.6": 0.4000026762129057,
  "w1_layer3.0.conv1_hfer0.7": 0.3007694040922013,
  "w1_layer3.0.conv1_hfer0.6_hann": 0.3998992643933202,
  "w1_layer3.0.conv1_msr": 0.12608015181240287,
  "gnorm_w1_layer3.0.conv1": 0.17563370786657617,
  "w1_linear_hfer0.5": 0.5014660141724542,
  "w1_linear_hfer0.6": 0.40083087082423285,
  "w1_linear_hfer0.7": 0.30262590177699367,
  "w1_linear_hfer0.6_hann": 0.3939694231463771,
  "w1_linear_msr": 0.12595136660380063,
  "gnorm_w1_linear": 0.14494003021057136,
  "w2_conv1_hfer0.5": 0.5011425002469478,
  "w2_conv1_hfer0.6": 0.40888582517189564,
  "w2_conv1_hfer0.7": 0.3064411001441133,
  "w2_conv1_hfer0.6_hann": 0.3989185257683562,
  "w2_conv1_msr": 0.12618310018898565,
  "gnorm_w2_conv1": 0.01018232519592833,
  "w2_layer2.0.conv1_hfer0.5": 0.5014226153801477,
  "w2_layer2.0.conv1_hfer0.6": 0.40264731098099893,
  "w2_layer2.0.conv1_hfer0.7": 0.30232181466620084,
  "w2_layer2.0.conv1_hfer0.6_hann": 0.4010216158069648,
  "w2_layer2.0.conv1_msr": 0.12604591410632188,
  "gnorm_w2_layer2.0.conv1": 0.010901138005565077,
  "w2_layer3.0.conv1_hfer0.5": 0.5015331683651337,
  "w2_layer3.0.conv1_hfer0.6": 0.4029540330255244,
  "w2_layer3.0.conv1_hfer0.7": 0.302407177710618,
  "w2_layer3.0.conv1_hfer0.6_hann": 0.40103034163916945,
  "w2_layer3.0.conv1_msr": 0.1260855052142361,
  "gnorm_w2_layer3.0.conv1": 0.0225855613946425,
  "w2_linear_hfer0.5": 0.5015053163745048,
  "w2_linear_hfer0.6": 0.4008458726558905,
  "w2_linear_hfer0.7": 0.3002523526385944,
  "w2_linear_hfer0.6_hann": 0.39927179634131854,
  "w2_linear_msr": 0.1261336391940844,
  "gnorm_w2_linear": 0.03837839221542204,
  "shfer_w0_all": 0.39532975840699625,
  "shfer_w0_stem": 0.3896318868507145,
  "shfer_w0_layer1": 0.3954768075572026,
  "shfer_w0_layer2": 0.39440429304963126,
  "shfer_w0_layer3": 0.3965931229523143,
  "shfer_w0_layer4": 0.3965241443403523,
  "shfer_w0_head": 0.3877073073230758,
  "shfer_w1_all": 0.40007425350934256,
  "shfer_w1_stem": 0.405552981575365,
  "shfer_w1_layer1": 0.39794712488807915,
  "shfer_w1_layer2": 0.39759292931245527,
  "shfer_w1_layer3": 0.3984770311059388,
  "shfer_w1_layer4": 0.4054142813781133,
  "shfer_w1_head": 0.3983551083573356,
  "shfer_w2_all": 0.4027918744129006,
  "shfer_w2_stem": 0.4083867965285572,
  "shfer_w2_layer1": 0.4037448390672617,
  "shfer_w2_layer2": 0.402703679498027,
  "shfer_w2_layer3": 0.4030382318040454,
  "shfer_w2_layer4": 0.4021282219997582,
  "shfer_w2_head": 0.40040293894245704
}