{
  "gate_pass": true,
  "p0": true,
  "p1": true,
  "p2": true,
  "primary_target": "h3.mlp.c_fc",
  "white_q975": 0.41821052606169,
  "lr0.02_diverged": false,
  "lr0.02_loss_end": 8.050956726074219,
  "lr0.02_hfer_rect_0.6": 0.827,
  "lr0.02_psd_spearman": 0.9221,
  "lr0.02_lag1_rho": -0.5993,
  "lr0.05_diverged": false,
  "lr0.05_loss_end": 7.684628963470459,
  "lr0.05_hfer_rect_0.6": 0.8331,
  "lr0.05_psd_spearman": 0.9575,
  "lr0.05_lag1_rho": -0.6521,
  "lr0.1_diverged": false,
  "lr0.1_loss_end": 7.426636219024658,
  "lr0.1_hfer_rect_0.6": 0.8622,
  "lr0.1_psd_spearman": 0.9608,
  "lr0.1_lag1_rho": -0.7154,
  "lr0.2_diverged": false,
  "lr0.2_loss_end": 7.58926248550415,
  "lr0.2_hfer_rect_0.6": 0.8566,
  "lr0.2_psd_spearman": 0.9002,
  "lr0.2_lag1_rho": -0.688,
  "lr0.5_diverged": false,
  "lr0.5_loss_end": 7.907708168029785,
  "lr0.5_hfer_rect_0.6": 0.8207,
  "lr0.5_psd_spearman": 0.7034,
  "lr0.5_lag1_rho": -0.6817
}