{
  "diverged": false,
  "n_steps": 10000,
  "spikes": 1302,
  "train_loss_tail": 0.00012329289280387456,
  "val_loss": 0.8092913269042968,
  "val_acc": 0.8425,
  "lam_tail": 6.27360725402832,
  "chi_tail": 0.627360725402832,
  "sharpness_threshold": 20.0,
  "secs": 1273.5,
  "hfer_w1_mid": 0.40362837434887283,
  "raw_paths": "/work/02/gs26/s26001/river-valley-momentum/codebases/results/raw/grid_cifar10_bn_ema_lr0.1_b0_s0/w1_layer3.0.conv1_G.npz;/work/02/gs26/s26001/river-valley-momentum/codebases/results/raw/grid_cifar10_bn_ema_lr0.1_b0_s0/w1_linear_G.npz",
  "w0_conv1_hfer0.5": 0.5628131851421436,
  "w0_conv1_hfer0.6": 0.44873796264386956,
  "w0_conv1_hfer0.7": 0.3377046924020128,
  "w0_conv1_hfer0.6_hann": 0.44319264387561136,
  "w0_conv1_msr": 1.0,
  "gnorm_w0_conv1": 0.5326257443316188,
  "w0_layer2.0.conv1_hfer0.5": 0.5291623280462223,
  "w0_layer2.0.conv1_hfer0.6": 0.42459371521051414,
  "w0_layer2.0.conv1_hfer0.7": 0.3193508318720995,
  "w0_layer2.0.conv1_hfer0.6_hann": 0.4218970710096794,
  "w0_layer2.0.conv1_msr": 1.0,
  "gnorm_w0_layer2.0.conv1": 0.5566261573020401,
  "w0_layer3.0.conv1_hfer0.5": 0.5186658799179226,
  "w0_layer3.0.conv1_hfer0.6": 0.41537479649361575,
  "w0_layer3.0.conv1_hfer0.7": 0.3123667157388265,
  "w0_layer3.0.conv1_hfer0.6_hann": 0.4129809128351213,
  "w0_layer3.0.conv1_msr": 1.0,
  "gnorm_w0_layer3.0.conv1": 0.9504700319376373,
  "w0_linear_hfer0.5": 0.6953590899999261,
  "w0_linear_hfer0.6": 0.5795971850492232,
  "w0_linear_hfer0.7": 0.4525322102828356,
  "w0_linear_hfer0.6_hann": 0.5507973707377307,
  "w0_linear_msr": 1.0,
  "gnorm_w0_linear": 0.641052086196041,
  "w1_conv1_hfer0.5": 0.5174009706621606,
  "w1_conv1_hfer0.6": 0.4131292026941989,
  "w1_conv1_hfer0.7": 0.311747493809935,
  "w1_conv1_hfer0.6_hann": 0.4093380091849453,
  "w1_conv1_msr": 1.0,
  "gnorm_w1_conv1": 0.2422056043998523,
  "w1_layer2.0.conv1_hfer0.5": 0.5079766279824512,
  "w1_layer2.0.conv1_hfer0.6": 0.4057574178877032,
  "w1_layer2.0.conv1_hfer0.7": 0.30564435663785056,
  "w1_layer2.0.conv1_hfer0.6_hann": 0.4059700573814491,
  "w1_layer2.0.conv1_msr": 1.0,
  "gnorm_w1_layer2.0.conv1": 0.27480353001326513,
  "w1_layer3.0.conv1_hfer0.5": 0.5050685086936001,
  "w1_layer3.0.conv1_hfer0.6": 0.40362837434887283,
  "w1_layer3.0.conv1_hfer0.7": 0.3034394539016289,
  "w1_layer3.0.conv1_hfer0.6_hann": 0.4036186784396573,
  "w1_layer3.0.conv1_msr": 1.0,
  "gnorm_w1_layer3.0.conv1": 0.5134239749422188,
  "w1_linear_hfer0.5": 0.5541746565814932,
  "w1_linear_hfer0.6": 0.44691840367715385,
  "w1_linear_hfer0.7": 0.33144473842964317,
  "w1_linear_hfer0.6_hann": 0.45833120704955804,
  "w1_linear_msr": 1.0,
  "gnorm_w1_linear": 0.18285503741850206,
  "w2_conv1_hfer0.5": 0.5035941639506323,
  "w2_conv1_hfer0.6": 0.4036472166341248,
  "w2_conv1_hfer0.7": 0.296500161981897,
  "w2_conv1_hfer0.6_hann": 0.4036801442581809,
  "w2_conv1_msr": 1.0,
  "gnorm_w2_conv1": 0.028230866639599703,
  "w2_layer2.0.conv1_hfer0.5": 0.5018364681802941,
  "w2_layer2.0.conv1_hfer0.6": 0.40091712051050454,
  "w2_layer2.0.conv1_hfer0.7": 0.3003873050716442,
  "w2_layer2.0.conv1_hfer0.6_hann": 0.4012953236691717,
  "w2_layer2.0.conv1_msr": 1.0,
  "gnorm_w2_layer2.0.conv1": 0.02815151301100377,
  "w2_layer3.0.conv1_hfer0.5": 0.5018199376690581,
  "w2_layer3.0.conv1_hfer0.6": 0.4016276496606443,
  "w2_layer3.0.conv1_hfer0.7": 0.3016777269799136,
  "w2_layer3.0.conv1_hfer0.6_hann": 0.4010393250584989,
  "w2_layer3.0.conv1_msr": 1.0,
  "gnorm_w2_layer3.0.conv1": 0.05502311047957372,
  "w2_linear_hfer0.5": 0.5227492885037803,
  "w2_linear_hfer0.6": 0.4242266077288627,
  "w2_linear_hfer0.7": 0.3267368874134099,
  "w2_linear_hfer0.6_hann": 0.4100453176420224,
  "w2_linear_msr": 1.0,
  "gnorm_w2_linear": 0.016396011479506915,
  "shfer_w0_all": 0.42819728796427725,
  "shfer_w0_stem": 0.4474641885012241,
  "shfer_w0_layer1": 0.43240462671189045,
  "shfer_w0_layer2": 0.4211218779826733,
  "shfer_w0_layer3": 0.4162012836655828,
  "shfer_w0_layer4": 0.42588993445939705,
  "shfer_w0_head": 0.5838409794380883,
  "shfer_w1_all": 0.4005705370823128,
  "shfer_w1_stem": 0.4088907058666037,
  "shfer_w1_layer1": 0.40733984139360196,
  "shfer_w1_layer2": 0.4050166638011658,
  "shfer_w1_layer3": 0.4018118130776659,
  "shfer_w1_layer4": 0.40459204819846245,
  "shfer_w1_head": 0.44653746530567434,
  "shfer_w2_all": 0.403685327967519,
  "shfer_w2_stem": 0.39930674833980895,
  "shfer_w2_layer1": 0.40096923572828036,
  "shfer_w2_layer2": 0.4000931781489747,
  "shfer_w2_layer3": 0.4042644474343269,
  "shfer_w2_layer4": 0.4037360004052088,
  "shfer_w2_head": 0.423169333474408
}