{
  "diverged": false,
  "n_steps": 10000,
  "spikes": 3,
  "train_loss_tail": 0.2126953491270542,
  "val_loss": 1.3155652954101562,
  "val_acc": 0.6934,
  "lam_tail": 0.316325306892395,
  "chi_tail": 1.0122409820556642,
  "sharpness_threshold": 0.9375,
  "secs": 836.4,
  "hfer_w1_mid": 0.3979411918722963,
  "raw_paths": "",
  "w0_conv1_hfer0.5": 0.49692235414884645,
  "w0_conv1_hfer0.6": 0.39219221039676166,
  "w0_conv1_hfer0.7": 0.28334743857258987,
  "w0_conv1_hfer0.6_hann": 0.39455556765899585,
  "w0_conv1_msr": 0.5070654003502268,
  "gnorm_w0_conv1": 0.07200559989749586,
  "w0_layer2.0.conv1_hfer0.5": 0.5038024648358448,
  "w0_layer2.0.conv1_hfer0.6": 0.39702374439202714,
  "w0_layer2.0.conv1_hfer0.7": 0.2944614257241248,
  "w0_layer2.0.conv1_hfer0.6_hann": 0.4011516195149986,
  "w0_layer2.0.conv1_msr": 0.5056076224777936,
  "gnorm_w0_layer2.0.conv1": 0.06993224329546766,
  "w0_layer3.0.conv1_hfer0.5": 0.5053700813455193,
  "w0_layer3.0.conv1_hfer0.6": 0.3979411918722963,
  "w0_layer3.0.conv1_hfer0.7": 0.29494258312922983,
  "w0_layer3.0.conv1_hfer0.6_hann": 0.3980557160212219,
  "w0_layer3.0.conv1_msr": 0.5058333844964399,
  "gnorm_w0_layer3.0.conv1": 0.08294098377281911,
  "w0_linear_hfer0.5": 0.5349522835755454,
  "w0_linear_hfer0.6": 0.4061004990860432,
  "w0_linear_hfer0.7": 0.2928233189373526,
  "w0_linear_hfer0.6_hann": 0.3946097073854403,
  "w0_linear_msr": 0.5093596069005366,
  "gnorm_w0_linear": 0.11187539887416768
}