{
  "gate_pass": true,
  "gaussian_NSR_mean": {
    "0.0": 0.9999999999999996,
    "0.5": 0.32982161154021156,
    "0.9": 0.053289805789459216,
    "0.95": 0.025864679568661394,
    "0.99": 0.0032516878764721866
  },
  "gaussian_NSR_std": {
    "0.0": 1.5700924586837752e-16,
    "0.5": 0.011976737419077989,
    "0.9": 0.011647178498819277,
    "0.95": 0.008676768864705206,
    "0.99": 0.001529640470188563
  },
  "gaussian_NSR_inst_mean": {
    "0.0": 0.9999999999999996,
    "0.5": 0.6576350034649235,
    "0.9": 0.710872320220814,
    "0.95": 0.9643783773288858,
    "0.99": 3.0695964788260217
  },
  "gaussian_align_g_mean": {
    "0.0": 0.38739290458943537,
    "0.5": 0.5399307875091671,
    "0.9": 0.5442436539647829,
    "0.95": 0.5412126555544642,
    "0.99": 0.39551008218403133
  },
  "gaussian_align_m_mean": {
    "0.0": 0.38739290458943537,
    "0.5": 0.5947502510148391,
    "0.9": 0.6436624280834942,
    "0.95": 0.658582878371683,
    "0.99": 0.624652502252063
  },
  "anisotropic_NSR_mean": {
    "0.0": 0.9999999999999999,
    "0.5": 0.32444627725840863,
    "0.9": 0.05041108670467753,
    "0.95": 0.028647318309637338,
    "0.99": 0.003648911072792475
  },
  "anisotropic_NSR_std": {
    "0.0": 0.0,
    "0.5": 0.023213566994865986,
    "0.9": 0.012071216850762132,
    "0.95": 0.014517066999734625,
    "0.99": 0.0018440778316269968
  },
  "anisotropic_NSR_inst_mean": {
    "0.0": 0.9999999999999999,
    "0.5": 0.8532049664891677,
    "0.9": 0.8248264758575535,
    "0.95": 0.7317808575536783,
    "0.99": 0.874794394376465
  },
  "anisotropic_align_g_mean": {
    "0.0": 0.16360989104581133,
    "0.5": 0.25815470582244787,
    "0.9": 0.2742709337295777,
    "0.95": 0.29184861485181607,
    "0.99": 0.2767708628553626
  },
  "anisotropic_align_m_mean": {
    "0.0": 0.16360989104581133,
    "0.5": 0.3045181216206255,
    "0.9": 0.37105453802776484,
    "0.95": 0.41542101145473526,
    "0.99": 0.5396444938294541
  },
  "heavy_tailed_NSR_mean": {
    "0.0": 0.9999999999999996,
    "0.5": 0.3419010832307458,
    "0.9": 0.05678505530995239,
    "0.95": 0.029026239246796467,
    "0.99": 0.003036193911309453
  },
  "heavy_tailed_NSR_std": {
    "0.0": 2.1499376424746292e-16,
    "0.5": 0.017369138838067583,
    "0.9": 0.009395143806261354,
    "0.95": 0.009052682326238789,
    "0.99": 0.0012354868190863108
  },
  "heavy_tailed_NSR_inst_mean": {
    "0.0": 0.9999999999999996,
    "0.5": 0.6651215558713673,
    "0.9": 0.8449226386670569,
    "0.95": 1.1036098773466856,
    "0.99": 3.619444930503425
  },
  "heavy_tailed_align_g_mean": {
    "0.0": 0.35501308779499485,
    "0.5": 0.5273593756976731,
    "0.9": 0.49208599581486795,
    "0.95": 0.4575299095455561,
    "0.99": 0.33187722569602146
  },
  "heavy_tailed_align_m_mean": {
    "0.0": 0.35501308779499485,
    "0.5": 0.6018955643972762,
    "0.9": 0.6300476131915961,
    "0.95": 0.6349002463137686,
    "0.99": 0.6476399089713959
  }
}