{
  "diverged": false,
  "n_steps": 10000,
  "spikes": 1249,
  "train_loss_tail": 0.011948015203757677,
  "val_loss": 1.06451533203125,
  "val_acc": 0.8285,
  "lam_tail": 4.103241443634033,
  "chi_tail": 0.16412965774536148,
  "sharpness_threshold": 97.4999999999999,
  "secs": 806.3,
  "hfer_w1_mid": 0.39515401230836233,
  "raw_paths": "",
  "w0_conv1_hfer0.5": 0.4806307726895648,
  "w0_conv1_hfer0.6": 0.38211816776692875,
  "w0_conv1_hfer0.7": 0.28677167208856263,
  "w0_conv1_hfer0.6_hann": 0.3779760307519838,
  "w0_conv1_msr": 0.30660573030799443,
  "gnorm_w0_conv1": 0.12169376066925498,
  "w0_layer2.0.conv1_hfer0.5": 0.49272674560031576,
  "w0_layer2.0.conv1_hfer0.6": 0.3939397859615994,
  "w0_layer2.0.conv1_hfer0.7": 0.29592786990284553,
  "w0_layer2.0.conv1_hfer0.6_hann": 0.3932427611525624,
  "w0_layer2.0.conv1_msr": 0.30665266143933545,
  "gnorm_w0_layer2.0.conv1": 0.1348413693137819,
  "w0_layer3.0.conv1_hfer0.5": 0.4946941679506377,
  "w0_layer3.0.conv1_hfer0.6": 0.39515401230836233,
  "w0_layer3.0.conv1_hfer0.7": 0.29680060126779567,
  "w0_layer3.0.conv1_hfer0.6_hann": 0.39504667614284655,
  "w0_layer3.0.conv1_msr": 0.30666911810031355,
  "gnorm_w0_layer3.0.conv1": 0.2778512597287898,
  "w0_linear_hfer0.5": 0.43310372214800247,
  "w0_linear_hfer0.6": 0.3427911634958257,
  "w0_linear_hfer0.7": 0.25742439891804403,
  "w0_linear_hfer0.6_hann": 0.3408254461909248,
  "w0_linear_msr": 0.30683852157161123,
  "gnorm_w0_linear": 0.13523432623831252
}