{
  "loss0": 10.870269775390625,
  "loss_end": 8.786689758300781,
  "val_loss": 8.94361925125122,
  "diverged": false,
  "spikes": 0,
  "lam_last": 29.689111709594727,
  "chi_last": 0.14844555854797362,
  "n_raw_windows": 4,
  "n_lb_windows": 4,
  "n_sketch_steps": 16,
  "n_lb_align": 2,
  "n_eig": 1,
  "eig_top": 22.34205705356393,
  "instrumentation_ok": true,
  "secs": 57.7,
  "gate_pass": true
}