{
  "diverged": false,
  "n_steps": 10000,
  "spikes": 349,
  "train_loss_tail": 0.0016012257143156604,
  "val_loss": 2.2085584228515627,
  "val_acc": 0.5525,
  "lam_tail": 0.4309735894203186,
  "chi_tail": 0.000430973589420319,
  "sharpness_threshold": 3979.9999999999964,
  "secs": 1257.9,
  "hfer_w1_mid": 0.39460715258569423,
  "raw_paths": "",
  "w0_conv1_hfer0.5": 0.38745373091463536,
  "w0_conv1_hfer0.6": 0.30984587059534346,
  "w0_conv1_hfer0.7": 0.23399209309149333,
  "w0_conv1_hfer0.6_hann": 0.3189481906923739,
  "w0_conv1_msr": 3.045957055803015e-05,
  "gnorm_w0_conv1": 0.9363162387971146,
  "w0_layer2.0.conv1_hfer0.5": 0.45672570098970544,
  "w0_layer2.0.conv1_hfer0.6": 0.364442294356804,
  "w0_layer2.0.conv1_hfer0.7": 0.2746027293139209,
  "w0_layer2.0.conv1_hfer0.6_hann": 0.3652209825128085,
  "w0_layer2.0.conv1_msr": 3.054231315437604e-05,
  "gnorm_w0_layer2.0.conv1": 0.6949934688577527,
  "w0_layer3.0.conv1_hfer0.5": 0.4753725757337606,
  "w0_layer3.0.conv1_hfer0.6": 0.3795884694385546,
  "w0_layer3.0.conv1_hfer0.7": 0.2854581853217673,
  "w0_layer3.0.conv1_hfer0.6_hann": 0.38030696164203265,
  "w0_layer3.0.conv1_msr": 3.045464187431247e-05,
  "gnorm_w0_layer3.0.conv1": 1.1913390114975577,
  "w0_linear_hfer0.5": 0.44527800315515,
  "w0_linear_hfer0.6": 0.35517349377204094,
  "w0_linear_hfer0.7": 0.2665727215678099,
  "w0_linear_hfer0.6_hann": 0.35740811619070917,
  "w0_linear_msr": 3.084112350641121e-05,
  "gnorm_w0_linear": 1.6233035100932194,
  "w1_conv1_hfer0.5": 0.4504054581638834,
  "w1_conv1_hfer0.6": 0.35953752866958577,
  "w1_conv1_hfer0.7": 0.2729541545958783,
  "w1_conv1_hfer0.6_hann": 0.3713038657449062,
  "w1_conv1_msr": 3.1069079158740953e-05,
  "gnorm_w1_conv1": 0.2770377743249524,
  "w1_layer2.0.conv1_hfer0.5": 0.4881717839932773,
  "w1_layer2.0.conv1_hfer0.6": 0.3898300004913607,
  "w1_layer2.0.conv1_hfer0.7": 0.2928741258257953,
  "w1_layer2.0.conv1_hfer0.6_hann": 0.3931025021112356,
  "w1_layer2.0.conv1_msr": 3.13264280135437e-05,
  "gnorm_w1_layer2.0.conv1": 0.2498850898442019,
  "w1_layer3.0.conv1_hfer0.5": 0.49363432094713444,
  "w1_layer3.0.conv1_hfer0.6": 0.39460715258569423,
  "w1_layer3.0.conv1_hfer0.7": 0.2964788926887846,
  "w1_layer3.0.conv1_hfer0.6_hann": 0.39664885083639545,
  "w1_layer3.0.conv1_msr": 3.1232568207802887e-05,
  "gnorm_w1_layer3.0.conv1": 0.5185640014513846,
  "w1_linear_hfer0.5": 0.47241131553171795,
  "w1_linear_hfer0.6": 0.3781136072043568,
  "w1_linear_hfer0.7": 0.2849725478999796,
  "w1_linear_hfer0.6_hann": 0.3855469825724459,
  "w1_linear_msr": 3.1242131190200105e-05,
  "gnorm_w1_linear": 0.3578669992725857,
  "w2_conv1_hfer0.5": 0.500332008548581,
  "w2_conv1_hfer0.6": 0.39972889816189233,
  "w2_conv1_hfer0.7": 0.29812145958925895,
  "w2_conv1_hfer0.6_hann": 0.3976820512162372,
  "w2_conv1_msr": 3.139555314213625e-05,
  "gnorm_w2_conv1": 0.01806458989147401,
  "w2_layer2.0.conv1_hfer0.5": 0.5008599201037023,
  "w2_layer2.0.conv1_hfer0.6": 0.40000681761258444,
  "w2_layer2.0.conv1_hfer0.7": 0.30135793173033437,
  "w2_layer2.0.conv1_hfer0.6_hann": 0.3988331413874311,
  "w2_layer2.0.conv1_msr": 3.195245922134995e-05,
  "gnorm_w2_layer2.0.conv1": 0.018163139929328036,
  "w2_layer3.0.conv1_hfer0.5": 0.5005180487378856,
  "w2_layer3.0.conv1_hfer0.6": 0.39962763081791586,
  "w2_layer3.0.conv1_hfer0.7": 0.3009800468576851,
  "w2_layer3.0.conv1_hfer0.6_hann": 0.39879144781499026,
  "w2_layer3.0.conv1_msr": 3.194145426073392e-05,
  "gnorm_w2_layer3.0.conv1": 0.03962488302238158,
  "w2_linear_hfer0.5": 0.4990826699131706,
  "w2_linear_hfer0.6": 0.3975956147207217,
  "w2_linear_hfer0.7": 0.30053777822400685,
  "w2_linear_hfer0.6_hann": 0.3976717567088973,
  "w2_linear_msr": 3.2122045982840564e-05,
  "gnorm_w2_linear": 0.04759437451839342,
  "shfer_w0_all": 0.3741730606047344,
  "shfer_w0_stem": 0.3081148339467507,
  "shfer_w0_layer1": 0.35446873190089095,
  "shfer_w0_layer2": 0.3718369477377287,
  "shfer_w0_layer3": 0.38009192715131357,
  "shfer_w0_layer4": 0.38471250362309956,
  "shfer_w0_head": 0.3554006578287888,
  "shfer_w1_all": 0.3916889594907582,
  "shfer_w1_stem": 0.3588278058978863,
  "shfer_w1_layer1": 0.38219669660838235,
  "shfer_w1_layer2": 0.39261908879114443,
  "shfer_w1_layer3": 0.39552871253191463,
  "shfer_w1_layer4": 0.39205897398113376,
  "shfer_w1_head": 0.3774023787441745,
  "shfer_w2_all": 0.3991751066682312,
  "shfer_w2_stem": 0.40122712234109137,
  "shfer_w2_layer1": 0.3986310089161954,
  "shfer_w2_layer2": 0.39973012490196325,
  "shfer_w2_layer3": 0.39847877782213925,
  "shfer_w2_layer4": 0.40111674493243604,
  "shfer_w2_head": 0.3985767029739475
}