{
  "diverged": false,
  "n_steps": 10000,
  "spikes": 1110,
  "train_loss_tail": 0.013638857293408364,
  "val_loss": 1.1197554992675782,
  "val_acc": 0.8069,
  "lam_tail": 9.331146240234375,
  "chi_tail": 3.7324584960937504,
  "sharpness_threshold": 5.0,
  "secs": 813.5,
  "hfer_w1_mid": 0.4067158378112505,
  "raw_paths": "",
  "w0_conv1_hfer0.5": 0.5539884905852082,
  "w0_conv1_hfer0.6": 0.44286398275843597,
  "w0_conv1_hfer0.7": 0.3289506311262547,
  "w0_conv1_hfer0.6_hann": 0.44294055236637714,
  "w0_conv1_msr": 1.0,
  "gnorm_w0_conv1": 0.21947007026108958,
  "w0_layer2.0.conv1_hfer0.5": 0.5127052827047799,
  "w0_layer2.0.conv1_hfer0.6": 0.4091448293229371,
  "w0_layer2.0.conv1_hfer0.7": 0.30752097687764346,
  "w0_layer2.0.conv1_hfer0.6_hann": 0.41029324732468336,
  "w0_layer2.0.conv1_msr": 1.0,
  "gnorm_w0_layer2.0.conv1": 0.15229653970521484,
  "w0_layer3.0.conv1_hfer0.5": 0.5086370330186594,
  "w0_layer3.0.conv1_hfer0.6": 0.4067158378112505,
  "w0_layer3.0.conv1_hfer0.7": 0.3057895506401454,
  "w0_layer3.0.conv1_hfer0.6_hann": 0.40689382882536546,
  "w0_layer3.0.conv1_msr": 1.0,
  "gnorm_w0_layer3.0.conv1": 0.3097143090347884,
  "w0_linear_hfer0.5": 0.575274431569352,
  "w0_linear_hfer0.6": 0.46334955650436765,
  "w0_linear_hfer0.7": 0.3485609765754986,
  "w0_linear_hfer0.6_hann": 0.455279775119842,
  "w0_linear_msr": 1.0,
  "gnorm_w0_linear": 0.16566676031115896
}