{
  "diverged": false,
  "n_steps": 10000,
  "spikes": 1355,
  "train_loss_tail": 0.006883531650601071,
  "val_loss": 1.0326484313964843,
  "val_acc": 0.834,
  "lam_tail": 11.109983444213867,
  "chi_tail": 0.4443993377685546,
  "sharpness_threshold": 95.00000000000001,
  "secs": 1189.4,
  "hfer_w1_mid": 0.39610702272149834,
  "raw_paths": "",
  "w0_conv1_hfer0.5": 0.4589306875070487,
  "w0_conv1_hfer0.6": 0.3670236175172068,
  "w0_conv1_hfer0.7": 0.2745855771017336,
  "w0_conv1_hfer0.6_hann": 0.36992677459724854,
  "w0_conv1_msr": 0.003216450255118519,
  "gnorm_w0_conv1": 0.27242598056089856,
  "w0_layer2.0.conv1_hfer0.5": 0.47763969458772604,
  "w0_layer2.0.conv1_hfer0.6": 0.3821347557732929,
  "w0_layer2.0.conv1_hfer0.7": 0.2866425816305224,
  "w0_layer2.0.conv1_hfer0.6_hann": 0.3834018796404919,
  "w0_layer2.0.conv1_msr": 0.003216046973452456,
  "gnorm_w0_layer2.0.conv1": 0.27958314842211723,
  "w0_layer3.0.conv1_hfer0.5": 0.48224595690149413,
  "w0_layer3.0.conv1_hfer0.6": 0.38495330347207657,
  "w0_layer3.0.conv1_hfer0.7": 0.2891276465731874,
  "w0_layer3.0.conv1_hfer0.6_hann": 0.3863826041328723,
  "w0_layer3.0.conv1_msr": 0.0032144338228289786,
  "gnorm_w0_layer3.0.conv1": 0.45581471148447905,
  "w0_linear_hfer0.5": 0.3776839837158107,
  "w0_linear_hfer0.6": 0.2987453198699924,
  "w0_linear_hfer0.7": 0.22576287271446194,
  "w0_linear_hfer0.6_hann": 0.3019051215571449,
  "w0_linear_msr": 0.0032073389737045693,
  "gnorm_w0_linear": 0.4046031736858674,
  "w1_conv1_hfer0.5": 0.4820566866262697,
  "w1_conv1_hfer0.6": 0.38890491192495535,
  "w1_conv1_hfer0.7": 0.29090787419200403,
  "w1_conv1_hfer0.6_hann": 0.39031573938607333,
  "w1_conv1_msr": 0.0032140266867343096,
  "gnorm_w1_conv1": 0.1662404665463826,
  "w1_layer2.0.conv1_hfer0.5": 0.4938628415063095,
  "w1_layer2.0.conv1_hfer0.6": 0.3952583923600404,
  "w1_layer2.0.conv1_hfer0.7": 0.29687212657930917,
  "w1_layer2.0.conv1_hfer0.6_hann": 0.3951079267580964,
  "w1_layer2.0.conv1_msr": 0.0032098955871590245,
  "gnorm_w1_layer2.0.conv1": 0.18696117916819155,
  "w1_layer3.0.conv1_hfer0.5": 0.4956942964531058,
  "w1_layer3.0.conv1_hfer0.6": 0.39610702272149834,
  "w1_layer3.0.conv1_hfer0.7": 0.2974990271911691,
  "w1_layer3.0.conv1_hfer0.6_hann": 0.3959631318743981,
  "w1_layer3.0.conv1_msr": 0.003210725204536724,
  "gnorm_w1_layer3.0.conv1": 0.34692373920597364,
  "w1_linear_hfer0.5": 0.4389732462959047,
  "w1_linear_hfer0.6": 0.35044243626190513,
  "w1_linear_hfer0.7": 0.26584934110168074,
  "w1_linear_hfer0.6_hann": 0.3402279611670727,
  "w1_linear_msr": 0.0031998823439419876,
  "gnorm_w1_linear": 0.19164089505464899,
  "w2_conv1_hfer0.5": 0.49187176037707214,
  "w2_conv1_hfer0.6": 0.39378327720601947,
  "w2_conv1_hfer0.7": 0.2964093417278596,
  "w2_conv1_hfer0.6_hann": 0.39082754100720046,
  "w2_conv1_msr": 0.0032000827833675916,
  "gnorm_w2_conv1": 0.11864050693876753,
  "w2_layer2.0.conv1_hfer0.5": 0.49900698034771457,
  "w2_layer2.0.conv1_hfer0.6": 0.3983420820388131,
  "w2_layer2.0.conv1_hfer0.7": 0.2994034046704168,
  "w2_layer2.0.conv1_hfer0.6_hann": 0.39820673816254115,
  "w2_layer2.0.conv1_msr": 0.0032053427939192176,
  "gnorm_w2_layer2.0.conv1": 0.1340839998456782,
  "w2_layer3.0.conv1_hfer0.5": 0.49863936016034244,
  "w2_layer3.0.conv1_hfer0.6": 0.3983229478312822,
  "w2_layer3.0.conv1_hfer0.7": 0.2992444657826481,
  "w2_layer3.0.conv1_hfer0.6_hann": 0.39801738300619366,
  "w2_layer3.0.conv1_msr": 0.003206044599736277,
  "gnorm_w2_layer3.0.conv1": 0.2516306423395033,
  "w2_linear_hfer0.5": 0.47056172806590085,
  "w2_linear_hfer0.6": 0.37571155723860467,
  "w2_linear_hfer0.7": 0.278469119940143,
  "w2_linear_hfer0.6_hann": 0.37098431641048907,
  "w2_linear_msr": 0.0032163308977318085,
  "gnorm_w2_linear": 0.11811318441166259,
  "shfer_w0_all": 0.3775358513624371,
  "shfer_w0_stem": 0.3678250475493311,
  "shfer_w0_layer1": 0.37611857922452024,
  "shfer_w0_layer2": 0.3811945169832016,
  "shfer_w0_layer3": 0.3854433883056119,
  "shfer_w0_layer4": 0.3767045458608234,
  "shfer_w0_head": 0.2998034675529474,
  "shfer_w1_all": 0.3965061645652856,
  "shfer_w1_stem": 0.38967957968739225,
  "shfer_w1_layer1": 0.3939349647414928,
  "shfer_w1_layer2": 0.3933532310574898,
  "shfer_w1_layer3": 0.3972811194226116,
  "shfer_w1_layer4": 0.3938813494272857,
  "shfer_w1_head": 0.34701746704064096,
  "shfer_w2_all": 0.3958383430659104,
  "shfer_w2_stem": 0.39462808217317275,
  "shfer_w2_layer1": 0.39537439095393834,
  "shfer_w2_layer2": 0.3963570778851786,
  "shfer_w2_layer3": 0.3969601797992157,
  "shfer_w2_layer4": 0.3970398232671578,
  "shfer_w2_head": 0.3782194978774754
}