{
  "diverged": false,
  "n_steps": 10000,
  "spikes": 876,
  "train_loss_tail": 0.00014318486754928017,
  "val_loss": 0.7968558776855469,
  "val_acc": 0.8299,
  "lam_tail": 0.7321980595588684,
  "chi_tail": 0.03660990297794342,
  "sharpness_threshold": 40.0,
  "secs": 1250.0,
  "hfer_w1_mid": 0.40306079295358954,
  "raw_paths": "",
  "w0_conv1_hfer0.5": 0.5553406261759818,
  "w0_conv1_hfer0.6": 0.4481988632492048,
  "w0_conv1_hfer0.7": 0.33678227319716103,
  "w0_conv1_hfer0.6_hann": 0.44546854799861507,
  "w0_conv1_msr": 1.0,
  "gnorm_w0_conv1": 0.6514795300591131,
  "w0_layer2.0.conv1_hfer0.5": 0.5208584289585312,
  "w0_layer2.0.conv1_hfer0.6": 0.4170884878058001,
  "w0_layer2.0.conv1_hfer0.7": 0.3130625093280186,
  "w0_layer2.0.conv1_hfer0.6_hann": 0.41414978792072166,
  "w0_layer2.0.conv1_msr": 1.0,
  "gnorm_w0_layer2.0.conv1": 0.7572817455300757,
  "w0_layer3.0.conv1_hfer0.5": 0.5138714288785943,
  "w0_layer3.0.conv1_hfer0.6": 0.4112826023592651,
  "w0_layer3.0.conv1_hfer0.7": 0.3093392438809123,
  "w0_layer3.0.conv1_hfer0.6_hann": 0.4095340823317755,
  "w0_layer3.0.conv1_msr": 1.0,
  "gnorm_w0_layer3.0.conv1": 1.2334428780428672,
  "w0_linear_hfer0.5": 0.675820765184497,
  "w0_linear_hfer0.6": 0.5596106150023018,
  "w0_linear_hfer0.7": 0.4376133572355008,
  "w0_linear_hfer0.6_hann": 0.5161048308637317,
  "w0_linear_msr": 1.0,
  "gnorm_w0_linear": 0.6807535414093161,
  "w1_conv1_hfer0.5": 0.5173674272429575,
  "w1_conv1_hfer0.6": 0.4113025268336718,
  "w1_conv1_hfer0.7": 0.3059238974268161,
  "w1_conv1_hfer0.6_hann": 0.41246785407438974,
  "w1_conv1_msr": 1.0,
  "gnorm_w1_conv1": 0.14758500071917893,
  "w1_layer2.0.conv1_hfer0.5": 0.507266494496302,
  "w1_layer2.0.conv1_hfer0.6": 0.4056169404612512,
  "w1_layer2.0.conv1_hfer0.7": 0.30496079502379875,
  "w1_layer2.0.conv1_hfer0.6_hann": 0.4088736926095048,
  "w1_layer2.0.conv1_msr": 1.0,
  "gnorm_w1_layer2.0.conv1": 0.1813350414865833,
  "w1_layer3.0.conv1_hfer0.5": 0.5040945517347641,
  "w1_layer3.0.conv1_hfer0.6": 0.40306079295358954,
  "w1_layer3.0.conv1_hfer0.7": 0.3030865353251071,
  "w1_layer3.0.conv1_hfer0.6_hann": 0.4040867643570199,
  "w1_layer3.0.conv1_msr": 1.0,
  "gnorm_w1_layer3.0.conv1": 0.31763612236243044,
  "w1_linear_hfer0.5": 0.5371045599797335,
  "w1_linear_hfer0.6": 0.427609840485577,
  "w1_linear_hfer0.7": 0.3202996583529517,
  "w1_linear_hfer0.6_hann": 0.4344581142528353,
  "w1_linear_msr": 1.0,
  "gnorm_w1_linear": 0.08627141705453047,
  "w2_conv1_hfer0.5": 0.4990107009267768,
  "w2_conv1_hfer0.6": 0.3979557428446823,
  "w2_conv1_hfer0.7": 0.29841887324957467,
  "w2_conv1_hfer0.6_hann": 0.39700872695462663,
  "w2_conv1_msr": 1.0,
  "gnorm_w2_conv1": 0.004360341863411133,
  "w2_layer2.0.conv1_hfer0.5": 0.5009574064372004,
  "w2_layer2.0.conv1_hfer0.6": 0.4005765797730669,
  "w2_layer2.0.conv1_hfer0.7": 0.30087182575776844,
  "w2_layer2.0.conv1_hfer0.6_hann": 0.4007349470973534,
  "w2_layer2.0.conv1_msr": 1.0,
  "gnorm_w2_layer2.0.conv1": 0.005715535471101731,
  "w2_layer3.0.conv1_hfer0.5": 0.5010392545899943,
  "w2_layer3.0.conv1_hfer0.6": 0.40058050790073535,
  "w2_layer3.0.conv1_hfer0.7": 0.30091780217905423,
  "w2_layer3.0.conv1_hfer0.6_hann": 0.40109622655936855,
  "w2_layer3.0.conv1_msr": 1.0,
  "gnorm_w2_layer3.0.conv1": 0.009962526502729973,
  "w2_linear_hfer0.5": 0.5072266797759498,
  "w2_linear_hfer0.6": 0.40693155173452966,
  "w2_linear_hfer0.7": 0.3062441716494406,
  "w2_linear_hfer0.6_hann": 0.4118214151599713,
  "w2_linear_msr": 1.0,
  "gnorm_w2_linear": 0.003210231371447228,
  "shfer_w0_all": 0.4185797350068005,
  "shfer_w0_stem": 0.44948078604316777,
  "shfer_w0_layer1": 0.4250250099838822,
  "shfer_w0_layer2": 0.4159436665854322,
  "shfer_w0_layer3": 0.40974736101794806,
  "shfer_w0_layer4": 0.4153433876812154,
  "shfer_w0_head": 0.5655560656706905,
  "shfer_w1_all": 0.40326438088962324,
  "shfer_w1_stem": 0.41241531643107027,
  "shfer_w1_layer1": 0.40282120593628135,
  "shfer_w1_layer2": 0.4016223072149425,
  "shfer_w1_layer3": 0.40170341644853064,
  "shfer_w1_layer4": 0.4022983339722483,
  "shfer_w1_head": 0.4281743300074979,
  "shfer_w2_all": 0.40044024936541744,
  "shfer_w2_stem": 0.39593705269429474,
  "shfer_w2_layer1": 0.39605219632783767,
  "shfer_w2_layer2": 0.40256147318751473,
  "shfer_w2_layer3": 0.40002077988054513,
  "shfer_w2_layer4": 0.4012170003722978,
  "shfer_w2_head": 0.4082008095190863
}