{
  "diverged": false,
  "n_steps": 10000,
  "spikes": 881,
  "train_loss_tail": 0.01489232059888309,
  "val_loss": 1.282550634765625,
  "val_acc": 0.7964,
  "lam_tail": 2.084014892578125,
  "chi_tail": 0.16672119140625014,
  "sharpness_threshold": 48.74999999999995,
  "secs": 821.5,
  "hfer_w1_mid": 0.3917967212311815,
  "raw_paths": "",
  "w0_conv1_hfer0.5": 0.4384467797411396,
  "w0_conv1_hfer0.6": 0.3465094187444056,
  "w0_conv1_hfer0.7": 0.2605359308623861,
  "w0_conv1_hfer0.6_hann": 0.3433949584476996,
  "w0_conv1_msr": 0.30602251597445074,
  "gnorm_w0_conv1": 0.13188694088697703,
  "w0_layer2.0.conv1_hfer0.5": 0.48082516638355616,
  "w0_layer2.0.conv1_hfer0.6": 0.385258727488146,
  "w0_layer2.0.conv1_hfer0.7": 0.2895631910225135,
  "w0_layer2.0.conv1_hfer0.6_hann": 0.3860011685281608,
  "w0_layer2.0.conv1_msr": 0.3069690070463661,
  "gnorm_w0_layer2.0.conv1": 0.09147359157138996,
  "w0_layer3.0.conv1_hfer0.5": 0.4897669640563935,
  "w0_layer3.0.conv1_hfer0.6": 0.3917967212311815,
  "w0_layer3.0.conv1_hfer0.7": 0.294294707050543,
  "w0_layer3.0.conv1_hfer0.6_hann": 0.39294593521340915,
  "w0_layer3.0.conv1_msr": 0.3069252471916191,
  "gnorm_w0_layer3.0.conv1": 0.16191685780667178,
  "w0_linear_hfer0.5": 0.41558146389874534,
  "w0_linear_hfer0.6": 0.33282524815284914,
  "w0_linear_hfer0.7": 0.24963954794860244,
  "w0_linear_hfer0.6_hann": 0.34703547072635277,
  "w0_linear_msr": 0.30941153358161344,
  "gnorm_w0_linear": 0.1235436472769622
}