{
  "diverged": false,
  "n_steps": 10000,
  "spikes": 1534,
  "train_loss_tail": 0.0008742143443378154,
  "val_loss": 0.9815649475097656,
  "val_acc": 0.8366,
  "lam_tail": 2.9034061431884766,
  "chi_tail": 0.02903406143188479,
  "sharpness_threshold": 389.9999999999996,
  "secs": 1262.2,
  "hfer_w1_mid": 0.39611346662456004,
  "raw_paths": "/work/02/gs26/s26001/river-valley-momentum/codebases/results/raw/grid_cifar10_bn_ema_lr0.2_b0.95_s0/w1_layer3.0.conv1_G.npz;/work/02/gs26/s26001/river-valley-momentum/codebases/results/raw/grid_cifar10_bn_ema_lr0.2_b0.95_s0/w1_linear_G.npz",
  "w0_conv1_hfer0.5": 0.45319185889905067,
  "w0_conv1_hfer0.6": 0.3639565929467752,
  "w0_conv1_hfer0.7": 0.2732125286304701,
  "w0_conv1_hfer0.6_hann": 0.36807668001479243,
  "w0_conv1_msr": 0.0007652284988735748,
  "gnorm_w0_conv1": 0.37536322152627194,
  "w0_layer2.0.conv1_hfer0.5": 0.4768300317770816,
  "w0_layer2.0.conv1_hfer0.6": 0.3806388313042195,
  "w0_layer2.0.conv1_hfer0.7": 0.2862996064494372,
  "w0_layer2.0.conv1_hfer0.6_hann": 0.38314201050269125,
  "w0_layer2.0.conv1_msr": 0.0007670919354222256,
  "gnorm_w0_layer2.0.conv1": 0.36411470414118824,
  "w0_layer3.0.conv1_hfer0.5": 0.4829146223093212,
  "w0_layer3.0.conv1_hfer0.6": 0.38598667196949404,
  "w0_layer3.0.conv1_hfer0.7": 0.2896375563354967,
  "w0_layer3.0.conv1_hfer0.6_hann": 0.3875991552272454,
  "w0_layer3.0.conv1_msr": 0.0007676258801311703,
  "gnorm_w0_layer3.0.conv1": 0.6159377841794181,
  "w0_linear_hfer0.5": 0.3457148831515341,
  "w0_linear_hfer0.6": 0.27755583316878335,
  "w0_linear_hfer0.7": 0.20922573724744695,
  "w0_linear_hfer0.6_hann": 0.2835921125476171,
  "w0_linear_msr": 0.0007647939260799312,
  "gnorm_w0_linear": 0.643772314337458,
  "w1_conv1_hfer0.5": 0.4866062654272134,
  "w1_conv1_hfer0.6": 0.38707629008095656,
  "w1_conv1_hfer0.7": 0.2923017954315025,
  "w1_conv1_hfer0.6_hann": 0.38876934899510424,
  "w1_conv1_msr": 0.0007655639361890496,
  "gnorm_w1_conv1": 0.1965553297233315,
  "w1_layer2.0.conv1_hfer0.5": 0.4927833594476928,
  "w1_layer2.0.conv1_hfer0.6": 0.3938495192340811,
  "w1_layer2.0.conv1_hfer0.7": 0.29583641722390874,
  "w1_layer2.0.conv1_hfer0.6_hann": 0.39508636148739945,
  "w1_layer2.0.conv1_msr": 0.0007674969123263106,
  "gnorm_w1_layer2.0.conv1": 0.2037416824793103,
  "w1_layer3.0.conv1_hfer0.5": 0.4955094738779678,
  "w1_layer3.0.conv1_hfer0.6": 0.39611346662456004,
  "w1_layer3.0.conv1_hfer0.7": 0.29741163700405626,
  "w1_layer3.0.conv1_hfer0.6_hann": 0.3969963245292499,
  "w1_layer3.0.conv1_msr": 0.0007681150506688611,
  "gnorm_w1_layer3.0.conv1": 0.3836459823100308,
  "w1_linear_hfer0.5": 0.4445594501366159,
  "w1_linear_hfer0.6": 0.3593364124679075,
  "w1_linear_hfer0.7": 0.2723585761425962,
  "w1_linear_hfer0.6_hann": 0.36577033381460594,
  "w1_linear_msr": 0.0007655810838882467,
  "gnorm_w1_linear": 0.20314401080551342,
  "w2_conv1_hfer0.5": 0.4960091952837222,
  "w2_conv1_hfer0.6": 0.3966828759076502,
  "w2_conv1_hfer0.7": 0.2968280328427739,
  "w2_conv1_hfer0.6_hann": 0.39350504013160625,
  "w2_conv1_msr": 0.0007676157505768382,
  "gnorm_w2_conv1": 0.07177763269181085,
  "w2_layer2.0.conv1_hfer0.5": 0.49880758953357857,
  "w2_layer2.0.conv1_hfer0.6": 0.3986500471874252,
  "w2_layer2.0.conv1_hfer0.7": 0.29978955729039664,
  "w2_layer2.0.conv1_hfer0.6_hann": 0.398536947826826,
  "w2_layer2.0.conv1_msr": 0.0007666766447956016,
  "gnorm_w2_layer2.0.conv1": 0.07749174232013717,
  "w2_layer3.0.conv1_hfer0.5": 0.4997148444256838,
  "w2_layer3.0.conv1_hfer0.6": 0.3993639034793855,
  "w2_layer3.0.conv1_hfer0.7": 0.2998268203293135,
  "w2_layer3.0.conv1_hfer0.6_hann": 0.39927043359843595,
  "w2_layer3.0.conv1_msr": 0.0007669995488241444,
  "gnorm_w2_layer3.0.conv1": 0.15265678448894357,
  "w2_linear_hfer0.5": 0.4833164623234034,
  "w2_linear_hfer0.6": 0.38258068403632234,
  "w2_linear_hfer0.7": 0.28606708860542673,
  "w2_linear_hfer0.6_hann": 0.3846659098300933,
  "w2_linear_msr": 0.0007690989981207165,
  "gnorm_w2_linear": 0.05985112109376689,
  "shfer_w0_all": 0.37564219933728576,
  "shfer_w0_stem": 0.36346126823429237,
  "shfer_w0_layer1": 0.3749496648031261,
  "shfer_w0_layer2": 0.3802495862460929,
  "shfer_w0_layer3": 0.3857664484707718,
  "shfer_w0_layer4": 0.3803868080236487,
  "shfer_w0_head": 0.27655755537665566,
  "shfer_w1_all": 0.3954915456410715,
  "shfer_w1_stem": 0.38567554627067513,
  "shfer_w1_layer1": 0.38897305779720054,
  "shfer_w1_layer2": 0.39381282166312964,
  "shfer_w1_layer3": 0.3972051780541683,
  "shfer_w1_layer4": 0.39211923162336065,
  "shfer_w1_head": 0.35727370097664707,
  "shfer_w2_all": 0.3992432593826845,
  "shfer_w2_stem": 0.3970849964819214,
  "shfer_w2_layer1": 0.39916269376946767,
  "shfer_w2_layer2": 0.3998437678201305,
  "shfer_w2_layer3": 0.40010823887615865,
  "shfer_w2_layer4": 0.4006227462105618,
  "shfer_w2_head": 0.3799020113721287
}