{
  "diverged": false,
  "n_steps": 10000,
  "spikes": 1165,
  "train_loss_tail": 0.005960655947623308,
  "val_loss": 1.1474626098632812,
  "val_acc": 0.8195,
  "lam_tail": 12.131298065185547,
  "chi_tail": 2.4262596130371095,
  "sharpness_threshold": 15.0,
  "secs": 812.9,
  "hfer_w1_mid": 0.39866180427905595,
  "raw_paths": "",
  "w0_conv1_hfer0.5": 0.501902597918971,
  "w0_conv1_hfer0.6": 0.3950405577675616,
  "w0_conv1_hfer0.7": 0.2955696200925928,
  "w0_conv1_hfer0.6_hann": 0.402825991979775,
  "w0_conv1_msr": 0.504563066297426,
  "gnorm_w0_conv1": 0.20026945599777649,
  "w0_layer2.0.conv1_hfer0.5": 0.49849608547278174,
  "w0_layer2.0.conv1_hfer0.6": 0.3977020791731961,
  "w0_layer2.0.conv1_hfer0.7": 0.29785558172809457,
  "w0_layer2.0.conv1_hfer0.6_hann": 0.3980123260205609,
  "w0_layer2.0.conv1_msr": 0.504584209627651,
  "gnorm_w0_layer2.0.conv1": 0.16110199344382928,
  "w0_layer3.0.conv1_hfer0.5": 0.4990449183804782,
  "w0_layer3.0.conv1_hfer0.6": 0.39866180427905595,
  "w0_layer3.0.conv1_hfer0.7": 0.29883592513456975,
  "w0_layer3.0.conv1_hfer0.6_hann": 0.39919775993765977,
  "w0_layer3.0.conv1_msr": 0.5045348031104885,
  "gnorm_w0_layer3.0.conv1": 0.31638495552242984,
  "w0_linear_hfer0.5": 0.48944061287536267,
  "w0_linear_hfer0.6": 0.389931643536271,
  "w0_linear_hfer0.7": 0.288139167328795,
  "w0_linear_hfer0.6_hann": 0.39050616358257667,
  "w0_linear_msr": 0.5061390310142191,
  "gnorm_w0_linear": 0.16463947281642966
}