{
  "diverged": false,
  "n_steps": 10000,
  "spikes": 1169,
  "train_loss_tail": 0.003936432802132913,
  "val_loss": 1.0247442260742188,
  "val_acc": 0.8363,
  "lam_tail": 1.3767015933990479,
  "chi_tail": 0.04405445098876957,
  "sharpness_threshold": 124.37499999999989,
  "secs": 1247.2,
  "hfer_w1_mid": 0.39359815222520605,
  "raw_paths": "",
  "w0_conv1_hfer0.5": 0.39410168685598074,
  "w0_conv1_hfer0.6": 0.31741576620153655,
  "w0_conv1_hfer0.7": 0.24411118072041207,
  "w0_conv1_hfer0.6_hann": 0.32357156503303497,
  "w0_conv1_msr": 2.980691500275365e-05,
  "gnorm_w0_conv1": 0.13627324309854588,
  "w0_layer2.0.conv1_hfer0.5": 0.4550034367721799,
  "w0_layer2.0.conv1_hfer0.6": 0.3651255835127248,
  "w0_layer2.0.conv1_hfer0.7": 0.27444283287877574,
  "w0_layer2.0.conv1_hfer0.6_hann": 0.3670846179001726,
  "w0_layer2.0.conv1_msr": 3.054817387379214e-05,
  "gnorm_w0_layer2.0.conv1": 0.09326122564721323,
  "w0_layer3.0.conv1_hfer0.5": 0.4652029791413395,
  "w0_layer3.0.conv1_hfer0.6": 0.372293030831927,
  "w0_layer3.0.conv1_hfer0.7": 0.2799395785467163,
  "w0_layer3.0.conv1_hfer0.6_hann": 0.37159439933798083,
  "w0_layer3.0.conv1_msr": 3.0497912266175432e-05,
  "gnorm_w0_layer3.0.conv1": 0.13418877708630517,
  "w0_linear_hfer0.5": 0.35740077201255877,
  "w0_linear_hfer0.6": 0.2875415676373002,
  "w0_linear_hfer0.7": 0.21792626046495556,
  "w0_linear_hfer0.6_hann": 0.28461745305623243,
  "w0_linear_msr": 3.0155323335181832e-05,
  "gnorm_w0_linear": 0.162664845437904,
  "w1_conv1_hfer0.5": 0.4545120937944109,
  "w1_conv1_hfer0.6": 0.3590369262015141,
  "w1_conv1_hfer0.7": 0.27016042011163804,
  "w1_conv1_hfer0.6_hann": 0.3662197700439905,
  "w1_conv1_msr": 2.9878803381671268e-05,
  "gnorm_w1_conv1": 0.06575747753863836,
  "w1_layer2.0.conv1_hfer0.5": 0.48732549643535494,
  "w1_layer2.0.conv1_hfer0.6": 0.3893198580349174,
  "w1_layer2.0.conv1_hfer0.7": 0.2930162420153541,
  "w1_layer2.0.conv1_hfer0.6_hann": 0.3902896616283828,
  "w1_layer2.0.conv1_msr": 3.053875773495929e-05,
  "gnorm_w1_layer2.0.conv1": 0.06542553032199061,
  "w1_layer3.0.conv1_hfer0.5": 0.4922396977858377,
  "w1_layer3.0.conv1_hfer0.6": 0.39359815222520605,
  "w1_layer3.0.conv1_hfer0.7": 0.2953393253300639,
  "w1_layer3.0.conv1_hfer0.6_hann": 0.3945394039999929,
  "w1_layer3.0.conv1_msr": 3.059854203619283e-05,
  "gnorm_w1_layer3.0.conv1": 0.12145061498726148,
  "w1_linear_hfer0.5": 0.4120019524906598,
  "w1_linear_hfer0.6": 0.3302222150711375,
  "w1_linear_hfer0.7": 0.24531908167941888,
  "w1_linear_hfer0.6_hann": 0.3444724009213669,
  "w1_linear_msr": 3.059832511197494e-05,
  "gnorm_w1_linear": 0.0740195674547726,
  "w2_conv1_hfer0.5": 0.48604687159169196,
  "w2_conv1_hfer0.6": 0.38847462432241253,
  "w2_conv1_hfer0.7": 0.2926830671654888,
  "w2_conv1_hfer0.6_hann": 0.3870267512212255,
  "w2_conv1_msr": 3.047796156234424e-05,
  "gnorm_w2_conv1": 0.03313390166085421,
  "w2_layer2.0.conv1_hfer0.5": 0.49701428146178384,
  "w2_layer2.0.conv1_hfer0.6": 0.3972866258012863,
  "w2_layer2.0.conv1_hfer0.7": 0.29787217700746854,
  "w2_layer2.0.conv1_hfer0.6_hann": 0.3972021538597301,
  "w2_layer2.0.conv1_msr": 3.0498046116752807e-05,
  "gnorm_w2_layer2.0.conv1": 0.0354124073336778,
  "w2_layer3.0.conv1_hfer0.5": 0.49944154404337093,
  "w2_layer3.0.conv1_hfer0.6": 0.3992705410718886,
  "w2_layer3.0.conv1_hfer0.7": 0.2992941814603217,
  "w2_layer3.0.conv1_hfer0.6_hann": 0.39927065766923736,
  "w2_layer3.0.conv1_msr": 3.053197165506479e-05,
  "gnorm_w2_layer3.0.conv1": 0.06827858182538746,
  "w2_linear_hfer0.5": 0.4725042091644354,
  "w2_linear_hfer0.6": 0.37717158432063247,
  "w2_linear_hfer0.7": 0.2798186564550074,
  "w2_linear_hfer0.6_hann": 0.3777165308268441,
  "w2_linear_msr": 3.086179326144106e-05,
  "gnorm_w2_linear": 0.03243827776535575,
  "shfer_w0_all": 0.35058899052040643,
  "shfer_w0_stem": 0.32300642962742404,
  "shfer_w0_layer1": 0.35712911515306145,
  "shfer_w0_layer2": 0.3647073519665562,
  "shfer_w0_layer3": 0.3703533780789222,
  "shfer_w0_layer4": 0.3541204289585137,
  "shfer_w0_head": 0.27891114004346124,
  "shfer_w1_all": 0.38806826932419053,
  "shfer_w1_stem": 0.3625293728738819,
  "shfer_w1_layer1": 0.386065288302064,
  "shfer_w1_layer2": 0.39192336349316687,
  "shfer_w1_layer3": 0.39169460487953034,
  "shfer_w1_layer4": 0.3873055218753773,
  "shfer_w1_head": 0.32618939590703755,
  "shfer_w2_all": 0.3984206502864375,
  "shfer_w2_stem": 0.3922608910766226,
  "shfer_w2_layer1": 0.3968429999529876,
  "shfer_w2_layer2": 0.3983529992826547,
  "shfer_w2_layer3": 0.3970113203922034,
  "shfer_w2_layer4": 0.3997427902561408,
  "shfer_w2_head": 0.37730348212481263
}