{
  "diverged": false,
  "n_steps": 10000,
  "spikes": 1088,
  "train_loss_tail": 0.008207492790708783,
  "val_loss": 1.1195085754394531,
  "val_acc": 0.8219,
  "lam_tail": 2.028620719909668,
  "chi_tail": 0.032457931518554715,
  "sharpness_threshold": 248.74999999999977,
  "secs": 810.5,
  "hfer_w1_mid": 0.39409146873328,
  "raw_paths": "",
  "w0_conv1_hfer0.5": 0.47515513025203276,
  "w0_conv1_hfer0.6": 0.3815346498761467,
  "w0_conv1_hfer0.7": 0.28488097102767673,
  "w0_conv1_hfer0.6_hann": 0.39062693192064,
  "w0_conv1_msr": 0.3035520896026766,
  "gnorm_w0_conv1": 0.08284817884564251,
  "w0_layer2.0.conv1_hfer0.5": 0.4906510424855796,
  "w0_layer2.0.conv1_hfer0.6": 0.39176997461720187,
  "w0_layer2.0.conv1_hfer0.7": 0.29412591545732014,
  "w0_layer2.0.conv1_hfer0.6_hann": 0.393137451426839,
  "w0_layer2.0.conv1_msr": 0.3066689467048662,
  "gnorm_w0_layer2.0.conv1": 0.09004526016630847,
  "w0_layer3.0.conv1_hfer0.5": 0.4935022029951322,
  "w0_layer3.0.conv1_hfer0.6": 0.39409146873328,
  "w0_layer3.0.conv1_hfer0.7": 0.2957777996589794,
  "w0_layer3.0.conv1_hfer0.6_hann": 0.3940215741321947,
  "w0_layer3.0.conv1_msr": 0.3056958028876266,
  "gnorm_w0_layer3.0.conv1": 0.1887251150464447,
  "w0_linear_hfer0.5": 0.4357413090269594,
  "w0_linear_hfer0.6": 0.3447574775236067,
  "w0_linear_hfer0.7": 0.2575333825354668,
  "w0_linear_hfer0.6_hann": 0.33529727409793875,
  "w0_linear_msr": 0.3032878654289706,
  "gnorm_w0_linear": 0.10432281417258969
}