{
  "highfreq_b0.5_prepolar_best": true,
  "highfreq_b0.5_pre_polar_align": 0.9663702747136476,
  "highfreq_b0.5_pre_polar_sin_theta": 0.28219301563022914,
  "highfreq_b0.5_pre_polar_gap": 1.2318731495056852,
  "highfreq_b0.5_post_polar_align": 0.9088046191339136,
  "highfreq_b0.5_post_polar_sin_theta": 0.3341995659006313,
  "highfreq_b0.5_post_polar_gap": 0.1367728311921673,
  "highfreq_b0.5_polar_only_align": 0.9089838563412457,
  "highfreq_b0.5_polar_only_sin_theta": 0.5083034841884665,
  "highfreq_b0.5_polar_only_gap": 0.7724296597843493,
  "highfreq_b0.9_prepolar_best": true,
  "highfreq_b0.9_pre_polar_align": 0.9938941511566775,
  "highfreq_b0.9_pre_polar_sin_theta": 0.11407540053263347,
  "highfreq_b0.9_pre_polar_gap": 1.6677715267466602,
  "highfreq_b0.9_post_polar_align": 0.9075918236638785,
  "highfreq_b0.9_post_polar_sin_theta": 0.13305290951483678,
  "highfreq_b0.9_post_polar_gap": 0.5060858003289148,
  "highfreq_b0.9_polar_only_align": 0.9089838563412457,
  "highfreq_b0.9_polar_only_sin_theta": 0.5083034841884665,
  "highfreq_b0.9_polar_only_gap": 0.7724296597843493,
  "highfreq_b0.95_prepolar_best": true,
  "highfreq_b0.95_pre_polar_align": 0.9969821944146297,
  "highfreq_b0.95_pre_polar_sin_theta": 0.08122958375867058,
  "highfreq_b0.95_pre_polar_gap": 1.7355457549749038,
  "highfreq_b0.95_post_polar_align": 0.9064245088514982,
  "highfreq_b0.95_post_polar_sin_theta": 0.09402150332509367,
  "highfreq_b0.95_post_polar_gap": 0.6038075767094703,
  "highfreq_b0.95_polar_only_align": 0.9089838563412457,
  "highfreq_b0.95_polar_only_sin_theta": 0.5083034841884665,
  "highfreq_b0.95_polar_only_gap": 0.7724296597843493,
  "highfreq_b0.99_prepolar_best": true,
  "highfreq_b0.99_pre_polar_align": 0.9992486037204844,
  "highfreq_b0.99_pre_polar_sin_theta": 0.042590351369239325,
  "highfreq_b0.99_pre_polar_gap": 1.611303405993321,
  "highfreq_b0.99_post_polar_align": 0.8041620972588568,
  "highfreq_b0.99_post_polar_sin_theta": 0.049602286516539106,
  "highfreq_b0.99_post_polar_gap": 0.6398297489419591,
  "highfreq_b0.99_polar_only_align": 0.9089838563412457,
  "highfreq_b0.99_polar_only_sin_theta": 0.5083034841884665,
  "highfreq_b0.99_polar_only_gap": 0.7724296597843493,
  "highfreq_clean_b0.5_prepolar_best": true,
  "highfreq_clean_b0.5_pre_polar_align": 0.9989181499901046,
  "highfreq_clean_b0.5_pre_polar_sin_theta": 0.05203873961078768,
  "highfreq_clean_b0.5_pre_polar_gap": 1.8818474835495977,
  "highfreq_clean_b0.5_post_polar_align": 0.990952782514676,
  "highfreq_clean_b0.5_post_polar_sin_theta": 0.09914805271870039,
  "highfreq_clean_b0.5_post_polar_gap": 0.644431407697971,
  "highfreq_clean_b0.5_polar_only_align": 0.9909793799293615,
  "highfreq_clean_b0.5_polar_only_sin_theta": 0.15655599459869937,
  "highfreq_clean_b0.5_polar_only_gap": 1.575095158956246,
  "highfreq_clean_b0.9_prepolar_best": true,
  "highfreq_clean_b0.9_pre_polar_align": 0.9999718201848778,
  "highfreq_clean_b0.9_pre_polar_sin_theta": 0.00829851151089439,
  "highfreq_clean_b0.9_pre_polar_gap": 1.9903333259489273,
  "highfreq_clean_b0.9_post_polar_align": 0.9907671322846583,
  "highfreq_clean_b0.9_post_polar_sin_theta": 0.09669718115819954,
  "highfreq_clean_b0.9_post_polar_gap": 0.8676139740349188,
  "highfreq_clean_b0.9_polar_only_align": 0.9909793799293615,
  "highfreq_clean_b0.9_polar_only_sin_theta": 0.15655599459869937,
  "highfreq_clean_b0.9_polar_only_gap": 1.575095158956246,
  "highfreq_clean_b0.95_prepolar_best": true,
  "highfreq_clean_b0.95_pre_polar_align": 0.9999933609522887,
  "highfreq_clean_b0.95_pre_polar_sin_theta": 0.004057288374399486,
  "highfreq_clean_b0.95_pre_polar_gap": 1.97303430491078,
  "highfreq_clean_b0.95_post_polar_align": 0.9902663151638789,
  "highfreq_clean_b0.95_post_polar_sin_theta": 0.09726803571991678,
  "highfreq_clean_b0.95_post_polar_gap": 0.8746109096151322,
  "highfreq_clean_b0.95_polar_only_align": 0.9909793799293615,
  "highfreq_clean_b0.95_polar_only_sin_theta": 0.15655599459869937,
  "highfreq_clean_b0.95_polar_only_gap": 1.575095158956246,
  "highfreq_clean_b0.99_prepolar_best": true,
  "highfreq_clean_b0.99_pre_polar_align": 0.9999996905782117,
  "highfreq_clean_b0.99_pre_polar_sin_theta": 0.0009007668100783402,
  "highfreq_clean_b0.99_pre_polar_gap": 1.7250834480428368,
  "highfreq_clean_b0.99_post_polar_align": 0.8769485704202108,
  "highfreq_clean_b0.99_post_polar_sin_theta": 0.09682861964761766,
  "highfreq_clean_b0.99_post_polar_gap": 0.7757730775446289,
  "highfreq_clean_b0.99_polar_only_align": 0.9909793799293615,
  "highfreq_clean_b0.99_polar_only_sin_theta": 0.15655599459869937,
  "highfreq_clean_b0.99_polar_only_gap": 1.575095158956246,
  "stochastic_b0.5_prepolar_best": true,
  "stochastic_b0.5_pre_polar_align": 0.9332418920570522,
  "stochastic_b0.5_pre_polar_sin_theta": 0.4180592691041474,
  "stochastic_b0.5_pre_polar_gap": 0.9255452226062194,
  "stochastic_b0.5_post_polar_align": 0.8396319953305423,
  "stochastic_b0.5_post_polar_sin_theta": 0.4889614311279394,
  "stochastic_b0.5_post_polar_gap": 0.092046384780943,
  "stochastic_b0.5_polar_only_align": 0.8399373262274874,
  "stochastic_b0.5_polar_only_sin_theta": 0.6981559515675916,
  "stochastic_b0.5_polar_only_gap": 0.5059153204851071,
  "stochastic_b0.9_prepolar_best": true,
  "stochastic_b0.9_pre_polar_align": 0.9867894073825138,
  "stochastic_b0.9_pre_polar_sin_theta": 0.1709939331324636,
  "stochastic_b0.9_pre_polar_gap": 1.5076015540647858,
  "stochastic_b0.9_post_polar_align": 0.8377867484758448,
  "stochastic_b0.9_post_polar_sin_theta": 0.19896051602181872,
  "stochastic_b0.9_post_polar_gap": 0.4099872890784697,
  "stochastic_b0.9_polar_only_align": 0.8399373262274874,
  "stochastic_b0.9_polar_only_sin_theta": 0.6981559515675916,
  "stochastic_b0.9_polar_only_gap": 0.5059153204851071,
  "stochastic_b0.95_prepolar_best": true,
  "stochastic_b0.95_pre_polar_align": 0.993373095165914,
  "stochastic_b0.95_pre_polar_sin_theta": 0.12200178418605982,
  "stochastic_b0.95_pre_polar_gap": 1.617371166624154,
  "stochastic_b0.95_post_polar_align": 0.8363864602095192,
  "stochastic_b0.95_post_polar_sin_theta": 0.14073359318342216,
  "stochastic_b0.95_post_polar_gap": 0.5019760297235962,
  "stochastic_b0.95_polar_only_align": 0.8399373262274874,
  "stochastic_b0.95_polar_only_sin_theta": 0.6981559515675916,
  "stochastic_b0.95_polar_only_gap": 0.5059153204851071,
  "stochastic_b0.99_prepolar_best": true,
  "stochastic_b0.99_pre_polar_align": 0.998326940028345,
  "stochastic_b0.99_pre_polar_sin_theta": 0.06414811167645147,
  "stochastic_b0.99_pre_polar_gap": 1.5547430727133718,
  "stochastic_b0.99_post_polar_align": 0.743578123194961,
  "stochastic_b0.99_post_polar_sin_theta": 0.07322142352626149,
  "stochastic_b0.99_post_polar_gap": 0.5501315324736873,
  "stochastic_b0.99_polar_only_align": 0.8399373262274874,
  "stochastic_b0.99_polar_only_sin_theta": 0.6981559515675916,
  "stochastic_b0.99_polar_only_gap": 0.5059153204851071,
  "t5_highfreq_clean_b0p9": {
    "two_sided": true,
    "tail_tightness": 1.0517972952037864,
    "wedin_holds": true,
    "wedin_end_ratio": 1.1693100106085523
  },
  "t5_highfreq_clean_b0p99": {
    "two_sided": true,
    "tail_tightness": 1.0517944219622546,
    "wedin_holds": true,
    "wedin_end_ratio": 1.1574386441191076
  },
  "t5_highfreq_b0p9": {
    "two_sided": false,
    "tail_tightness": 0.07756754111135715,
    "wedin_holds": false,
    "wedin_end_ratio": 0.07806132581193397
  },
  "t5_highfreq_b0p99": {
    "two_sided": false,
    "tail_tightness": 0.02388299764082231,
    "wedin_holds": false,
    "wedin_end_ratio": 0.02547133233752772
  },
  "overall_pass": true,
  "t5_overlay_pass": true
}