{
  "diverged": false,
  "n_steps": 10000,
  "spikes": 276,
  "train_loss_tail": 0.033252794563770297,
  "val_loss": 1.3389869750976562,
  "val_acc": 0.7503,
  "lam_tail": 1.0568619966506958,
  "chi_tail": 1.6909791946411135,
  "sharpness_threshold": 1.875,
  "secs": 833.0,
  "hfer_w1_mid": 0.39517681961176965,
  "raw_paths": "",
  "w0_conv1_hfer0.5": 0.5159620084485561,
  "w0_conv1_hfer0.6": 0.4037166670602683,
  "w0_conv1_hfer0.7": 0.3000409236338858,
  "w0_conv1_hfer0.6_hann": 0.4048274117200934,
  "w0_conv1_msr": 0.5066918104850687,
  "gnorm_w0_conv1": 0.14131603539699383,
  "w0_layer2.0.conv1_hfer0.5": 0.49879478415395007,
  "w0_layer2.0.conv1_hfer0.6": 0.39425803871646814,
  "w0_layer2.0.conv1_hfer0.7": 0.29283295285313166,
  "w0_layer2.0.conv1_hfer0.6_hann": 0.3926800470392896,
  "w0_layer2.0.conv1_msr": 0.5052017448417925,
  "gnorm_w0_layer2.0.conv1": 0.07622260561212375,
  "w0_layer3.0.conv1_hfer0.5": 0.49849523646180205,
  "w0_layer3.0.conv1_hfer0.6": 0.39517681961176965,
  "w0_layer3.0.conv1_hfer0.7": 0.2952299756366449,
  "w0_layer3.0.conv1_hfer0.6_hann": 0.3953041945818614,
  "w0_layer3.0.conv1_msr": 0.5048798715811804,
  "gnorm_w0_layer3.0.conv1": 0.14497700153435394,
  "w0_linear_hfer0.5": 0.5037496738982644,
  "w0_linear_hfer0.6": 0.38532233054455456,
  "w0_linear_hfer0.7": 0.28499872232322065,
  "w0_linear_hfer0.6_hann": 0.3852361577719793,
  "w0_linear_msr": 0.5062783040497277,
  "gnorm_w0_linear": 0.11941721838377894
}