{
  "diverged": false,
  "n_steps": 10000,
  "spikes": 563,
  "train_loss_tail": 0.031266526279505345,
  "val_loss": 1.3521749145507813,
  "val_acc": 0.7631,
  "lam_tail": 1.5815297365188599,
  "chi_tail": 0.5060895156860351,
  "sharpness_threshold": 11.875000000000002,
  "secs": 1278.6,
  "hfer_w1_mid": 0.3890026567229989,
  "raw_paths": "",
  "w0_conv1_hfer0.5": 0.31914152472426516,
  "w0_conv1_hfer0.6": 0.2553979745543401,
  "w0_conv1_hfer0.7": 0.1912729670579373,
  "w0_conv1_hfer0.6_hann": 0.24628765036467595,
  "w0_conv1_msr": 0.003216565125812948,
  "gnorm_w0_conv1": 0.16550747089053838,
  "w0_layer2.0.conv1_hfer0.5": 0.422682884370208,
  "w0_layer2.0.conv1_hfer0.6": 0.33683078457390075,
  "w0_layer2.0.conv1_hfer0.7": 0.25175465253019247,
  "w0_layer2.0.conv1_hfer0.6_hann": 0.33038966228563676,
  "w0_layer2.0.conv1_msr": 0.0032240607804535654,
  "gnorm_w0_layer2.0.conv1": 0.08599939904611158,
  "w0_layer3.0.conv1_hfer0.5": 0.4483052300161197,
  "w0_layer3.0.conv1_hfer0.6": 0.3576645486603706,
  "w0_layer3.0.conv1_hfer0.7": 0.267677217041221,
  "w0_layer3.0.conv1_hfer0.6_hann": 0.3539846224541112,
  "w0_layer3.0.conv1_msr": 0.0032192150365562646,
  "gnorm_w0_layer3.0.conv1": 0.11918509173461828,
  "w0_linear_hfer0.5": 0.35328153736083134,
  "w0_linear_hfer0.6": 0.2793789343416088,
  "w0_linear_hfer0.7": 0.2100125156921939,
  "w0_linear_hfer0.6_hann": 0.2729960059016202,
  "w0_linear_msr": 0.003209742870257948,
  "gnorm_w0_linear": 0.1656491587621596,
  "w1_conv1_hfer0.5": 0.3922627015041324,
  "w1_conv1_hfer0.6": 0.31197554082272255,
  "w1_conv1_hfer0.7": 0.23493985201950032,
  "w1_conv1_hfer0.6_hann": 0.31419103310927265,
  "w1_conv1_msr": 0.003209261947433446,
  "gnorm_w1_conv1": 0.11732501301682928,
  "w1_layer2.0.conv1_hfer0.5": 0.4656553603435337,
  "w1_layer2.0.conv1_hfer0.6": 0.373027803924967,
  "w1_layer2.0.conv1_hfer0.7": 0.2792871840763112,
  "w1_layer2.0.conv1_hfer0.6_hann": 0.37444137107310344,
  "w1_layer2.0.conv1_msr": 0.003217149254029825,
  "gnorm_w1_layer2.0.conv1": 0.06628908388366743,
  "w1_layer3.0.conv1_hfer0.5": 0.4861307486211459,
  "w1_layer3.0.conv1_hfer0.6": 0.3890026567229989,
  "w1_layer3.0.conv1_hfer0.7": 0.2911674050706019,
  "w1_layer3.0.conv1_hfer0.6_hann": 0.38972450525774915,
  "w1_layer3.0.conv1_msr": 0.003217498597271864,
  "gnorm_w1_layer3.0.conv1": 0.12234167291721552,
  "w1_linear_hfer0.5": 0.3993889444013801,
  "w1_linear_hfer0.6": 0.31913173615459306,
  "w1_linear_hfer0.7": 0.2382818766529923,
  "w1_linear_hfer0.6_hann": 0.3238585856923011,
  "w1_linear_msr": 0.003216899671828831,
  "gnorm_w1_linear": 0.09996385240133675,
  "w2_conv1_hfer0.5": 0.4472648922722292,
  "w2_conv1_hfer0.6": 0.3629842994512206,
  "w2_conv1_hfer0.7": 0.2664769738935674,
  "w2_conv1_hfer0.6_hann": 0.3594158408691314,
  "w2_conv1_msr": 0.0032272535693622702,
  "gnorm_w2_conv1": 0.061567989255873624,
  "w2_layer2.0.conv1_hfer0.5": 0.49053254040416977,
  "w2_layer2.0.conv1_hfer0.6": 0.3945838888606538,
  "w2_layer2.0.conv1_hfer0.7": 0.29581528024540965,
  "w2_layer2.0.conv1_hfer0.6_hann": 0.3920219134856132,
  "w2_layer2.0.conv1_msr": 0.0032115893221435305,
  "gnorm_w2_layer2.0.conv1": 0.03816480339919644,
  "w2_layer3.0.conv1_hfer0.5": 0.49647075865063933,
  "w2_layer3.0.conv1_hfer0.6": 0.3972944688813786,
  "w2_layer3.0.conv1_hfer0.7": 0.29830295443316185,
  "w2_layer3.0.conv1_hfer0.6_hann": 0.39723552583430016,
  "w2_layer3.0.conv1_msr": 0.0032169041718437584,
  "gnorm_w2_layer3.0.conv1": 0.07438390594666974,
  "w2_linear_hfer0.5": 0.4529752642998885,
  "w2_linear_hfer0.6": 0.3621168510533015,
  "w2_linear_hfer0.7": 0.2717098941709268,
  "w2_linear_hfer0.6_hann": 0.3687767386320635,
  "w2_linear_msr": 0.003215002492276723,
  "gnorm_w2_linear": 0.048875968546618985,
  "shfer_w0_all": 0.3346254211897279,
  "shfer_w0_stem": 0.2561129280611394,
  "shfer_w0_layer1": 0.325649508284255,
  "shfer_w0_layer2": 0.344196877363196,
  "shfer_w0_layer3": 0.3630133751444365,
  "shfer_w0_layer4": 0.34994308744698516,
  "shfer_w0_head": 0.2756603119768725,
  "shfer_w1_all": 0.3815907273503289,
  "shfer_w1_stem": 0.31305250559274,
  "shfer_w1_layer1": 0.35775027301280143,
  "shfer_w1_layer2": 0.37453884944678606,
  "shfer_w1_layer3": 0.39100005533267684,
  "shfer_w1_layer4": 0.38581279957608633,
  "shfer_w1_head": 0.31734957248968304,
  "shfer_w2_all": 0.39608314760463276,
  "shfer_w2_stem": 0.3645428706493042,
  "shfer_w2_layer1": 0.3834358799155769,
  "shfer_w2_layer2": 0.39367892776377433,
  "shfer_w2_layer3": 0.3950429765603397,
  "shfer_w2_layer4": 0.3973419736422064,
  "shfer_w2_head": 0.361445290285877
}