{
  "diverged": false,
  "n_steps": 10000,
  "spikes": 1265,
  "train_loss_tail": 0.006441114562534494,
  "val_loss": 0.9950461730957031,
  "val_acc": 0.8313,
  "lam_tail": 15.218352317810059,
  "chi_tail": 0.030436704635620145,
  "sharpness_threshold": 1989.9999999999982,
  "secs": 1238.1,
  "hfer_w1_mid": 0.39449624935338395,
  "raw_paths": "/work/02/gs26/s26001/river-valley-momentum/codebases/results/raw/grid_cifar10_bn_ema_lr0.2_b0.99_s0/w1_layer3.0.conv1_G.npz;/work/02/gs26/s26001/river-valley-momentum/codebases/results/raw/grid_cifar10_bn_ema_lr0.2_b0.99_s0/w1_linear_G.npz",
  "w0_conv1_hfer0.5": 0.4272591019698036,
  "w0_conv1_hfer0.6": 0.3406923950606165,
  "w0_conv1_hfer0.7": 0.2555535144218042,
  "w0_conv1_hfer0.6_hann": 0.3539685617780386,
  "w0_conv1_msr": 3.0855722248085254e-05,
  "gnorm_w0_conv1": 0.4289474197850339,
  "w0_layer2.0.conv1_hfer0.5": 0.4668575596955288,
  "w0_layer2.0.conv1_hfer0.6": 0.37229996626734774,
  "w0_layer2.0.conv1_hfer0.7": 0.27906349165208755,
  "w0_layer2.0.conv1_hfer0.6_hann": 0.37473134581571454,
  "w0_layer2.0.conv1_msr": 3.0758876632145475e-05,
  "gnorm_w0_layer2.0.conv1": 0.3489662473835176,
  "w0_layer3.0.conv1_hfer0.5": 0.47688931398934065,
  "w0_layer3.0.conv1_hfer0.6": 0.3809203590605685,
  "w0_layer3.0.conv1_hfer0.7": 0.28623500355094045,
  "w0_layer3.0.conv1_hfer0.6_hann": 0.382622543134588,
  "w0_layer3.0.conv1_msr": 3.0568620773930465e-05,
  "gnorm_w0_layer3.0.conv1": 0.5942088917836995,
  "w0_linear_hfer0.5": 0.3508035171954124,
  "w0_linear_hfer0.6": 0.28062079895973047,
  "w0_linear_hfer0.7": 0.2127649270720947,
  "w0_linear_hfer0.6_hann": 0.29627755319331467,
  "w0_linear_msr": 3.04928596567568e-05,
  "gnorm_w0_linear": 0.7461687906770677,
  "w1_conv1_hfer0.5": 0.4723651805779045,
  "w1_conv1_hfer0.6": 0.3799499537435784,
  "w1_conv1_hfer0.7": 0.28477507256256934,
  "w1_conv1_hfer0.6_hann": 0.38505792868255945,
  "w1_conv1_msr": 3.044064897202207e-05,
  "gnorm_w1_conv1": 0.22864824877642956,
  "w1_layer2.0.conv1_hfer0.5": 0.49183202100223,
  "w1_layer2.0.conv1_hfer0.6": 0.39264349321877234,
  "w1_layer2.0.conv1_hfer0.7": 0.2949200850409964,
  "w1_layer2.0.conv1_hfer0.6_hann": 0.39299345974249417,
  "w1_layer2.0.conv1_msr": 3.084016196213427e-05,
  "gnorm_w1_layer2.0.conv1": 0.22227083598900976,
  "w1_layer3.0.conv1_hfer0.5": 0.4938029888698367,
  "w1_layer3.0.conv1_hfer0.6": 0.39449624935338395,
  "w1_layer3.0.conv1_hfer0.7": 0.29647882013417926,
  "w1_layer3.0.conv1_hfer0.6_hann": 0.39480930626774025,
  "w1_layer3.0.conv1_msr": 3.087944125137165e-05,
  "gnorm_w1_layer3.0.conv1": 0.42428935777585386,
  "w1_linear_hfer0.5": 0.4469413369637367,
  "w1_linear_hfer0.6": 0.35595041858186105,
  "w1_linear_hfer0.7": 0.2676675271429416,
  "w1_linear_hfer0.6_hann": 0.3553382352984129,
  "w1_linear_msr": 3.0391627268249838e-05,
  "gnorm_w1_linear": 0.2547022867139045,
  "w2_conv1_hfer0.5": 0.4902493650778196,
  "w2_conv1_hfer0.6": 0.3904949839515915,
  "w2_conv1_hfer0.7": 0.2940170289945565,
  "w2_conv1_hfer0.6_hann": 0.3906678602698594,
  "w2_conv1_msr": 3.032903041765875e-05,
  "gnorm_w2_conv1": 0.14987562490245168,
  "w2_layer2.0.conv1_hfer0.5": 0.4959414148034483,
  "w2_layer2.0.conv1_hfer0.6": 0.39645612693613774,
  "w2_layer2.0.conv1_hfer0.7": 0.2974571343057984,
  "w2_layer2.0.conv1_hfer0.6_hann": 0.39667044306262017,
  "w2_layer2.0.conv1_msr": 3.0406581610460968e-05,
  "gnorm_w2_layer2.0.conv1": 0.1479975052821616,
  "w2_layer3.0.conv1_hfer0.5": 0.4977700311048829,
  "w2_layer3.0.conv1_hfer0.6": 0.3980905873275713,
  "w2_layer3.0.conv1_hfer0.7": 0.298692603323175,
  "w2_layer3.0.conv1_hfer0.6_hann": 0.39803822197784017,
  "w2_layer3.0.conv1_msr": 3.0390322237337513e-05,
  "gnorm_w2_layer3.0.conv1": 0.2876180800235394,
  "w2_linear_hfer0.5": 0.46771362919203235,
  "w2_linear_hfer0.6": 0.3769047175280439,
  "w2_linear_hfer0.7": 0.2774723523384094,
  "w2_linear_hfer0.6_hann": 0.3816221436189054,
  "w2_linear_msr": 2.9971525898293136e-05,
  "gnorm_w2_linear": 0.13723276884727018,
  "shfer_w0_all": 0.3663840279990438,
  "shfer_w0_stem": 0.33844252980656336,
  "shfer_w0_layer1": 0.3624680552830076,
  "shfer_w0_layer2": 0.37654332256647977,
  "shfer_w0_layer3": 0.3800747277482031,
  "shfer_w0_layer4": 0.3776799170699349,
  "shfer_w0_head": 0.28253400957095764,
  "shfer_w1_all": 0.3918977277008949,
  "shfer_w1_stem": 0.38130328300946886,
  "shfer_w1_layer1": 0.3915765618598758,
  "shfer_w1_layer2": 0.3916297840751088,
  "shfer_w1_layer3": 0.39387955761124965,
  "shfer_w1_layer4": 0.3945550538571152,
  "shfer_w1_head": 0.3551142480212585,
  "shfer_w2_all": 0.3951201991075615,
  "shfer_w2_stem": 0.38942872351060026,
  "shfer_w2_layer1": 0.39514821097180913,
  "shfer_w2_layer2": 0.3947358395932762,
  "shfer_w2_layer3": 0.39614487045870206,
  "shfer_w2_layer4": 0.39621588138342717,
  "shfer_w2_head": 0.3758163663442856
}