{
  "diverged": false,
  "n_steps": 10000,
  "spikes": 1302,
  "train_loss_tail": 0.00036515950003376926,
  "val_loss": 0.9163331237792969,
  "val_acc": 0.839,
  "lam_tail": 2.3651123046875,
  "chi_tail": 0.4730224609375,
  "sharpness_threshold": 10.0,
  "secs": 804.3,
  "hfer_w1_mid": 0.4046950394805117,
  "raw_paths": "",
  "w0_conv1_hfer0.5": 0.5219294836727374,
  "w0_conv1_hfer0.6": 0.416447064824132,
  "w0_conv1_hfer0.7": 0.31308745661742493,
  "w0_conv1_hfer0.6_hann": 0.4188353258782715,
  "w0_conv1_msr": 1.0,
  "gnorm_w0_conv1": 0.2174099444996059,
  "w0_layer2.0.conv1_hfer0.5": 0.5106529000443398,
  "w0_layer2.0.conv1_hfer0.6": 0.4080393671540197,
  "w0_layer2.0.conv1_hfer0.7": 0.306562578346023,
  "w0_layer2.0.conv1_hfer0.6_hann": 0.40825250455924184,
  "w0_layer2.0.conv1_msr": 1.0,
  "gnorm_w0_layer2.0.conv1": 0.21201152344274063,
  "w0_layer3.0.conv1_hfer0.5": 0.5063532445288065,
  "w0_layer3.0.conv1_hfer0.6": 0.4046950394805117,
  "w0_layer3.0.conv1_hfer0.7": 0.3039299374451899,
  "w0_layer3.0.conv1_hfer0.6_hann": 0.40454612998175227,
  "w0_layer3.0.conv1_msr": 1.0,
  "gnorm_w0_layer3.0.conv1": 0.40817141308959354,
  "w0_linear_hfer0.5": 0.5638596554788309,
  "w0_linear_hfer0.6": 0.44968401586476964,
  "w0_linear_hfer0.7": 0.3356029650906733,
  "w0_linear_hfer0.6_hann": 0.4496444920064551,
  "w0_linear_msr": 1.0,
  "gnorm_w0_linear": 0.1823188382570402
}