{
  "diverged": false,
  "n_steps": 10000,
  "spikes": 1353,
  "train_loss_tail": 0.00016696570912972674,
  "val_loss": 0.9351059936523437,
  "val_acc": 0.8314,
  "lam_tail": 2.4282660484313965,
  "chi_tail": 0.0024282660484313988,
  "sharpness_threshold": 3979.9999999999964,
  "secs": 1221.2,
  "hfer_w1_mid": 0.39626467786864794,
  "raw_paths": "",
  "w0_conv1_hfer0.5": 0.4395882845129249,
  "w0_conv1_hfer0.6": 0.3537620547051864,
  "w0_conv1_hfer0.7": 0.26493793776491065,
  "w0_conv1_hfer0.6_hann": 0.3620261859823136,
  "w0_conv1_msr": 3.025294300973364e-05,
  "gnorm_w0_conv1": 0.6130861609611662,
  "w0_layer2.0.conv1_hfer0.5": 0.4751434965005657,
  "w0_layer2.0.conv1_hfer0.6": 0.3800776713876679,
  "w0_layer2.0.conv1_hfer0.7": 0.28574718661689796,
  "w0_layer2.0.conv1_hfer0.6_hann": 0.38118659929024884,
  "w0_layer2.0.conv1_msr": 3.0654252865753715e-05,
  "gnorm_w0_layer2.0.conv1": 0.5327891578507533,
  "w0_layer3.0.conv1_hfer0.5": 0.4827511317289655,
  "w0_layer3.0.conv1_hfer0.6": 0.38603316028421075,
  "w0_layer3.0.conv1_hfer0.7": 0.290306734438965,
  "w0_layer3.0.conv1_hfer0.6_hann": 0.38645684269261815,
  "w0_layer3.0.conv1_msr": 3.0454055550169093e-05,
  "gnorm_w0_layer3.0.conv1": 0.8833147859669976,
  "w0_linear_hfer0.5": 0.3684725677516224,
  "w0_linear_hfer0.6": 0.2949107093215464,
  "w0_linear_hfer0.7": 0.22266539438858715,
  "w0_linear_hfer0.6_hann": 0.3037850284813833,
  "w0_linear_msr": 3.050054969909872e-05,
  "gnorm_w0_linear": 0.816025718912295,
  "w1_conv1_hfer0.5": 0.48241913543569254,
  "w1_conv1_hfer0.6": 0.3831627001721345,
  "w1_conv1_hfer0.7": 0.2883350309167517,
  "w1_conv1_hfer0.6_hann": 0.38335667944744867,
  "w1_conv1_msr": 3.090213994669114e-05,
  "gnorm_w1_conv1": 0.27115292342079084,
  "w1_layer2.0.conv1_hfer0.5": 0.4941842956689298,
  "w1_layer2.0.conv1_hfer0.6": 0.3946775137102908,
  "w1_layer2.0.conv1_hfer0.7": 0.29634614556591543,
  "w1_layer2.0.conv1_hfer0.6_hann": 0.39547452736896677,
  "w1_layer2.0.conv1_msr": 3.0964786265780853e-05,
  "gnorm_w1_layer2.0.conv1": 0.26979628647770953,
  "w1_layer3.0.conv1_hfer0.5": 0.49629275307708315,
  "w1_layer3.0.conv1_hfer0.6": 0.39626467786864794,
  "w1_layer3.0.conv1_hfer0.7": 0.29729653831675873,
  "w1_layer3.0.conv1_hfer0.6_hann": 0.39652013005534525,
  "w1_layer3.0.conv1_msr": 3.110587094737541e-05,
  "gnorm_w1_layer3.0.conv1": 0.5025440058519747,
  "w1_linear_hfer0.5": 0.4458891489019276,
  "w1_linear_hfer0.6": 0.3540279056910305,
  "w1_linear_hfer0.7": 0.27057059441758163,
  "w1_linear_hfer0.6_hann": 0.3646709069548547,
  "w1_linear_msr": 3.0118307814839687e-05,
  "gnorm_w1_linear": 0.23438495863733375,
  "w2_conv1_hfer0.5": 0.49048708778947564,
  "w2_conv1_hfer0.6": 0.38600811083371217,
  "w2_conv1_hfer0.7": 0.291160097049449,
  "w2_conv1_hfer0.6_hann": 0.3913656522649538,
  "w2_conv1_msr": 3.256323629237299e-05,
  "gnorm_w2_conv1": 0.06297376013477661,
  "w2_layer2.0.conv1_hfer0.5": 0.49365692063065303,
  "w2_layer2.0.conv1_hfer0.6": 0.3931239442064621,
  "w2_layer2.0.conv1_hfer0.7": 0.29539189681427636,
  "w2_layer2.0.conv1_hfer0.6_hann": 0.3970875767520531,
  "w2_layer2.0.conv1_msr": 3.169031513196698e-05,
  "gnorm_w2_layer2.0.conv1": 0.06549789274080875,
  "w2_layer3.0.conv1_hfer0.5": 0.49618240233878697,
  "w2_layer3.0.conv1_hfer0.6": 0.3956996836189484,
  "w2_layer3.0.conv1_hfer0.7": 0.2970974171319164,
  "w2_layer3.0.conv1_hfer0.6_hann": 0.39771955840285594,
  "w2_layer3.0.conv1_msr": 3.182893331226946e-05,
  "gnorm_w2_layer3.0.conv1": 0.11975463493705157,
  "w2_linear_hfer0.5": 0.4792631016668975,
  "w2_linear_hfer0.6": 0.3774278284248434,
  "w2_linear_hfer0.7": 0.28335725845589876,
  "w2_linear_hfer0.6_hann": 0.3939881324303169,
  "w2_linear_msr": 3.113747305910597e-05,
  "gnorm_w2_linear": 0.04170523798563431,
  "shfer_w0_all": 0.3772603813642703,
  "shfer_w0_stem": 0.353168269637436,
  "shfer_w0_layer1": 0.3730412202889885,
  "shfer_w0_layer2": 0.3840037452576056,
  "shfer_w0_layer3": 0.38539984420146695,
  "shfer_w0_layer4": 0.3827983243038462,
  "shfer_w0_head": 0.29694734536840534,
  "shfer_w1_all": 0.39643701104773205,
  "shfer_w1_stem": 0.3813366244183255,
  "shfer_w1_layer1": 0.3930410053902358,
  "shfer_w1_layer2": 0.39604991739973305,
  "shfer_w1_layer3": 0.39766576833932493,
  "shfer_w1_layer4": 0.3967318607288837,
  "shfer_w1_head": 0.35315041702310485,
  "shfer_w2_all": 0.3943469888149515,
  "shfer_w2_stem": 0.3869620956083371,
  "shfer_w2_layer1": 0.38641907691384464,
  "shfer_w2_layer2": 0.39443276822136114,
  "shfer_w2_layer3": 0.3943649284401093,
  "shfer_w2_layer4": 0.39762585077817286,
  "shfer_w2_head": 0.37491176911062774
}