{
  "diverged": false,
  "n_steps": 10000,
  "spikes": 1179,
  "train_loss_tail": 0.011681135440245271,
  "val_loss": 1.1101282958984375,
  "val_acc": 0.8249,
  "lam_tail": 4.478736877441406,
  "chi_tail": 0.03582989501953128,
  "sharpness_threshold": 497.49999999999955,
  "secs": 1207.9,
  "hfer_w1_mid": 0.39428643986245265,
  "raw_paths": "",
  "w0_conv1_hfer0.5": 0.4299029803683701,
  "w0_conv1_hfer0.6": 0.3440503118538182,
  "w0_conv1_hfer0.7": 0.25946449827084134,
  "w0_conv1_hfer0.6_hann": 0.34751517724692693,
  "w0_conv1_msr": 3.0340631129680853e-05,
  "gnorm_w0_conv1": 0.21478172577718235,
  "w0_layer2.0.conv1_hfer0.5": 0.4640023716282758,
  "w0_layer2.0.conv1_hfer0.6": 0.37087888288237436,
  "w0_layer2.0.conv1_hfer0.7": 0.27784190686924043,
  "w0_layer2.0.conv1_hfer0.6_hann": 0.37343103016767204,
  "w0_layer2.0.conv1_msr": 3.0426524360441552e-05,
  "gnorm_w0_layer2.0.conv1": 0.1709307424110643,
  "w0_layer3.0.conv1_hfer0.5": 0.4719130855047011,
  "w0_layer3.0.conv1_hfer0.6": 0.3773662091783511,
  "w0_layer3.0.conv1_hfer0.7": 0.28362370148455274,
  "w0_layer3.0.conv1_hfer0.6_hann": 0.3774616099670189,
  "w0_layer3.0.conv1_msr": 3.068751442123716e-05,
  "gnorm_w0_layer3.0.conv1": 0.28555345260177206,
  "w0_linear_hfer0.5": 0.3339416512364097,
  "w0_linear_hfer0.6": 0.2663617329076039,
  "w0_linear_hfer0.7": 0.20190450198113222,
  "w0_linear_hfer0.6_hann": 0.27299414310444664,
  "w0_linear_msr": 3.0232747919879707e-05,
  "gnorm_w0_linear": 0.3393185683671493,
  "w1_conv1_hfer0.5": 0.4697301223374933,
  "w1_conv1_hfer0.6": 0.3741162376358694,
  "w1_conv1_hfer0.7": 0.2810214227469125,
  "w1_conv1_hfer0.6_hann": 0.37606192230973745,
  "w1_conv1_msr": 3.0813849118582695e-05,
  "gnorm_w1_conv1": 0.1172982651760606,
  "w1_layer2.0.conv1_hfer0.5": 0.489600358351543,
  "w1_layer2.0.conv1_hfer0.6": 0.3918113473005388,
  "w1_layer2.0.conv1_hfer0.7": 0.29417543422380443,
  "w1_layer2.0.conv1_hfer0.6_hann": 0.3923019477496846,
  "w1_layer2.0.conv1_msr": 3.072731123232942e-05,
  "gnorm_w1_layer2.0.conv1": 0.11785971709923126,
  "w1_layer3.0.conv1_hfer0.5": 0.4932957070706997,
  "w1_layer3.0.conv1_hfer0.6": 0.39428643986245265,
  "w1_layer3.0.conv1_hfer0.7": 0.2961923514017609,
  "w1_layer3.0.conv1_hfer0.6_hann": 0.3937386782976255,
  "w1_layer3.0.conv1_msr": 3.0744470216259764e-05,
  "gnorm_w1_layer3.0.conv1": 0.23772219699669042,
  "w1_linear_hfer0.5": 0.44477264239019987,
  "w1_linear_hfer0.6": 0.35515717276957093,
  "w1_linear_hfer0.7": 0.2656295858852303,
  "w1_linear_hfer0.6_hann": 0.3502334766806802,
  "w1_linear_msr": 3.026815696645082e-05,
  "gnorm_w1_linear": 0.12381418768914021,
  "w2_conv1_hfer0.5": 0.48962817337978787,
  "w2_conv1_hfer0.6": 0.39438355679569875,
  "w2_conv1_hfer0.7": 0.29647808950249327,
  "w2_conv1_hfer0.6_hann": 0.39678519583649347,
  "w2_conv1_msr": 3.0367737325303195e-05,
  "gnorm_w2_conv1": 0.07814929759515195,
  "w2_layer2.0.conv1_hfer0.5": 0.496304661523411,
  "w2_layer2.0.conv1_hfer0.6": 0.39656141470798856,
  "w2_layer2.0.conv1_hfer0.7": 0.2981806123325637,
  "w2_layer2.0.conv1_hfer0.6_hann": 0.3965867145457272,
  "w2_layer2.0.conv1_msr": 3.040672084948491e-05,
  "gnorm_w2_layer2.0.conv1": 0.08402711211829175,
  "w2_layer3.0.conv1_hfer0.5": 0.4978246554918232,
  "w2_layer3.0.conv1_hfer0.6": 0.39833449692180034,
  "w2_layer3.0.conv1_hfer0.7": 0.29950241628735297,
  "w2_layer3.0.conv1_hfer0.6_hann": 0.39777663365226484,
  "w2_layer3.0.conv1_msr": 3.0477458465499444e-05,
  "gnorm_w2_layer3.0.conv1": 0.17316003635466393,
  "w2_linear_hfer0.5": 0.4673225686481096,
  "w2_linear_hfer0.6": 0.37879264896741394,
  "w2_linear_hfer0.7": 0.28148299325941956,
  "w2_linear_hfer0.6_hann": 0.37772537477923707,
  "w2_linear_msr": 3.086668447811901e-05,
  "gnorm_w2_linear": 0.0704937033297586,
  "shfer_w0_all": 0.3580317248701521,
  "shfer_w0_stem": 0.34525627559398725,
  "shfer_w0_layer1": 0.36659921664252626,
  "shfer_w0_layer2": 0.37112124595970597,
  "shfer_w0_layer3": 0.37386881372818515,
  "shfer_w0_layer4": 0.3644229607754504,
  "shfer_w0_head": 0.2671485312520336,
  "shfer_w1_all": 0.3906820643785349,
  "shfer_w1_stem": 0.37668589856304713,
  "shfer_w1_layer1": 0.38915983943552845,
  "shfer_w1_layer2": 0.3917801000214651,
  "shfer_w1_layer3": 0.3937653987580897,
  "shfer_w1_layer4": 0.3900805397839641,
  "shfer_w1_head": 0.3506839341314727,
  "shfer_w2_all": 0.39829156324878723,
  "shfer_w2_stem": 0.3965747426203063,
  "shfer_w2_layer1": 0.39333567864121466,
  "shfer_w2_layer2": 0.3987247263876568,
  "shfer_w2_layer3": 0.39975451306429943,
  "shfer_w2_layer4": 0.39732892067291325,
  "shfer_w2_head": 0.37755392750198796
}