{
  "diverged": false,
  "n_steps": 10000,
  "spikes": 29,
  "train_loss_tail": 0.12901829385757446,
  "val_loss": 1.1764408813476563,
  "val_acc": 0.7483,
  "lam_tail": 0.4005335867404938,
  "chi_tail": 0.256341495513916,
  "sharpness_threshold": 5.937500000000001,
  "secs": 835.7,
  "hfer_w1_mid": 0.3722625739329374,
  "raw_paths": "",
  "w0_conv1_hfer0.5": 0.38044486098852337,
  "w0_conv1_hfer0.6": 0.2993889320440499,
  "w0_conv1_hfer0.7": 0.22727254931455723,
  "w0_conv1_hfer0.6_hann": 0.2960360274606768,
  "w0_conv1_msr": 0.32108256595990425,
  "gnorm_w0_conv1": 0.07282927836361441,
  "w0_layer2.0.conv1_hfer0.5": 0.4385359286382515,
  "w0_layer2.0.conv1_hfer0.6": 0.3480321310353962,
  "w0_layer2.0.conv1_hfer0.7": 0.26074989211655286,
  "w0_layer2.0.conv1_hfer0.6_hann": 0.34669997523171836,
  "w0_layer2.0.conv1_msr": 0.32231513354433783,
  "gnorm_w0_layer2.0.conv1": 0.07906076437799112,
  "w0_layer3.0.conv1_hfer0.5": 0.46709014931696086,
  "w0_layer3.0.conv1_hfer0.6": 0.3722625739329374,
  "w0_layer3.0.conv1_hfer0.7": 0.2791559805979928,
  "w0_layer3.0.conv1_hfer0.6_hann": 0.3704158386275285,
  "w0_layer3.0.conv1_msr": 0.3222080864967255,
  "gnorm_w0_layer3.0.conv1": 0.10366372499919278,
  "w0_linear_hfer0.5": 0.3276247737893061,
  "w0_linear_hfer0.6": 0.26075405519207945,
  "w0_linear_hfer0.7": 0.19145336264685492,
  "w0_linear_hfer0.6_hann": 0.2521254842096897,
  "w0_linear_msr": 0.3228437242739579,
  "gnorm_w0_linear": 0.11950557034220743
}