{
  "diverged": false,
  "n_steps": 10000,
  "spikes": 1262,
  "train_loss_tail": 0.010757774930738378,
  "val_loss": 1.1378808837890626,
  "val_acc": 0.8189,
  "lam_tail": 9.775012016296387,
  "chi_tail": 0.039100048065185584,
  "sharpness_threshold": 994.9999999999991,
  "secs": 804.3,
  "hfer_w1_mid": 0.39403299457133034,
  "raw_paths": "",
  "w0_conv1_hfer0.5": 0.4700288928787051,
  "w0_conv1_hfer0.6": 0.37541139014531616,
  "w0_conv1_hfer0.7": 0.2792947614776089,
  "w0_conv1_hfer0.6_hann": 0.3797335421942669,
  "w0_conv1_msr": 0.3050399318123169,
  "gnorm_w0_conv1": 0.16780662530273188,
  "w0_layer2.0.conv1_hfer0.5": 0.48822824110555096,
  "w0_layer2.0.conv1_hfer0.6": 0.3900560111414167,
  "w0_layer2.0.conv1_hfer0.7": 0.29360305957775,
  "w0_layer2.0.conv1_hfer0.6_hann": 0.3915864581140722,
  "w0_layer2.0.conv1_msr": 0.3055387462943117,
  "gnorm_w0_layer2.0.conv1": 0.16588014004472423,
  "w0_layer3.0.conv1_hfer0.5": 0.49251587047025197,
  "w0_layer3.0.conv1_hfer0.6": 0.39403299457133034,
  "w0_layer3.0.conv1_hfer0.7": 0.2964624778208135,
  "w0_layer3.0.conv1_hfer0.6_hann": 0.39487140534403237,
  "w0_layer3.0.conv1_msr": 0.3047411990754273,
  "gnorm_w0_layer3.0.conv1": 0.32227074281249907,
  "w0_linear_hfer0.5": 0.44103676143837106,
  "w0_linear_hfer0.6": 0.3549627509965315,
  "w0_linear_hfer0.7": 0.2658351304681446,
  "w0_linear_hfer0.6_hann": 0.3507182065247024,
  "w0_linear_msr": 0.30029913437184363,
  "gnorm_w0_linear": 0.18602747924055366
}