{
  "diverged": false,
  "n_steps": 10000,
  "spikes": 540,
  "train_loss_tail": 0.0015541179412393831,
  "val_loss": 2.3399082275390626,
  "val_acc": 0.5791,
  "lam_tail": 0.21226947009563446,
  "chi_tail": 0.008490778803825377,
  "sharpness_threshold": 95.00000000000001,
  "secs": 1275.9,
  "hfer_w1_mid": 0.3970538035310524,
  "raw_paths": "",
  "w0_conv1_hfer0.5": 0.42860265591792723,
  "w0_conv1_hfer0.6": 0.34050734846720626,
  "w0_conv1_hfer0.7": 0.2553522397497216,
  "w0_conv1_hfer0.6_hann": 0.33956073052676417,
  "w0_conv1_msr": 0.003216281143592385,
  "gnorm_w0_conv1": 0.3764451397013975,
  "w0_layer2.0.conv1_hfer0.5": 0.46350272103235957,
  "w0_layer2.0.conv1_hfer0.6": 0.3693919585762842,
  "w0_layer2.0.conv1_hfer0.7": 0.27723683468214133,
  "w0_layer2.0.conv1_hfer0.6_hann": 0.3717973481175123,
  "w0_layer2.0.conv1_msr": 0.0032151736690741615,
  "gnorm_w0_layer2.0.conv1": 0.3440556580774161,
  "w0_layer3.0.conv1_hfer0.5": 0.4805178107266184,
  "w0_layer3.0.conv1_hfer0.6": 0.38373198348429305,
  "w0_layer3.0.conv1_hfer0.7": 0.2883096839530294,
  "w0_layer3.0.conv1_hfer0.6_hann": 0.3849924378066494,
  "w0_layer3.0.conv1_msr": 0.0032122697737495573,
  "gnorm_w0_layer3.0.conv1": 0.5761463128274483,
  "w0_linear_hfer0.5": 0.4438647502052068,
  "w0_linear_hfer0.6": 0.35373609618900376,
  "w0_linear_hfer0.7": 0.26586676171045276,
  "w0_linear_hfer0.6_hann": 0.3547371953896577,
  "w0_linear_msr": 0.003214308156931957,
  "gnorm_w0_linear": 0.8833581777515317,
  "w1_conv1_hfer0.5": 0.48568375127138846,
  "w1_conv1_hfer0.6": 0.3846511633703837,
  "w1_conv1_hfer0.7": 0.29121410249105356,
  "w1_conv1_hfer0.6_hann": 0.3947755633779777,
  "w1_conv1_msr": 0.0032134946741086143,
  "gnorm_w1_conv1": 0.10392899105421659,
  "w1_layer2.0.conv1_hfer0.5": 0.49429165004098136,
  "w1_layer2.0.conv1_hfer0.6": 0.39550829371599594,
  "w1_layer2.0.conv1_hfer0.7": 0.2979626847288762,
  "w1_layer2.0.conv1_hfer0.6_hann": 0.3967663462002761,
  "w1_layer2.0.conv1_msr": 0.0032203909296872908,
  "gnorm_w1_layer2.0.conv1": 0.10403493574508957,
  "w1_layer3.0.conv1_hfer0.5": 0.4969212955984098,
  "w1_layer3.0.conv1_hfer0.6": 0.3970538035310524,
  "w1_layer3.0.conv1_hfer0.7": 0.29857308378391006,
  "w1_layer3.0.conv1_hfer0.6_hann": 0.3979763057070499,
  "w1_layer3.0.conv1_msr": 0.003222693983107546,
  "gnorm_w1_layer3.0.conv1": 0.20489364137155108,
  "w1_linear_hfer0.5": 0.48289762126400276,
  "w1_linear_hfer0.6": 0.3870308320251026,
  "w1_linear_hfer0.7": 0.2918331947484256,
  "w1_linear_hfer0.6_hann": 0.38887872435538456,
  "w1_linear_msr": 0.0032258568787822185,
  "gnorm_w1_linear": 0.19508519436296806,
  "w2_conv1_hfer0.5": 0.5002742534291896,
  "w2_conv1_hfer0.6": 0.4021886299196671,
  "w2_conv1_hfer0.7": 0.2993794559624803,
  "w2_conv1_hfer0.6_hann": 0.401175090593352,
  "w2_conv1_msr": 0.003213036228823982,
  "gnorm_w2_conv1": 0.00930092390607062,
  "w2_layer2.0.conv1_hfer0.5": 0.5008085190366326,
  "w2_layer2.0.conv1_hfer0.6": 0.4009454553025096,
  "w2_layer2.0.conv1_hfer0.7": 0.3011871850432632,
  "w2_layer2.0.conv1_hfer0.6_hann": 0.3997739172806168,
  "w2_layer2.0.conv1_msr": 0.0032067495330943,
  "gnorm_w2_layer2.0.conv1": 0.009476687674929771,
  "w2_layer3.0.conv1_hfer0.5": 0.500915341524054,
  "w2_layer3.0.conv1_hfer0.6": 0.40122390467427194,
  "w2_layer3.0.conv1_hfer0.7": 0.3014104138625524,
  "w2_layer3.0.conv1_hfer0.6_hann": 0.4003338022204523,
  "w2_layer3.0.conv1_msr": 0.003207746246591649,
  "gnorm_w2_layer3.0.conv1": 0.01817904691836501,
  "w2_linear_hfer0.5": 0.4997658167725816,
  "w2_linear_hfer0.6": 0.3984807031985149,
  "w2_linear_hfer0.7": 0.3002530974170136,
  "w2_linear_hfer0.6_hann": 0.39905371567821507,
  "w2_linear_msr": 0.0032175300676704523,
  "gnorm_w2_linear": 0.030539560468034785,
  "shfer_w0_all": 0.37939170462613303,
  "shfer_w0_stem": 0.3381097205181442,
  "shfer_w0_layer1": 0.3603686685569318,
  "shfer_w0_layer2": 0.3727560548406378,
  "shfer_w0_layer3": 0.3845165216377197,
  "shfer_w0_layer4": 0.38722857354072054,
  "shfer_w0_head": 0.3525500781794922,
  "shfer_w1_all": 0.3942866526140567,
  "shfer_w1_stem": 0.38262918723048145,
  "shfer_w1_layer1": 0.3941992467373085,
  "shfer_w1_layer2": 0.3947255790242148,
  "shfer_w1_layer3": 0.39922752448516524,
  "shfer_w1_layer4": 0.393124311197195,
  "shfer_w1_head": 0.38988583920860365,
  "shfer_w2_all": 0.4010800116289917,
  "shfer_w2_stem": 0.4018103903116826,
  "shfer_w2_layer1": 0.4017073395485378,
  "shfer_w2_layer2": 0.4006682965377136,
  "shfer_w2_layer3": 0.4019492728187362,
  "shfer_w2_layer4": 0.40151831298014545,
  "shfer_w2_head": 0.39653282341889656
}