{
  "diverged": false,
  "n_steps": 10000,
  "spikes": 447,
  "train_loss_tail": 0.001246825326816179,
  "val_loss": 2.148581494140625,
  "val_acc": 0.5751,
  "lam_tail": 0.36776968836784363,
  "chi_tail": 0.036776968836784364,
  "sharpness_threshold": 30.0,
  "secs": 1280.4,
  "hfer_w1_mid": 0.3993549509984278,
  "raw_paths": "",
  "w0_conv1_hfer0.5": 0.5013967800936381,
  "w0_conv1_hfer0.6": 0.3939956757718028,
  "w0_conv1_hfer0.7": 0.29289271159750163,
  "w0_conv1_hfer0.6_hann": 0.3915055558622818,
  "w0_conv1_msr": 0.1264310249470439,
  "gnorm_w0_conv1": 0.5273632427382968,
  "w0_layer2.0.conv1_hfer0.5": 0.4976428649753818,
  "w0_layer2.0.conv1_hfer0.6": 0.39440252828053585,
  "w0_layer2.0.conv1_hfer0.7": 0.2949155754231773,
  "w0_layer2.0.conv1_hfer0.6_hann": 0.3940051997000528,
  "w0_layer2.0.conv1_msr": 0.12626419510993772,
  "gnorm_w0_layer2.0.conv1": 0.4802872433038267,
  "w0_layer3.0.conv1_hfer0.5": 0.4988904146988672,
  "w0_layer3.0.conv1_hfer0.6": 0.39696337148164423,
  "w0_layer3.0.conv1_hfer0.7": 0.2973691025207188,
  "w0_layer3.0.conv1_hfer0.6_hann": 0.397539353930789,
  "w0_layer3.0.conv1_msr": 0.12620413837915567,
  "gnorm_w0_layer3.0.conv1": 0.8178907361696308,
  "w0_linear_hfer0.5": 0.4948094873570028,
  "w0_linear_hfer0.6": 0.3900445610430076,
  "w0_linear_hfer0.7": 0.29006818265316203,
  "w0_linear_hfer0.6_hann": 0.39145591675607855,
  "w0_linear_msr": 0.12636586782672315,
  "gnorm_w0_linear": 1.1211012911468747,
  "w1_conv1_hfer0.5": 0.5016198954088663,
  "w1_conv1_hfer0.6": 0.40012001065426916,
  "w1_conv1_hfer0.7": 0.30397983950506724,
  "w1_conv1_hfer0.6_hann": 0.4055294072966169,
  "w1_conv1_msr": 0.12577185860818682,
  "gnorm_w1_conv1": 0.08816970772735563,
  "w1_layer2.0.conv1_hfer0.5": 0.4989909770799217,
  "w1_layer2.0.conv1_hfer0.6": 0.39908164743204544,
  "w1_layer2.0.conv1_hfer0.7": 0.3003549454371741,
  "w1_layer2.0.conv1_hfer0.6_hann": 0.39890430401086363,
  "w1_layer2.0.conv1_msr": 0.12615330995478863,
  "gnorm_w1_layer2.0.conv1": 0.08699491059836895,
  "w1_layer3.0.conv1_hfer0.5": 0.4995241953568777,
  "w1_layer3.0.conv1_hfer0.6": 0.3993549509984278,
  "w1_layer3.0.conv1_hfer0.7": 0.3003348456344514,
  "w1_layer3.0.conv1_hfer0.6_hann": 0.39885243915585944,
  "w1_layer3.0.conv1_msr": 0.12616783769210507,
  "gnorm_w1_layer3.0.conv1": 0.1702580661510459,
  "w1_linear_hfer0.5": 0.49376419750906453,
  "w1_linear_hfer0.6": 0.3953372420277948,
  "w1_linear_hfer0.7": 0.2957961342482572,
  "w1_linear_hfer0.6_hann": 0.39095894476350584,
  "w1_linear_msr": 0.1262053590341569,
  "gnorm_w1_linear": 0.1426827920157945,
  "w2_conv1_hfer0.5": 0.4955803192327604,
  "w2_conv1_hfer0.6": 0.39194427374471225,
  "w2_conv1_hfer0.7": 0.2935394720685839,
  "w2_conv1_hfer0.6_hann": 0.38691103398899024,
  "w2_conv1_msr": 0.12616659967773228,
  "gnorm_w2_conv1": 0.011038595582815256,
  "w2_layer2.0.conv1_hfer0.5": 0.5003415022139528,
  "w2_layer2.0.conv1_hfer0.6": 0.3990715533778686,
  "w2_layer2.0.conv1_hfer0.7": 0.3011598044563373,
  "w2_layer2.0.conv1_hfer0.6_hann": 0.39732597343659126,
  "w2_layer2.0.conv1_msr": 0.12593424933474512,
  "gnorm_w2_layer2.0.conv1": 0.010808235363152905,
  "w2_layer3.0.conv1_hfer0.5": 0.5005369761571706,
  "w2_layer3.0.conv1_hfer0.6": 0.3992217445671334,
  "w2_layer3.0.conv1_hfer0.7": 0.3008918385704659,
  "w2_layer3.0.conv1_hfer0.6_hann": 0.39810109186210213,
  "w2_layer3.0.conv1_msr": 0.12596747579689532,
  "gnorm_w2_layer3.0.conv1": 0.02181569990717378,
  "w2_linear_hfer0.5": 0.4942182474541001,
  "w2_linear_hfer0.6": 0.39430379383600356,
  "w2_linear_hfer0.7": 0.2951288777522712,
  "w2_linear_hfer0.6_hann": 0.3818834591646189,
  "w2_linear_msr": 0.12617033541572217,
  "gnorm_w2_linear": 0.037804275879767264,
  "shfer_w0_all": 0.3957928455846798,
  "shfer_w0_stem": 0.39686310788196155,
  "shfer_w0_layer1": 0.39396828607536133,
  "shfer_w0_layer2": 0.3938059530693017,
  "shfer_w0_layer3": 0.3958434578727592,
  "shfer_w0_layer4": 0.39663623013514615,
  "shfer_w0_head": 0.39105076757112145,
  "shfer_w1_all": 0.3978360997145722,
  "shfer_w1_stem": 0.40374534120531624,
  "shfer_w1_layer1": 0.39731963540943427,
  "shfer_w1_layer2": 0.4014906557687752,
  "shfer_w1_layer3": 0.3986493857090535,
  "shfer_w1_layer4": 0.396036172035508,
  "shfer_w1_head": 0.39908343320814643,
  "shfer_w2_all": 0.3974587635255208,
  "shfer_w2_stem": 0.39288844101590675,
  "shfer_w2_layer1": 0.39715767399446295,
  "shfer_w2_layer2": 0.39915643312545174,
  "shfer_w2_layer3": 0.3990046164270913,
  "shfer_w2_layer4": 0.3969750182590048,
  "shfer_w2_head": 0.3937613666819947
}