{
  "diverged": false,
  "n_steps": 10000,
  "spikes": 503,
  "train_loss_tail": 0.001546296978369355,
  "val_loss": 2.53398818359375,
  "val_acc": 0.5578,
  "lam_tail": 0.9797223806381226,
  "chi_tail": 0.0039188895225524935,
  "sharpness_threshold": 994.9999999999991,
  "secs": 1271.8,
  "hfer_w1_mid": 0.39428599931906877,
  "raw_paths": "",
  "w0_conv1_hfer0.5": 0.3829262394824748,
  "w0_conv1_hfer0.6": 0.3054404944054239,
  "w0_conv1_hfer0.7": 0.22742076579379603,
  "w0_conv1_hfer0.6_hann": 0.30419844164038184,
  "w0_conv1_msr": 3.0293931691203875e-05,
  "gnorm_w0_conv1": 0.5040950128278252,
  "w0_layer2.0.conv1_hfer0.5": 0.4466474064984829,
  "w0_layer2.0.conv1_hfer0.6": 0.35688984507064314,
  "w0_layer2.0.conv1_hfer0.7": 0.26810619597869845,
  "w0_layer2.0.conv1_hfer0.6_hann": 0.355692442546277,
  "w0_layer2.0.conv1_msr": 3.0515027064094176e-05,
  "gnorm_w0_layer2.0.conv1": 0.31267226499227707,
  "w0_layer3.0.conv1_hfer0.5": 0.4678293002419498,
  "w0_layer3.0.conv1_hfer0.6": 0.37345762938692123,
  "w0_layer3.0.conv1_hfer0.7": 0.2806897986910564,
  "w0_layer3.0.conv1_hfer0.6_hann": 0.37303139386904816,
  "w0_layer3.0.conv1_msr": 3.06154127395412e-05,
  "gnorm_w0_layer3.0.conv1": 0.5403227792226374,
  "w0_linear_hfer0.5": 0.43995868297851526,
  "w0_linear_hfer0.6": 0.35118112256789724,
  "w0_linear_hfer0.7": 0.2646926889660327,
  "w0_linear_hfer0.6_hann": 0.3508563630664826,
  "w0_linear_msr": 3.0214252552752263e-05,
  "gnorm_w0_linear": 0.9990009387684968,
  "w1_conv1_hfer0.5": 0.4508008463390115,
  "w1_conv1_hfer0.6": 0.3615163960959548,
  "w1_conv1_hfer0.7": 0.27351814321517903,
  "w1_conv1_hfer0.6_hann": 0.3571242302481482,
  "w1_conv1_msr": 3.054241152814266e-05,
  "gnorm_w1_conv1": 0.20321173374074647,
  "w1_layer2.0.conv1_hfer0.5": 0.4838137805006037,
  "w1_layer2.0.conv1_hfer0.6": 0.38684433455844675,
  "w1_layer2.0.conv1_hfer0.7": 0.29008436276054234,
  "w1_layer2.0.conv1_hfer0.6_hann": 0.3877901887260822,
  "w1_layer2.0.conv1_msr": 3.090304975056473e-05,
  "gnorm_w1_layer2.0.conv1": 0.18013749517166375,
  "w1_layer3.0.conv1_hfer0.5": 0.4934799834864938,
  "w1_layer3.0.conv1_hfer0.6": 0.39428599931906877,
  "w1_layer3.0.conv1_hfer0.7": 0.296167157123618,
  "w1_layer3.0.conv1_hfer0.6_hann": 0.39470746547595786,
  "w1_layer3.0.conv1_msr": 3.074796963356783e-05,
  "gnorm_w1_layer3.0.conv1": 0.38576784321387925,
  "w1_linear_hfer0.5": 0.46892007323691653,
  "w1_linear_hfer0.6": 0.37529636996341464,
  "w1_linear_hfer0.7": 0.2813006690752241,
  "w1_linear_hfer0.6_hann": 0.37666863834227754,
  "w1_linear_msr": 3.050755828286779e-05,
  "gnorm_w1_linear": 0.38787618513251126,
  "w2_conv1_hfer0.5": 0.49884392973296215,
  "w2_conv1_hfer0.6": 0.3982099717057228,
  "w2_conv1_hfer0.7": 0.3001517949934975,
  "w2_conv1_hfer0.6_hann": 0.3984110253864072,
  "w2_conv1_msr": 3.2408675936611166e-05,
  "gnorm_w2_conv1": 0.01691242356428057,
  "w2_layer2.0.conv1_hfer0.5": 0.49913719476892127,
  "w2_layer2.0.conv1_hfer0.6": 0.40021747364589444,
  "w2_layer2.0.conv1_hfer0.7": 0.3012441660944655,
  "w2_layer2.0.conv1_hfer0.6_hann": 0.40134337972516776,
  "w2_layer2.0.conv1_msr": 3.118475571826222e-05,
  "gnorm_w2_layer2.0.conv1": 0.0161206346291131,
  "w2_layer3.0.conv1_hfer0.5": 0.5005109210833939,
  "w2_layer3.0.conv1_hfer0.6": 0.4008030213121565,
  "w2_layer3.0.conv1_hfer0.7": 0.3014774837419327,
  "w2_layer3.0.conv1_hfer0.6_hann": 0.4007204525044151,
  "w2_layer3.0.conv1_msr": 3.144717968752897e-05,
  "gnorm_w2_layer3.0.conv1": 0.034148915394125956,
  "w2_linear_hfer0.5": 0.4983117927854987,
  "w2_linear_hfer0.6": 0.39921142807116716,
  "w2_linear_hfer0.7": 0.29801038682999215,
  "w2_linear_hfer0.6_hann": 0.3992604406324225,
  "w2_linear_msr": 3.054532004848101e-05,
  "gnorm_w2_linear": 0.04115809958605214,
  "shfer_w0_all": 0.3665030886229493,
  "shfer_w0_stem": 0.30048109214399843,
  "shfer_w0_layer1": 0.34449792887347724,
  "shfer_w0_layer2": 0.36234672117124433,
  "shfer_w0_layer3": 0.3772473093674611,
  "shfer_w0_layer4": 0.37832192698756045,
  "shfer_w0_head": 0.3505092981570594,
  "shfer_w1_all": 0.3939456310013265,
  "shfer_w1_stem": 0.36363265189476607,
  "shfer_w1_layer1": 0.3839989830717328,
  "shfer_w1_layer2": 0.38698990807505684,
  "shfer_w1_layer3": 0.39691500807443125,
  "shfer_w1_layer4": 0.394383211670307,
  "shfer_w1_head": 0.3755542677299249,
  "shfer_w2_all": 0.401818656432861,
  "shfer_w2_stem": 0.39731314834034254,
  "shfer_w2_layer1": 0.39878963211119567,
  "shfer_w2_layer2": 0.40110644499525083,
  "shfer_w2_layer3": 0.4006325103400082,
  "shfer_w2_layer4": 0.4001545023753136,
  "shfer_w2_head": 0.3983169119817042
}