{
  "diverged": false,
  "n_steps": 10000,
  "spikes": 552,
  "train_loss_tail": 0.025911337295547128,
  "val_loss": 1.2079034545898437,
  "val_acc": 0.8027,
  "lam_tail": 1.4146530628204346,
  "chi_tail": 0.452688980102539,
  "sharpness_threshold": 11.875000000000002,
  "secs": 1314.2,
  "hfer_w1_mid": 0.390685237905496,
  "raw_paths": "/work/02/gs26/s26001/river-valley-momentum/codebases/results/raw/grid_cifar10_bn_ema_lr3.2_b0.9_s0/w1_layer3.0.conv1_G.npz;/work/02/gs26/s26001/river-valley-momentum/codebases/results/raw/grid_cifar10_bn_ema_lr3.2_b0.9_s0/w1_linear_G.npz",
  "w0_conv1_hfer0.5": 0.36652490543961186,
  "w0_conv1_hfer0.6": 0.2903376167812871,
  "w0_conv1_hfer0.7": 0.21902408429752981,
  "w0_conv1_hfer0.6_hann": 0.2964163980042198,
  "w0_conv1_msr": 0.003205716814474609,
  "gnorm_w0_conv1": 0.13099397202629878,
  "w0_layer2.0.conv1_hfer0.5": 0.4304213195221801,
  "w0_layer2.0.conv1_hfer0.6": 0.3428610582452664,
  "w0_layer2.0.conv1_hfer0.7": 0.25701553699100216,
  "w0_layer2.0.conv1_hfer0.6_hann": 0.3419067663059764,
  "w0_layer2.0.conv1_msr": 0.0032147720132350887,
  "gnorm_w0_layer2.0.conv1": 0.0974738417221064,
  "w0_layer3.0.conv1_hfer0.5": 0.4485263047669903,
  "w0_layer3.0.conv1_hfer0.6": 0.35813979017181335,
  "w0_layer3.0.conv1_hfer0.7": 0.2684230501106571,
  "w0_layer3.0.conv1_hfer0.6_hann": 0.3544436979286954,
  "w0_layer3.0.conv1_msr": 0.0032188848130323628,
  "gnorm_w0_layer3.0.conv1": 0.13536985662351547,
  "w0_linear_hfer0.5": 0.3443204403656594,
  "w0_linear_hfer0.6": 0.2720460299954919,
  "w0_linear_hfer0.7": 0.20179236582512247,
  "w0_linear_hfer0.6_hann": 0.27452599190148935,
  "w0_linear_msr": 0.0032140181568405396,
  "gnorm_w0_linear": 0.17227007592736593,
  "w1_conv1_hfer0.5": 0.42919014060851984,
  "w1_conv1_hfer0.6": 0.3421024456831583,
  "w1_conv1_hfer0.7": 0.2615222075374419,
  "w1_conv1_hfer0.6_hann": 0.3437163927581812,
  "w1_conv1_msr": 0.003198022746405,
  "gnorm_w1_conv1": 0.08666515157855857,
  "w1_layer2.0.conv1_hfer0.5": 0.47666039510459907,
  "w1_layer2.0.conv1_hfer0.6": 0.3815942325917158,
  "w1_layer2.0.conv1_hfer0.7": 0.2866617327680623,
  "w1_layer2.0.conv1_hfer0.6_hann": 0.3846977396610595,
  "w1_layer2.0.conv1_msr": 0.0032197399329039556,
  "gnorm_w1_layer2.0.conv1": 0.08260743533094282,
  "w1_layer3.0.conv1_hfer0.5": 0.48913834528041655,
  "w1_layer3.0.conv1_hfer0.6": 0.390685237905496,
  "w1_layer3.0.conv1_hfer0.7": 0.29346383446101365,
  "w1_layer3.0.conv1_hfer0.6_hann": 0.390631209283054,
  "w1_layer3.0.conv1_msr": 0.0032170640086098125,
  "gnorm_w1_layer3.0.conv1": 0.16303160628579613,
  "w1_linear_hfer0.5": 0.4034281705102485,
  "w1_linear_hfer0.6": 0.32190074902837973,
  "w1_linear_hfer0.7": 0.23968515520522535,
  "w1_linear_hfer0.6_hann": 0.3172168633371998,
  "w1_linear_msr": 0.003227535489331859,
  "gnorm_w1_linear": 0.09933300545805791,
  "w2_conv1_hfer0.5": 0.4910230509011981,
  "w2_conv1_hfer0.6": 0.38757399033347745,
  "w2_conv1_hfer0.7": 0.294796113279124,
  "w2_conv1_hfer0.6_hann": 0.38679095591321977,
  "w2_conv1_msr": 0.003204239078414171,
  "gnorm_w2_conv1": 0.05196448566999936,
  "w2_layer2.0.conv1_hfer0.5": 0.49398335411897054,
  "w2_layer2.0.conv1_hfer0.6": 0.39416537064441404,
  "w2_layer2.0.conv1_hfer0.7": 0.29571924222389623,
  "w2_layer2.0.conv1_hfer0.6_hann": 0.3944841678349937,
  "w2_layer2.0.conv1_msr": 0.00321358922408793,
  "gnorm_w2_layer2.0.conv1": 0.05242498779300615,
  "w2_layer3.0.conv1_hfer0.5": 0.49738017777259136,
  "w2_layer3.0.conv1_hfer0.6": 0.3974209923201392,
  "w2_layer3.0.conv1_hfer0.7": 0.2991052528783216,
  "w2_layer3.0.conv1_hfer0.6_hann": 0.3980572290288262,
  "w2_layer3.0.conv1_msr": 0.003211779639764825,
  "gnorm_w2_layer3.0.conv1": 0.1098232618370375,
  "w2_linear_hfer0.5": 0.4620231890246406,
  "w2_linear_hfer0.6": 0.3686413214617098,
  "w2_linear_hfer0.7": 0.2805403309740251,
  "w2_linear_hfer0.6_hann": 0.3687833235350129,
  "w2_linear_msr": 0.003206007220060736,
  "gnorm_w2_linear": 0.05186181913361455,
  "shfer_w0_all": 0.33025343476745295,
  "shfer_w0_stem": 0.29585059677381337,
  "shfer_w0_layer1": 0.333685897260992,
  "shfer_w0_layer2": 0.34385081818937446,
  "shfer_w0_layer3": 0.35656428152188807,
  "shfer_w0_layer4": 0.334568260913576,
  "shfer_w0_head": 0.26630414646031475,
  "shfer_w1_all": 0.3839592459761981,
  "shfer_w1_stem": 0.34446044602897574,
  "shfer_w1_layer1": 0.369852751373552,
  "shfer_w1_layer2": 0.38508025690794623,
  "shfer_w1_layer3": 0.3914166942789575,
  "shfer_w1_layer4": 0.38509388322135635,
  "shfer_w1_head": 0.31936921354959275,
  "shfer_w2_all": 0.39487430868120527,
  "shfer_w2_stem": 0.38925513803250966,
  "shfer_w2_layer1": 0.39042570707013263,
  "shfer_w2_layer2": 0.39641077714037626,
  "shfer_w2_layer3": 0.3964573473056974,
  "shfer_w2_layer4": 0.39466615557810725,
  "shfer_w2_head": 0.36880399349197773
}