{
  "diverged": false,
  "n_steps": 10000,
  "spikes": 1422,
  "train_loss_tail": 0.0001511076470123953,
  "val_loss": 0.8617167541503906,
  "val_acc": 0.8492,
  "lam_tail": 0.16478484869003296,
  "chi_tail": 0.0032956969738006585,
  "sharpness_threshold": 190.00000000000003,
  "secs": 1219.9,
  "hfer_w1_mid": 0.39712477696880366,
  "raw_paths": "",
  "w0_conv1_hfer0.5": 0.44999445436606716,
  "w0_conv1_hfer0.6": 0.3588116213539446,
  "w0_conv1_hfer0.7": 0.26751578158527817,
  "w0_conv1_hfer0.6_hann": 0.3615392192417256,
  "w0_conv1_msr": 0.0032225078060576355,
  "gnorm_w0_conv1": 0.3976423347362817,
  "w0_layer2.0.conv1_hfer0.5": 0.47796661920384664,
  "w0_layer2.0.conv1_hfer0.6": 0.3815401203455453,
  "w0_layer2.0.conv1_hfer0.7": 0.2866410704128826,
  "w0_layer2.0.conv1_hfer0.6_hann": 0.3844847756481941,
  "w0_layer2.0.conv1_msr": 0.0032152146449316286,
  "gnorm_w0_layer2.0.conv1": 0.3750046198813023,
  "w0_layer3.0.conv1_hfer0.5": 0.4857275261614533,
  "w0_layer3.0.conv1_hfer0.6": 0.38782576186518625,
  "w0_layer3.0.conv1_hfer0.7": 0.291181483015799,
  "w0_layer3.0.conv1_hfer0.6_hann": 0.3891327565610381,
  "w0_layer3.0.conv1_msr": 0.0032151569848544027,
  "gnorm_w0_layer3.0.conv1": 0.6244530006732675,
  "w0_linear_hfer0.5": 0.3688825003242682,
  "w0_linear_hfer0.6": 0.2921596727841618,
  "w0_linear_hfer0.7": 0.21796121819878655,
  "w0_linear_hfer0.6_hann": 0.2980504987702329,
  "w0_linear_msr": 0.003214410354360666,
  "gnorm_w0_linear": 0.6079486072120847,
  "w1_conv1_hfer0.5": 0.48362036922092366,
  "w1_conv1_hfer0.6": 0.38595836828842695,
  "w1_conv1_hfer0.7": 0.2893239359284472,
  "w1_conv1_hfer0.6_hann": 0.38457100457631654,
  "w1_conv1_msr": 0.003218193383865811,
  "gnorm_w1_conv1": 0.2129343744698974,
  "w1_layer2.0.conv1_hfer0.5": 0.4944366941048711,
  "w1_layer2.0.conv1_hfer0.6": 0.3947017351907968,
  "w1_layer2.0.conv1_hfer0.7": 0.2969059468113279,
  "w1_layer2.0.conv1_hfer0.6_hann": 0.3938915654362565,
  "w1_layer2.0.conv1_msr": 0.0032128939719754256,
  "gnorm_w1_layer2.0.conv1": 0.22128767090945556,
  "w1_layer3.0.conv1_hfer0.5": 0.4970445593375768,
  "w1_layer3.0.conv1_hfer0.6": 0.39712477696880366,
  "w1_layer3.0.conv1_hfer0.7": 0.29816392907219813,
  "w1_layer3.0.conv1_hfer0.6_hann": 0.39616676702711723,
  "w1_layer3.0.conv1_msr": 0.0032140951122541575,
  "gnorm_w1_layer3.0.conv1": 0.4065341193911394,
  "w1_linear_hfer0.5": 0.45656639965162416,
  "w1_linear_hfer0.6": 0.3635415434062112,
  "w1_linear_hfer0.7": 0.2701546683566999,
  "w1_linear_hfer0.6_hann": 0.3613281910147462,
  "w1_linear_msr": 0.003218062903454072,
  "gnorm_w1_linear": 0.20975723647014108,
  "w2_conv1_hfer0.5": 0.500766396462384,
  "w2_conv1_hfer0.6": 0.40105679934546345,
  "w2_conv1_hfer0.7": 0.2966020651129177,
  "w2_conv1_hfer0.6_hann": 0.40030901464976926,
  "w2_conv1_msr": 0.0032294022154731547,
  "gnorm_w2_conv1": 0.03296234179339367,
  "w2_layer2.0.conv1_hfer0.5": 0.5008265208139718,
  "w2_layer2.0.conv1_hfer0.6": 0.4005292625611256,
  "w2_layer2.0.conv1_hfer0.7": 0.3006216217779402,
  "w2_layer2.0.conv1_hfer0.6_hann": 0.4006738874585969,
  "w2_layer2.0.conv1_msr": 0.0032228248993044634,
  "gnorm_w2_layer2.0.conv1": 0.035710989888036844,
  "w2_layer3.0.conv1_hfer0.5": 0.4996444005022,
  "w2_layer3.0.conv1_hfer0.6": 0.39942750266151916,
  "w2_layer3.0.conv1_hfer0.7": 0.30017186065604906,
  "w2_layer3.0.conv1_hfer0.6_hann": 0.39976375339663717,
  "w2_layer3.0.conv1_msr": 0.003221420329504354,
  "gnorm_w2_layer3.0.conv1": 0.06744034882954697,
  "w2_linear_hfer0.5": 0.4920309709250089,
  "w2_linear_hfer0.6": 0.3950260705767198,
  "w2_linear_hfer0.7": 0.2899907539870888,
  "w2_linear_hfer0.6_hann": 0.4065883250892351,
  "w2_linear_msr": 0.00323024360615154,
  "gnorm_w2_linear": 0.02589348109996237,
  "shfer_w0_all": 0.378419720298359,
  "shfer_w0_stem": 0.35743852463278164,
  "shfer_w0_layer1": 0.3739869496874658,
  "shfer_w0_layer2": 0.38365004693743326,
  "shfer_w0_layer3": 0.38779160467525303,
  "shfer_w0_layer4": 0.38412951658898953,
  "shfer_w0_head": 0.2932050415735,
  "shfer_w1_all": 0.39466451847590495,
  "shfer_w1_stem": 0.3865969997441256,
  "shfer_w1_layer1": 0.39277680539200255,
  "shfer_w1_layer2": 0.39785629137468137,
  "shfer_w1_layer3": 0.3967482385954631,
  "shfer_w1_layer4": 0.39602044967095423,
  "shfer_w1_head": 0.3621623897368935,
  "shfer_w2_all": 0.4004590668930719,
  "shfer_w2_stem": 0.40106543860817445,
  "shfer_w2_layer1": 0.40205604158678115,
  "shfer_w2_layer2": 0.4020839020472103,
  "shfer_w2_layer3": 0.40311816441018206,
  "shfer_w2_layer4": 0.40168854813227944,
  "shfer_w2_head": 0.39374896296529965
}