{
  "diverged": false,
  "n_steps": 10000,
  "spikes": 387,
  "train_loss_tail": 0.0013615037376293912,
  "val_loss": 2.1180807983398435,
  "val_acc": 0.5641,
  "lam_tail": 0.6002930402755737,
  "chi_tail": 0.0030014652013778714,
  "sharpness_threshold": 779.9999999999992,
  "secs": 1279.5,
  "hfer_w1_mid": 0.3975413878628674,
  "raw_paths": "",
  "w0_conv1_hfer0.5": 0.4170638953910858,
  "w0_conv1_hfer0.6": 0.3341828559819896,
  "w0_conv1_hfer0.7": 0.2505126700678007,
  "w0_conv1_hfer0.6_hann": 0.3364781068430749,
  "w0_conv1_msr": 0.0007670162091566741,
  "gnorm_w0_conv1": 0.7646071500991796,
  "w0_layer2.0.conv1_hfer0.5": 0.46796545194201483,
  "w0_layer2.0.conv1_hfer0.6": 0.3732336335827235,
  "w0_layer2.0.conv1_hfer0.7": 0.2806051782930334,
  "w0_layer2.0.conv1_hfer0.6_hann": 0.37594690114905727,
  "w0_layer2.0.conv1_msr": 0.0007660695735996882,
  "gnorm_w0_layer2.0.conv1": 0.7009285135978841,
  "w0_layer3.0.conv1_hfer0.5": 0.48199287840114713,
  "w0_layer3.0.conv1_hfer0.6": 0.38512697683152336,
  "w0_layer3.0.conv1_hfer0.7": 0.2894371060546488,
  "w0_layer3.0.conv1_hfer0.6_hann": 0.38631775959236736,
  "w0_layer3.0.conv1_msr": 0.0007659906669412931,
  "gnorm_w0_layer3.0.conv1": 1.216926201881818,
  "w0_linear_hfer0.5": 0.4440925170387194,
  "w0_linear_hfer0.6": 0.3542212326403158,
  "w0_linear_hfer0.7": 0.26587235131104664,
  "w0_linear_hfer0.6_hann": 0.35588523623202206,
  "w0_linear_msr": 0.0007677655219503322,
  "gnorm_w0_linear": 1.3769408548365145,
  "w1_conv1_hfer0.5": 0.49138706416980676,
  "w1_conv1_hfer0.6": 0.3921805278632184,
  "w1_conv1_hfer0.7": 0.29294460381559567,
  "w1_conv1_hfer0.6_hann": 0.39449379184359956,
  "w1_conv1_msr": 0.0007795694258158911,
  "gnorm_w1_conv1": 0.128139462792961,
  "w1_layer2.0.conv1_hfer0.5": 0.4961896040210409,
  "w1_layer2.0.conv1_hfer0.6": 0.39720116741334316,
  "w1_layer2.0.conv1_hfer0.7": 0.29830300376311375,
  "w1_layer2.0.conv1_hfer0.6_hann": 0.3978844683899843,
  "w1_layer2.0.conv1_msr": 0.0007742609308194177,
  "gnorm_w1_layer2.0.conv1": 0.13342740813803533,
  "w1_layer3.0.conv1_hfer0.5": 0.4973349774392647,
  "w1_layer3.0.conv1_hfer0.6": 0.3975413878628674,
  "w1_layer3.0.conv1_hfer0.7": 0.2982945405695586,
  "w1_layer3.0.conv1_hfer0.6_hann": 0.39839571534140944,
  "w1_layer3.0.conv1_msr": 0.0007735190625116041,
  "gnorm_w1_layer3.0.conv1": 0.2653812144873091,
  "w1_linear_hfer0.5": 0.48292032003566737,
  "w1_linear_hfer0.6": 0.3866721697895474,
  "w1_linear_hfer0.7": 0.2901977110589862,
  "w1_linear_hfer0.6_hann": 0.3922890219811722,
  "w1_linear_msr": 0.0007798268010294944,
  "gnorm_w1_linear": 0.1707261865313619,
  "w2_conv1_hfer0.5": 0.49810224169958023,
  "w2_conv1_hfer0.6": 0.3955631626864246,
  "w2_conv1_hfer0.7": 0.29888493787005926,
  "w2_conv1_hfer0.6_hann": 0.3926751091673003,
  "w2_conv1_msr": 0.0007694160409168773,
  "gnorm_w2_conv1": 0.011844452248601246,
  "w2_layer2.0.conv1_hfer0.5": 0.500452929286847,
  "w2_layer2.0.conv1_hfer0.6": 0.39963889974033756,
  "w2_layer2.0.conv1_hfer0.7": 0.29992678219662383,
  "w2_layer2.0.conv1_hfer0.6_hann": 0.39929095156472516,
  "w2_layer2.0.conv1_msr": 0.000765794302744628,
  "gnorm_w2_layer2.0.conv1": 0.013592596586788554,
  "w2_layer3.0.conv1_hfer0.5": 0.5006137824155904,
  "w2_layer3.0.conv1_hfer0.6": 0.3997912663087515,
  "w2_layer3.0.conv1_hfer0.7": 0.299680499484305,
  "w2_layer3.0.conv1_hfer0.6_hann": 0.3992231422691121,
  "w2_layer3.0.conv1_msr": 0.0007667281027614281,
  "gnorm_w2_layer3.0.conv1": 0.027718698861118014,
  "w2_linear_hfer0.5": 0.4987609389760179,
  "w2_linear_hfer0.6": 0.4001545676588329,
  "w2_linear_hfer0.7": 0.2999459111825052,
  "w2_linear_hfer0.6_hann": 0.3988657265058864,
  "w2_linear_msr": 0.0007687666205279148,
  "gnorm_w2_linear": 0.041864185457140594,
  "shfer_w0_all": 0.382713352521379,
  "shfer_w0_stem": 0.33417341738500805,
  "shfer_w0_layer1": 0.36209846126207174,
  "shfer_w0_layer2": 0.37738626640510786,
  "shfer_w0_layer3": 0.3866317805937217,
  "shfer_w0_layer4": 0.3877138621547756,
  "shfer_w0_head": 0.352861391549447,
  "shfer_w1_all": 0.39635541411900826,
  "shfer_w1_stem": 0.39581382558824835,
  "shfer_w1_layer1": 0.3919516715202549,
  "shfer_w1_layer2": 0.39434664020736154,
  "shfer_w1_layer3": 0.3991352158412723,
  "shfer_w1_layer4": 0.39714349677890104,
  "shfer_w1_head": 0.3851163868557114,
  "shfer_w2_all": 0.4008027388250981,
  "shfer_w2_stem": 0.3984680662433651,
  "shfer_w2_layer1": 0.40034035003941626,
  "shfer_w2_layer2": 0.398412814245276,
  "shfer_w2_layer3": 0.3993507459648596,
  "shfer_w2_layer4": 0.40195295174624224,
  "shfer_w2_head": 0.402512615171782
}