{
  "diverged": false,
  "n_steps": 10000,
  "spikes": 504,
  "train_loss_tail": 0.030288184991572053,
  "val_loss": 1.2785385864257812,
  "val_acc": 0.779,
  "lam_tail": 1.0891077518463135,
  "chi_tail": 0.34851448059082024,
  "sharpness_threshold": 11.875000000000002,
  "secs": 830.6,
  "hfer_w1_mid": 0.3867994085126902,
  "raw_paths": "",
  "w0_conv1_hfer0.5": 0.38798329523856834,
  "w0_conv1_hfer0.6": 0.30634105266597617,
  "w0_conv1_hfer0.7": 0.22662344527374226,
  "w0_conv1_hfer0.6_hann": 0.30878742557923944,
  "w0_conv1_msr": 0.323362280584015,
  "gnorm_w0_conv1": 0.13348433663205708,
  "w0_layer2.0.conv1_hfer0.5": 0.4712166273073939,
  "w0_layer2.0.conv1_hfer0.6": 0.37594888797172965,
  "w0_layer2.0.conv1_hfer0.7": 0.28113514603751955,
  "w0_layer2.0.conv1_hfer0.6_hann": 0.374549525824661,
  "w0_layer2.0.conv1_msr": 0.32186091990325766,
  "gnorm_w0_layer2.0.conv1": 0.07330280335802095,
  "w0_layer3.0.conv1_hfer0.5": 0.48409510691450525,
  "w0_layer3.0.conv1_hfer0.6": 0.3867994085126902,
  "w0_layer3.0.conv1_hfer0.7": 0.2902516153055838,
  "w0_layer3.0.conv1_hfer0.6_hann": 0.38813642360931006,
  "w0_layer3.0.conv1_msr": 0.3214823313723394,
  "gnorm_w0_layer3.0.conv1": 0.12360219735914764,
  "w0_linear_hfer0.5": 0.39530963434474276,
  "w0_linear_hfer0.6": 0.31716886184826687,
  "w0_linear_hfer0.7": 0.23423101184239323,
  "w0_linear_hfer0.6_hann": 0.31609703375373344,
  "w0_linear_msr": 0.32253778701033775,
  "gnorm_w0_linear": 0.10533728910435766
}