{
  "diverged": false,
  "n_steps": 10000,
  "spikes": 1224,
  "train_loss_tail": 0.011670224670233438,
  "val_loss": 1.0583379150390626,
  "val_acc": 0.834,
  "lam_tail": 5.906252384185791,
  "chi_tail": 0.23625009536743186,
  "sharpness_threshold": 97.4999999999999,
  "secs": 808.0,
  "hfer_w1_mid": 0.3954545054787318,
  "raw_paths": "",
  "w0_conv1_hfer0.5": 0.4742312554574483,
  "w0_conv1_hfer0.6": 0.3795040624980642,
  "w0_conv1_hfer0.7": 0.28479653906227015,
  "w0_conv1_hfer0.6_hann": 0.3807562469858859,
  "w0_conv1_msr": 0.30729525029857174,
  "gnorm_w0_conv1": 0.12493279419796113,
  "w0_layer2.0.conv1_hfer0.5": 0.49113950746422824,
  "w0_layer2.0.conv1_hfer0.6": 0.3923692223368365,
  "w0_layer2.0.conv1_hfer0.7": 0.2947483345303889,
  "w0_layer2.0.conv1_hfer0.6_hann": 0.3941307874982205,
  "w0_layer2.0.conv1_msr": 0.3068805465915547,
  "gnorm_w0_layer2.0.conv1": 0.12794572999133155,
  "w0_layer3.0.conv1_hfer0.5": 0.49479478797495074,
  "w0_layer3.0.conv1_hfer0.6": 0.3954545054787318,
  "w0_layer3.0.conv1_hfer0.7": 0.2971486166184554,
  "w0_layer3.0.conv1_hfer0.6_hann": 0.39623328215627035,
  "w0_layer3.0.conv1_msr": 0.30669939906315635,
  "gnorm_w0_layer3.0.conv1": 0.2587539976424401,
  "w0_linear_hfer0.5": 0.433106818200055,
  "w0_linear_hfer0.6": 0.347177719066351,
  "w0_linear_hfer0.7": 0.2639431440063018,
  "w0_linear_hfer0.6_hann": 0.3514534699832762,
  "w0_linear_msr": 0.3052055100973513,
  "gnorm_w0_linear": 0.13389772676974804
}