{
  "diverged": false,
  "n_steps": 10000,
  "spikes": 630,
  "train_loss_tail": 0.019550336241838523,
  "val_loss": 1.254330145263672,
  "val_acc": 0.7842,
  "lam_tail": 3.7373523712158203,
  "chi_tail": 2.9898818969726566,
  "sharpness_threshold": 2.5,
  "secs": 820.8,
  "hfer_w1_mid": 0.4124871393024906,
  "raw_paths": "",
  "w0_conv1_hfer0.5": 0.6345865871822975,
  "w0_conv1_hfer0.6": 0.5190949596577696,
  "w0_conv1_hfer0.7": 0.3949968613434369,
  "w0_conv1_hfer0.6_hann": 0.520304180280658,
  "w0_conv1_msr": 1.0,
  "gnorm_w0_conv1": 0.2047817129587979,
  "w0_layer2.0.conv1_hfer0.5": 0.5310278815118661,
  "w0_layer2.0.conv1_hfer0.6": 0.4260268176140131,
  "w0_layer2.0.conv1_hfer0.7": 0.31982941828713607,
  "w0_layer2.0.conv1_hfer0.6_hann": 0.4251962133555538,
  "w0_layer2.0.conv1_msr": 1.0,
  "gnorm_w0_layer2.0.conv1": 0.13455257237464457,
  "w0_layer3.0.conv1_hfer0.5": 0.515396601130613,
  "w0_layer3.0.conv1_hfer0.6": 0.4124871393024906,
  "w0_layer3.0.conv1_hfer0.7": 0.30957572156326024,
  "w0_layer3.0.conv1_hfer0.6_hann": 0.4122711253206281,
  "w0_layer3.0.conv1_msr": 1.0,
  "gnorm_w0_layer3.0.conv1": 0.22507473232420902,
  "w0_linear_hfer0.5": 0.6061429727083615,
  "w0_linear_hfer0.6": 0.48953924359602546,
  "w0_linear_hfer0.7": 0.3678571095243091,
  "w0_linear_hfer0.6_hann": 0.4882978594972625,
  "w0_linear_msr": 1.0,
  "gnorm_w0_linear": 0.14051030783366295
}