{
  "diverged": false,
  "n_steps": 10000,
  "spikes": 118,
  "train_loss_tail": 0.07451821389421821,
  "val_loss": 1.497639306640625,
  "val_acc": 0.711,
  "lam_tail": 0.838721513748169,
  "chi_tail": 2.683908843994141,
  "sharpness_threshold": 0.625,
  "secs": 1286.1,
  "hfer_w1_mid": 0.42173757184029304,
  "raw_paths": "",
  "w0_conv1_hfer0.5": 0.5933940791279928,
  "w0_conv1_hfer0.6": 0.47028188395472176,
  "w0_conv1_hfer0.7": 0.3533665117258981,
  "w0_conv1_hfer0.6_hann": 0.4771924625247206,
  "w0_conv1_msr": 1.0,
  "gnorm_w0_conv1": 0.04956010558981645,
  "w0_layer2.0.conv1_hfer0.5": 0.5828435877247656,
  "w0_layer2.0.conv1_hfer0.6": 0.4698026096603711,
  "w0_layer2.0.conv1_hfer0.7": 0.357118997955558,
  "w0_layer2.0.conv1_hfer0.6_hann": 0.467853074508385,
  "w0_layer2.0.conv1_msr": 1.0,
  "gnorm_w0_layer2.0.conv1": 0.04398183193825347,
  "w0_layer3.0.conv1_hfer0.5": 0.5850529312695462,
  "w0_layer3.0.conv1_hfer0.6": 0.4778397145170088,
  "w0_layer3.0.conv1_hfer0.7": 0.365872822374467,
  "w0_layer3.0.conv1_hfer0.6_hann": 0.48074003714028185,
  "w0_layer3.0.conv1_msr": 1.0,
  "gnorm_w0_layer3.0.conv1": 0.14610429321456364,
  "w0_linear_hfer0.5": 0.8061587670730334,
  "w0_linear_hfer0.6": 0.7004403633327883,
  "w0_linear_hfer0.7": 0.5691116831198941,
  "w0_linear_hfer0.6_hann": 0.7040860239466044,
  "w0_linear_msr": 1.0,
  "gnorm_w0_linear": 0.17707836789334863,
  "w1_conv1_hfer0.5": 0.5576413643691159,
  "w1_conv1_hfer0.6": 0.44440764466597343,
  "w1_conv1_hfer0.7": 0.337610033301477,
  "w1_conv1_hfer0.6_hann": 0.4434387056432825,
  "w1_conv1_msr": 1.0,
  "gnorm_w1_conv1": 0.0635402393201433,
  "w1_layer2.0.conv1_hfer0.5": 0.5365013403633578,
  "w1_layer2.0.conv1_hfer0.6": 0.4312592632665041,
  "w1_layer2.0.conv1_hfer0.7": 0.3235566221897318,
  "w1_layer2.0.conv1_hfer0.6_hann": 0.42969707916805766,
  "w1_layer2.0.conv1_msr": 1.0,
  "gnorm_w1_layer2.0.conv1": 0.04555847215655177,
  "w1_layer3.0.conv1_hfer0.5": 0.5256148997380261,
  "w1_layer3.0.conv1_hfer0.6": 0.42173757184029304,
  "w1_layer3.0.conv1_hfer0.7": 0.31837215476072445,
  "w1_layer3.0.conv1_hfer0.6_hann": 0.42145263713019265,
  "w1_layer3.0.conv1_msr": 1.0,
  "gnorm_w1_layer3.0.conv1": 0.1981067282313998,
  "w1_linear_hfer0.5": 0.7457612488133238,
  "w1_linear_hfer0.6": 0.6383892928315412,
  "w1_linear_hfer0.7": 0.5096293635252099,
  "w1_linear_hfer0.6_hann": 0.6434916208578316,
  "w1_linear_msr": 1.0,
  "gnorm_w1_linear": 0.12327520152830233,
  "w2_conv1_hfer0.5": 0.5318786130932103,
  "w2_conv1_hfer0.6": 0.42620275093669047,
  "w2_conv1_hfer0.7": 0.31987208030505393,
  "w2_conv1_hfer0.6_hann": 0.4261515108176767,
  "w2_conv1_msr": 1.0,
  "gnorm_w2_conv1": 0.05356887805430169,
  "w2_layer2.0.conv1_hfer0.5": 0.5145529644542597,
  "w2_layer2.0.conv1_hfer0.6": 0.4133357302979634,
  "w2_layer2.0.conv1_hfer0.7": 0.31296756480655624,
  "w2_layer2.0.conv1_hfer0.6_hann": 0.40782965927275316,
  "w2_layer2.0.conv1_msr": 1.0,
  "gnorm_w2_layer2.0.conv1": 0.036415706242309255,
  "w2_layer3.0.conv1_hfer0.5": 0.5095913740797984,
  "w2_layer3.0.conv1_hfer0.6": 0.4075719639448229,
  "w2_layer3.0.conv1_hfer0.7": 0.30638734360236497,
  "w2_layer3.0.conv1_hfer0.6_hann": 0.40740415958980114,
  "w2_layer3.0.conv1_msr": 1.0,
  "gnorm_w2_layer3.0.conv1": 0.16551980794539264,
  "w2_linear_hfer0.5": 0.6345015563195692,
  "w2_linear_hfer0.6": 0.5200063766311268,
  "w2_linear_hfer0.7": 0.399821607262602,
  "w2_linear_hfer0.6_hann": 0.5120133103690815,
  "w2_linear_msr": 1.0,
  "gnorm_w2_linear": 0.07257564799832446,
  "shfer_w0_all": 0.5786558058766793,
  "shfer_w0_stem": 0.46842163223718336,
  "shfer_w0_layer1": 0.476719710488845,
  "shfer_w0_layer2": 0.4881121291876778,
  "shfer_w0_layer3": 0.48348313824146844,
  "shfer_w0_layer4": 0.6210495509554586,
  "shfer_w0_head": 0.7200619454288646,
  "shfer_w1_all": 0.4559636955575198,
  "shfer_w1_stem": 0.44453906831250684,
  "shfer_w1_layer1": 0.43694333542636593,
  "shfer_w1_layer2": 0.43320406641339243,
  "shfer_w1_layer3": 0.427354077365887,
  "shfer_w1_layer4": 0.4688779969383597,
  "shfer_w1_head": 0.6558731745670368,
  "shfer_w2_all": 0.4150298510011059,
  "shfer_w2_stem": 0.4248131729223411,
  "shfer_w2_layer1": 0.41824436748377003,
  "shfer_w2_layer2": 0.4179803711104474,
  "shfer_w2_layer3": 0.4066657807366994,
  "shfer_w2_layer4": 0.41948545759617306,
  "shfer_w2_head": 0.5231712081105813
}