{
  "diverged": false,
  "n_steps": 10000,
  "spikes": 1422,
  "train_loss_tail": 0.003045215602232929,
  "val_loss": 0.9892981140136718,
  "val_acc": 0.8471,
  "lam_tail": 8.961525917053223,
  "chi_tail": 0.35846103668212886,
  "sharpness_threshold": 95.00000000000001,
  "secs": 803.7,
  "hfer_w1_mid": 0.3960655931235647,
  "raw_paths": "",
  "w0_conv1_hfer0.5": 0.4814565659486184,
  "w0_conv1_hfer0.6": 0.3826331706851948,
  "w0_conv1_hfer0.7": 0.28437443318239924,
  "w0_conv1_hfer0.6_hann": 0.3838191025796955,
  "w0_conv1_msr": 0.3227986461866306,
  "gnorm_w0_conv1": 0.16709763880956613,
  "w0_layer2.0.conv1_hfer0.5": 0.4938076801379768,
  "w0_layer2.0.conv1_hfer0.6": 0.3942623294115348,
  "w0_layer2.0.conv1_hfer0.7": 0.29545067238939704,
  "w0_layer2.0.conv1_hfer0.6_hann": 0.39404099477913523,
  "w0_layer2.0.conv1_msr": 0.3221366510945938,
  "gnorm_w0_layer2.0.conv1": 0.18404999158321195,
  "w0_layer3.0.conv1_hfer0.5": 0.4957752426786664,
  "w0_layer3.0.conv1_hfer0.6": 0.3960655931235647,
  "w0_layer3.0.conv1_hfer0.7": 0.2973310094384832,
  "w0_layer3.0.conv1_hfer0.6_hann": 0.39657008802188154,
  "w0_layer3.0.conv1_msr": 0.32188961235994434,
  "gnorm_w0_layer3.0.conv1": 0.34574494388303684,
  "w0_linear_hfer0.5": 0.4515602556118428,
  "w0_linear_hfer0.6": 0.3595321386598806,
  "w0_linear_hfer0.7": 0.2690349616425917,
  "w0_linear_hfer0.6_hann": 0.3584278343373316,
  "w0_linear_msr": 0.32206182376824677,
  "gnorm_w0_linear": 0.18733054949859565
}