{
  "diverged": false,
  "n_steps": 10000,
  "spikes": 416,
  "train_loss_tail": 0.0022866171622881667,
  "val_loss": 2.3481150390625,
  "val_acc": 0.5597,
  "lam_tail": 0.6029207706451416,
  "chi_tail": 0.0012058415412902843,
  "sharpness_threshold": 1989.9999999999982,
  "secs": 1263.8,
  "hfer_w1_mid": 0.39356318727032724,
  "raw_paths": "",
  "w0_conv1_hfer0.5": 0.3825686180161123,
  "w0_conv1_hfer0.6": 0.306496721541906,
  "w0_conv1_hfer0.7": 0.2298147478765853,
  "w0_conv1_hfer0.6_hann": 0.3113599917272005,
  "w0_conv1_msr": 3.0432582626686055e-05,
  "gnorm_w0_conv1": 0.6787537502029853,
  "w0_layer2.0.conv1_hfer0.5": 0.450472692841784,
  "w0_layer2.0.conv1_hfer0.6": 0.3599320134267565,
  "w0_layer2.0.conv1_hfer0.7": 0.27095064603286284,
  "w0_layer2.0.conv1_hfer0.6_hann": 0.36305624620287824,
  "w0_layer2.0.conv1_msr": 3.0507991335099883e-05,
  "gnorm_w0_layer2.0.conv1": 0.4591642655326031,
  "w0_layer3.0.conv1_hfer0.5": 0.4695737712777016,
  "w0_layer3.0.conv1_hfer0.6": 0.37493280030774967,
  "w0_layer3.0.conv1_hfer0.7": 0.281776666530689,
  "w0_layer3.0.conv1_hfer0.6_hann": 0.3762347594718941,
  "w0_layer3.0.conv1_msr": 3.0601611333494664e-05,
  "gnorm_w0_layer3.0.conv1": 0.7595717363384963,
  "w0_linear_hfer0.5": 0.42906132761482346,
  "w0_linear_hfer0.6": 0.3425411918340621,
  "w0_linear_hfer0.7": 0.2574441488911705,
  "w0_linear_hfer0.6_hann": 0.3426289386379351,
  "w0_linear_msr": 3.0345639426691403e-05,
  "gnorm_w0_linear": 1.4422392354743019,
  "w1_conv1_hfer0.5": 0.45589112435811524,
  "w1_conv1_hfer0.6": 0.3626494157853721,
  "w1_conv1_hfer0.7": 0.27324878736675384,
  "w1_conv1_hfer0.6_hann": 0.37438969670292377,
  "w1_conv1_msr": 3.1013829804561635e-05,
  "gnorm_w1_conv1": 0.2333721942559138,
  "w1_layer2.0.conv1_hfer0.5": 0.4870796291838164,
  "w1_layer2.0.conv1_hfer0.6": 0.38817693325007563,
  "w1_layer2.0.conv1_hfer0.7": 0.2911874007067189,
  "w1_layer2.0.conv1_hfer0.6_hann": 0.391630337370745,
  "w1_layer2.0.conv1_msr": 3.1174975696519906e-05,
  "gnorm_w1_layer2.0.conv1": 0.20529641577960453,
  "w1_layer3.0.conv1_hfer0.5": 0.4928631217801033,
  "w1_layer3.0.conv1_hfer0.6": 0.39356318727032724,
  "w1_layer3.0.conv1_hfer0.7": 0.2955708785930244,
  "w1_layer3.0.conv1_hfer0.6_hann": 0.3956610850622655,
  "w1_layer3.0.conv1_msr": 3.104450143450889e-05,
  "gnorm_w1_layer3.0.conv1": 0.41611545045853665,
  "w1_linear_hfer0.5": 0.47243011887024294,
  "w1_linear_hfer0.6": 0.3768461687739636,
  "w1_linear_hfer0.7": 0.2835068441060667,
  "w1_linear_hfer0.6_hann": 0.38004709937935527,
  "w1_linear_msr": 3.156836138633088e-05,
  "gnorm_w1_linear": 0.40135252308172514,
  "w2_conv1_hfer0.5": 0.49798365862283067,
  "w2_conv1_hfer0.6": 0.3973001254713764,
  "w2_conv1_hfer0.7": 0.30150348412227806,
  "w2_conv1_hfer0.6_hann": 0.39525978954588864,
  "w2_conv1_msr": 3.167486991147544e-05,
  "gnorm_w2_conv1": 0.018621904934554956,
  "w2_layer2.0.conv1_hfer0.5": 0.5006523732847902,
  "w2_layer2.0.conv1_hfer0.6": 0.398921647875647,
  "w2_layer2.0.conv1_hfer0.7": 0.30100090675915037,
  "w2_layer2.0.conv1_hfer0.6_hann": 0.3985885725984175,
  "w2_layer2.0.conv1_msr": 3.1053492797231965e-05,
  "gnorm_w2_layer2.0.conv1": 0.0181339585672979,
  "w2_layer3.0.conv1_hfer0.5": 0.5011530273991882,
  "w2_layer3.0.conv1_hfer0.6": 0.3988318808863617,
  "w2_layer3.0.conv1_hfer0.7": 0.30130225178454567,
  "w2_layer3.0.conv1_hfer0.6_hann": 0.3992562473188933,
  "w2_layer3.0.conv1_msr": 3.072037450599172e-05,
  "gnorm_w2_layer3.0.conv1": 0.037549906417413195,
  "w2_linear_hfer0.5": 0.4984899506605378,
  "w2_linear_hfer0.6": 0.39546174284843505,
  "w2_linear_hfer0.7": 0.30019817527927384,
  "w2_linear_hfer0.6_hann": 0.395937417004769,
  "w2_linear_msr": 3.0030213479793852e-05,
  "gnorm_w2_linear": 0.04840817362876337,
  "shfer_w0_all": 0.3696719196172312,
  "shfer_w0_stem": 0.30645404926237985,
  "shfer_w0_layer1": 0.348069041836241,
  "shfer_w0_layer2": 0.36531666560082926,
  "shfer_w0_layer3": 0.3781990531212806,
  "shfer_w0_layer4": 0.3810426554716974,
  "shfer_w0_head": 0.34341708488072203,
  "shfer_w1_all": 0.391364165405741,
  "shfer_w1_stem": 0.3626146094516738,
  "shfer_w1_layer1": 0.3804536349990501,
  "shfer_w1_layer2": 0.39008107022098887,
  "shfer_w1_layer3": 0.39483145739527825,
  "shfer_w1_layer4": 0.3941263883192688,
  "shfer_w1_head": 0.3749970338159885,
  "shfer_w2_all": 0.3971716000561816,
  "shfer_w2_stem": 0.3979351008142345,
  "shfer_w2_layer1": 0.3979563262511306,
  "shfer_w2_layer2": 0.398740696559719,
  "shfer_w2_layer3": 0.3987005523843111,
  "shfer_w2_layer4": 0.39713774330479334,
  "shfer_w2_head": 0.39694518459290906
}