{
  "diverged": false,
  "n_steps": 10000,
  "spikes": 427,
  "train_loss_tail": 0.0012819902994669974,
  "val_loss": 2.151072314453125,
  "val_acc": 0.5734,
  "lam_tail": 0.2222967892885208,
  "chi_tail": 0.04445935785770416,
  "sharpness_threshold": 10.0,
  "secs": 1277.0,
  "hfer_w1_mid": 0.4019957548306127,
  "raw_paths": "",
  "w0_conv1_hfer0.5": 0.6134763122574776,
  "w0_conv1_hfer0.6": 0.5012393285341303,
  "w0_conv1_hfer0.7": 0.3827011281639525,
  "w0_conv1_hfer0.6_hann": 0.48886122673401666,
  "w0_conv1_msr": 1.0,
  "gnorm_w0_conv1": 0.5074069211741841,
  "w0_layer2.0.conv1_hfer0.5": 0.5503472802777015,
  "w0_layer2.0.conv1_hfer0.6": 0.4426883222443888,
  "w0_layer2.0.conv1_hfer0.7": 0.3338482185708614,
  "w0_layer2.0.conv1_hfer0.6_hann": 0.4371659776515439,
  "w0_layer2.0.conv1_msr": 1.0,
  "gnorm_w0_layer2.0.conv1": 0.4624067540989743,
  "w0_layer3.0.conv1_hfer0.5": 0.5267437447135789,
  "w0_layer3.0.conv1_hfer0.6": 0.4223974226500837,
  "w0_layer3.0.conv1_hfer0.7": 0.31818470027676216,
  "w0_layer3.0.conv1_hfer0.6_hann": 0.42026550816087593,
  "w0_layer3.0.conv1_msr": 1.0,
  "gnorm_w0_layer3.0.conv1": 0.8176553939706548,
  "w0_linear_hfer0.5": 0.6036405369336263,
  "w0_linear_hfer0.6": 0.48875404499729586,
  "w0_linear_hfer0.7": 0.37097158404702724,
  "w0_linear_hfer0.6_hann": 0.4842954496494729,
  "w0_linear_msr": 1.0,
  "gnorm_w0_linear": 1.0972119580561603,
  "w1_conv1_hfer0.5": 0.5158615540453898,
  "w1_conv1_hfer0.6": 0.4136510070414279,
  "w1_conv1_hfer0.7": 0.30817490433752026,
  "w1_conv1_hfer0.6_hann": 0.4084830074789659,
  "w1_conv1_msr": 1.0,
  "gnorm_w1_conv1": 0.090380707243472,
  "w1_layer2.0.conv1_hfer0.5": 0.504872947369686,
  "w1_layer2.0.conv1_hfer0.6": 0.4042609654546634,
  "w1_layer2.0.conv1_hfer0.7": 0.3035472099470106,
  "w1_layer2.0.conv1_hfer0.6_hann": 0.4023943641335704,
  "w1_layer2.0.conv1_msr": 1.0,
  "gnorm_w1_layer2.0.conv1": 0.09122449687803146,
  "w1_layer3.0.conv1_hfer0.5": 0.503026923220705,
  "w1_layer3.0.conv1_hfer0.6": 0.4019957548306127,
  "w1_layer3.0.conv1_hfer0.7": 0.3017606014007557,
  "w1_layer3.0.conv1_hfer0.6_hann": 0.4006390320568774,
  "w1_layer3.0.conv1_msr": 1.0,
  "gnorm_w1_layer3.0.conv1": 0.18381843884795482,
  "w1_linear_hfer0.5": 0.5187925503347416,
  "w1_linear_hfer0.6": 0.416101840643851,
  "w1_linear_hfer0.7": 0.3115205613190477,
  "w1_linear_hfer0.6_hann": 0.413193938433196,
  "w1_linear_msr": 1.0,
  "gnorm_w1_linear": 0.1489583681711437,
  "w2_conv1_hfer0.5": 0.502069168016912,
  "w2_conv1_hfer0.6": 0.39928402593854195,
  "w2_conv1_hfer0.7": 0.3018597937532058,
  "w2_conv1_hfer0.6_hann": 0.3958586542592318,
  "w2_conv1_msr": 1.0,
  "gnorm_w2_conv1": 0.009493395246538949,
  "w2_layer2.0.conv1_hfer0.5": 0.501693580794687,
  "w2_layer2.0.conv1_hfer0.6": 0.40017380360583626,
  "w2_layer2.0.conv1_hfer0.7": 0.3017478832144286,
  "w2_layer2.0.conv1_hfer0.6_hann": 0.40000188945166515,
  "w2_layer2.0.conv1_msr": 1.0,
  "gnorm_w2_layer2.0.conv1": 0.010446554091346077,
  "w2_layer3.0.conv1_hfer0.5": 0.501024632758302,
  "w2_layer3.0.conv1_hfer0.6": 0.39978962228484016,
  "w2_layer3.0.conv1_hfer0.7": 0.30138085793170244,
  "w2_layer3.0.conv1_hfer0.6_hann": 0.3993457717346413,
  "w2_layer3.0.conv1_msr": 1.0,
  "gnorm_w2_layer3.0.conv1": 0.02146088135665148,
  "w2_linear_hfer0.5": 0.4956040581407188,
  "w2_linear_hfer0.6": 0.39537848694340305,
  "w2_linear_hfer0.7": 0.29658463016797526,
  "w2_linear_hfer0.6_hann": 0.3830880256440477,
  "w2_linear_msr": 1.0,
  "gnorm_w2_linear": 0.03702485439570122,
  "shfer_w0_all": 0.42918465693130176,
  "shfer_w0_stem": 0.5021884297243184,
  "shfer_w0_layer1": 0.45552252539365407,
  "shfer_w0_layer2": 0.4366657369911139,
  "shfer_w0_layer3": 0.4189098408510741,
  "shfer_w0_layer4": 0.41694454075909215,
  "shfer_w0_head": 0.48900287185263036,
  "shfer_w1_all": 0.40061462151222793,
  "shfer_w1_stem": 0.41187541997198224,
  "shfer_w1_layer1": 0.40782548807990954,
  "shfer_w1_layer2": 0.39787395282253557,
  "shfer_w1_layer3": 0.4040552626204379,
  "shfer_w1_layer4": 0.4020277092467009,
  "shfer_w1_head": 0.417751290328463,
  "shfer_w2_all": 0.3971001062855885,
  "shfer_w2_stem": 0.3978911999770849,
  "shfer_w2_layer1": 0.39969950006334776,
  "shfer_w2_layer2": 0.40101670546824764,
  "shfer_w2_layer3": 0.39882330134302635,
  "shfer_w2_layer4": 0.3990827635139013,
  "shfer_w2_head": 0.39382504085730047
}