{
  "diverged": false,
  "n_steps": 10000,
  "spikes": 0,
  "train_loss_tail": 0.8089719218015671,
  "val_loss": 0.9392350891113281,
  "val_acc": 0.6783,
  "lam_tail": 0.6441136002540588,
  "chi_tail": 2.0611635208129884,
  "sharpness_threshold": 0.625,
  "secs": 1273.6,
  "hfer_w1_mid": 0.7541540949635683,
  "raw_paths": "",
  "w0_conv1_hfer0.5": 0.6689320758043527,
  "w0_conv1_hfer0.6": 0.5642897973628951,
  "w0_conv1_hfer0.7": 0.4445160610642884,
  "w0_conv1_hfer0.6_hann": 0.5629135965252381,
  "w0_conv1_msr": 1.0,
  "gnorm_w0_conv1": 0.14238151169479568,
  "w0_layer2.0.conv1_hfer0.5": 0.8135199153152215,
  "w0_layer2.0.conv1_hfer0.6": 0.7320173456759009,
  "w0_layer2.0.conv1_hfer0.7": 0.6251195489990377,
  "w0_layer2.0.conv1_hfer0.6_hann": 0.7381007168956384,
  "w0_layer2.0.conv1_msr": 1.0,
  "gnorm_w0_layer2.0.conv1": 0.051475167658964156,
  "w0_layer3.0.conv1_hfer0.5": 0.8769772053484085,
  "w0_layer3.0.conv1_hfer0.6": 0.8032481438688204,
  "w0_layer3.0.conv1_hfer0.7": 0.6924342816317306,
  "w0_layer3.0.conv1_hfer0.6_hann": 0.8082106981870608,
  "w0_layer3.0.conv1_msr": 1.0,
  "gnorm_w0_layer3.0.conv1": 0.015576703221676268,
  "w0_linear_hfer0.5": 0.7408367539229962,
  "w0_linear_hfer0.6": 0.6338643794585324,
  "w0_linear_hfer0.7": 0.5146872725089632,
  "w0_linear_hfer0.6_hann": 0.6366879873466759,
  "w0_linear_msr": 1.0,
  "gnorm_w0_linear": 0.12403347674774451,
  "w1_conv1_hfer0.5": 0.6568142416434196,
  "w1_conv1_hfer0.6": 0.551072985539466,
  "w1_conv1_hfer0.7": 0.43944596655310153,
  "w1_conv1_hfer0.6_hann": 0.5518094281723305,
  "w1_conv1_msr": 1.0,
  "gnorm_w1_conv1": 0.14290600984409882,
  "w1_layer2.0.conv1_hfer0.5": 0.7292463895694156,
  "w1_layer2.0.conv1_hfer0.6": 0.6398239468867264,
  "w1_layer2.0.conv1_hfer0.7": 0.5288306996656467,
  "w1_layer2.0.conv1_hfer0.6_hann": 0.6417378768986293,
  "w1_layer2.0.conv1_msr": 1.0,
  "gnorm_w1_layer2.0.conv1": 0.07864117430907991,
  "w1_layer3.0.conv1_hfer0.5": 0.8282967891580445,
  "w1_layer3.0.conv1_hfer0.6": 0.7541540949635683,
  "w1_layer3.0.conv1_hfer0.7": 0.6482226978233788,
  "w1_layer3.0.conv1_hfer0.6_hann": 0.7616897515228434,
  "w1_layer3.0.conv1_msr": 1.0,
  "gnorm_w1_layer3.0.conv1": 0.022128063071577365,
  "w1_linear_hfer0.5": 0.7651803069670101,
  "w1_linear_hfer0.6": 0.6711623997552945,
  "w1_linear_hfer0.7": 0.5522019469669531,
  "w1_linear_hfer0.6_hann": 0.6711788472486103,
  "w1_linear_msr": 1.0,
  "gnorm_w1_linear": 0.11404740713058195,
  "w2_conv1_hfer0.5": 0.6340925290681361,
  "w2_conv1_hfer0.6": 0.5312425706739377,
  "w2_conv1_hfer0.7": 0.4184495303902299,
  "w2_conv1_hfer0.6_hann": 0.5315048389137649,
  "w2_conv1_msr": 1.0,
  "gnorm_w2_conv1": 0.13496333635084495,
  "w2_layer2.0.conv1_hfer0.5": 0.6627000700066985,
  "w2_layer2.0.conv1_hfer0.6": 0.5686595835249907,
  "w2_layer2.0.conv1_hfer0.7": 0.4630485933490973,
  "w2_layer2.0.conv1_hfer0.6_hann": 0.5735743189950049,
  "w2_layer2.0.conv1_msr": 1.0,
  "gnorm_w2_layer2.0.conv1": 0.12107892986501352,
  "w2_layer3.0.conv1_hfer0.5": 0.7562035006347175,
  "w2_layer3.0.conv1_hfer0.6": 0.6691239144828064,
  "w2_layer3.0.conv1_hfer0.7": 0.5659818534209089,
  "w2_layer3.0.conv1_hfer0.6_hann": 0.6716501446475437,
  "w2_layer3.0.conv1_msr": 1.0,
  "gnorm_w2_layer3.0.conv1": 0.03668098017788126,
  "w2_linear_hfer0.5": 0.7719424575303626,
  "w2_linear_hfer0.6": 0.6807356768031225,
  "w2_linear_hfer0.7": 0.5611445956561132,
  "w2_linear_hfer0.6_hann": 0.6803317251537053,
  "w2_linear_msr": 1.0,
  "gnorm_w2_linear": 0.10270543476319273,
  "shfer_w0_all": 0.6729041856533613,
  "shfer_w0_stem": 0.5985683386608255,
  "shfer_w0_layer1": 0.6630055355556257,
  "shfer_w0_layer2": 0.7601848646688276,
  "shfer_w0_layer3": 0.8075349671114448,
  "shfer_w0_layer4": 0.7018790452798416,
  "shfer_w0_head": 0.677457911181788,
  "shfer_w1_all": 0.652861966210161,
  "shfer_w1_stem": 0.587971365105781,
  "shfer_w1_layer1": 0.6424324858313747,
  "shfer_w1_layer2": 0.6924875587076664,
  "shfer_w1_layer3": 0.7571601240440505,
  "shfer_w1_layer4": 0.6612903957127971,
  "shfer_w1_head": 0.7171100329075291,
  "shfer_w2_all": 0.6083209871739415,
  "shfer_w2_stem": 0.5555724319602461,
  "shfer_w2_layer1": 0.6127275522549332,
  "shfer_w2_layer2": 0.601668267136051,
  "shfer_w2_layer3": 0.6757643180678402,
  "shfer_w2_layer4": 0.5895557862566355,
  "shfer_w2_head": 0.7204096851699836
}