{
  "diverged": false,
  "n_steps": 10000,
  "spikes": 1127,
  "train_loss_tail": 0.012651008799555712,
  "val_loss": 1.03990849609375,
  "val_acc": 0.8256,
  "lam_tail": 2.405794143676758,
  "chi_tail": 0.03849270629882816,
  "sharpness_threshold": 248.74999999999977,
  "secs": 810.5,
  "hfer_w1_mid": 0.39448028443536065,
  "raw_paths": "",
  "w0_conv1_hfer0.5": 0.4737760630458111,
  "w0_conv1_hfer0.6": 0.3771431213886434,
  "w0_conv1_hfer0.7": 0.28386717066637857,
  "w0_conv1_hfer0.6_hann": 0.37350261604598567,
  "w0_conv1_msr": 0.31833374271343123,
  "gnorm_w0_conv1": 0.0814983366326731,
  "w0_layer2.0.conv1_hfer0.5": 0.48924590944301344,
  "w0_layer2.0.conv1_hfer0.6": 0.39127346935263635,
  "w0_layer2.0.conv1_hfer0.7": 0.29423112894590714,
  "w0_layer2.0.conv1_hfer0.6_hann": 0.3920090154973623,
  "w0_layer2.0.conv1_msr": 0.30762441302008997,
  "gnorm_w0_layer2.0.conv1": 0.08989788608716746,
  "w0_layer3.0.conv1_hfer0.5": 0.49336419388335073,
  "w0_layer3.0.conv1_hfer0.6": 0.39448028443536065,
  "w0_layer3.0.conv1_hfer0.7": 0.29629334255991013,
  "w0_layer3.0.conv1_hfer0.6_hann": 0.39471650253946244,
  "w0_layer3.0.conv1_msr": 0.30733121994196183,
  "gnorm_w0_layer3.0.conv1": 0.18529934840507914,
  "w0_linear_hfer0.5": 0.42219881724708397,
  "w0_linear_hfer0.6": 0.3373190780570561,
  "w0_linear_hfer0.7": 0.2516659197906233,
  "w0_linear_hfer0.6_hann": 0.3277892175616072,
  "w0_linear_msr": 0.3075635387995694,
  "gnorm_w0_linear": 0.09717817508012716
}