{
  "diverged": false,
  "n_steps": 10000,
  "spikes": 436,
  "train_loss_tail": 0.0011885018380125986,
  "val_loss": 2.168194982910156,
  "val_acc": 0.5701,
  "lam_tail": 0.27192509174346924,
  "chi_tail": 0.05438501834869385,
  "sharpness_threshold": 10.0,
  "secs": 1279.8,
  "hfer_w1_mid": 0.4023246106025325,
  "raw_paths": "",
  "w0_conv1_hfer0.5": 0.6096965267912924,
  "w0_conv1_hfer0.6": 0.4937894265426632,
  "w0_conv1_hfer0.7": 0.37569098906800175,
  "w0_conv1_hfer0.6_hann": 0.4821217925484954,
  "w0_conv1_msr": 1.0,
  "gnorm_w0_conv1": 0.4902997381857512,
  "w0_layer2.0.conv1_hfer0.5": 0.5509202144916767,
  "w0_layer2.0.conv1_hfer0.6": 0.4442330115393575,
  "w0_layer2.0.conv1_hfer0.7": 0.3352590739958023,
  "w0_layer2.0.conv1_hfer0.6_hann": 0.43825461900439294,
  "w0_layer2.0.conv1_msr": 1.0,
  "gnorm_w0_layer2.0.conv1": 0.46215310830136114,
  "w0_layer3.0.conv1_hfer0.5": 0.5265230742880268,
  "w0_layer3.0.conv1_hfer0.6": 0.42242447679957307,
  "w0_layer3.0.conv1_hfer0.7": 0.31811731471428717,
  "w0_layer3.0.conv1_hfer0.6_hann": 0.41990992401517885,
  "w0_layer3.0.conv1_msr": 1.0,
  "gnorm_w0_layer3.0.conv1": 0.8220811179317477,
  "w0_linear_hfer0.5": 0.6058650172326673,
  "w0_linear_hfer0.6": 0.48988420062313526,
  "w0_linear_hfer0.7": 0.37171994677020487,
  "w0_linear_hfer0.6_hann": 0.4835432763034316,
  "w0_linear_msr": 1.0,
  "gnorm_w0_linear": 1.1161463708609063,
  "w1_conv1_hfer0.5": 0.5190956144655864,
  "w1_conv1_hfer0.6": 0.41716014431592774,
  "w1_conv1_hfer0.7": 0.31446936268316267,
  "w1_conv1_hfer0.6_hann": 0.40663139314017366,
  "w1_conv1_msr": 1.0,
  "gnorm_w1_conv1": 0.09520979839543374,
  "w1_layer2.0.conv1_hfer0.5": 0.5062962130612523,
  "w1_layer2.0.conv1_hfer0.6": 0.40510391480717906,
  "w1_layer2.0.conv1_hfer0.7": 0.3043351823758733,
  "w1_layer2.0.conv1_hfer0.6_hann": 0.4030692498638923,
  "w1_layer2.0.conv1_msr": 1.0,
  "gnorm_w1_layer2.0.conv1": 0.0986334812686676,
  "w1_layer3.0.conv1_hfer0.5": 0.5035368576489349,
  "w1_layer3.0.conv1_hfer0.6": 0.4023246106025325,
  "w1_layer3.0.conv1_hfer0.7": 0.3021109908415404,
  "w1_layer3.0.conv1_hfer0.6_hann": 0.40126392362191105,
  "w1_layer3.0.conv1_msr": 1.0,
  "gnorm_w1_layer3.0.conv1": 0.20498746220133873,
  "w1_linear_hfer0.5": 0.5204253480827898,
  "w1_linear_hfer0.6": 0.41486095146123947,
  "w1_linear_hfer0.7": 0.31122172237832385,
  "w1_linear_hfer0.6_hann": 0.410075894979381,
  "w1_linear_msr": 1.0,
  "gnorm_w1_linear": 0.16266754341840353,
  "w2_conv1_hfer0.5": 0.5028232261491661,
  "w2_conv1_hfer0.6": 0.4012694251365903,
  "w2_conv1_hfer0.7": 0.30203373689247864,
  "w2_conv1_hfer0.6_hann": 0.40173025375061316,
  "w2_conv1_msr": 1.0,
  "gnorm_w2_conv1": 0.009577065866917917,
  "w2_layer2.0.conv1_hfer0.5": 0.5006900643955592,
  "w2_layer2.0.conv1_hfer0.6": 0.39915277397826227,
  "w2_layer2.0.conv1_hfer0.7": 0.29922246950226616,
  "w2_layer2.0.conv1_hfer0.6_hann": 0.40099362640342934,
  "w2_layer2.0.conv1_msr": 1.0,
  "gnorm_w2_layer2.0.conv1": 0.0111216299983957,
  "w2_layer3.0.conv1_hfer0.5": 0.5002028817157372,
  "w2_layer3.0.conv1_hfer0.6": 0.3980876019379253,
  "w2_layer3.0.conv1_hfer0.7": 0.2976504469468273,
  "w2_layer3.0.conv1_hfer0.6_hann": 0.40082513489638355,
  "w2_layer3.0.conv1_msr": 1.0,
  "gnorm_w2_layer3.0.conv1": 0.02326142074161619,
  "w2_linear_hfer0.5": 0.5015913891994069,
  "w2_linear_hfer0.6": 0.3974192608485835,
  "w2_linear_hfer0.7": 0.2949142497898358,
  "w2_linear_hfer0.6_hann": 0.40237307920367715,
  "w2_linear_msr": 1.0,
  "gnorm_w2_linear": 0.03689891321847856,
  "shfer_w0_all": 0.42903561672010454,
  "shfer_w0_stem": 0.4925803751679446,
  "shfer_w0_layer1": 0.4531951264182147,
  "shfer_w0_layer2": 0.4337199900630892,
  "shfer_w0_layer3": 0.42074787090158744,
  "shfer_w0_layer4": 0.41804174927428844,
  "shfer_w0_head": 0.4895861114197855,
  "shfer_w1_all": 0.40078487747360614,
  "shfer_w1_stem": 0.4171744535664708,
  "shfer_w1_layer1": 0.4090610479607854,
  "shfer_w1_layer2": 0.4038352733001446,
  "shfer_w1_layer3": 0.4007040892658837,
  "shfer_w1_layer4": 0.4053330269652368,
  "shfer_w1_head": 0.4127023129475953,
  "shfer_w2_all": 0.39745967579810726,
  "shfer_w2_stem": 0.4037051613974872,
  "shfer_w2_layer1": 0.3989355840097344,
  "shfer_w2_layer2": 0.3985580614746967,
  "shfer_w2_layer3": 0.3971306711657938,
  "shfer_w2_layer4": 0.39920354917462175,
  "shfer_w2_head": 0.3987774593502331
}