{
  "diverged": false,
  "n_steps": 10000,
  "spikes": 1253,
  "train_loss_tail": 0.0001098335264250636,
  "val_loss": 0.8475596923828125,
  "val_acc": 0.841,
  "lam_tail": 0.24289202690124512,
  "chi_tail": 0.002428920269012451,
  "sharpness_threshold": 380.00000000000006,
  "secs": 1276.3,
  "hfer_w1_mid": 0.3974802329180453,
  "raw_paths": "/work/02/gs26/s26001/river-valley-momentum/codebases/results/raw/grid_cifar10_bn_ema_lr0.1_b0.9_s0/w1_layer3.0.conv1_G.npz;/work/02/gs26/s26001/river-valley-momentum/codebases/results/raw/grid_cifar10_bn_ema_lr0.1_b0.9_s0/w1_linear_G.npz",
  "w0_conv1_hfer0.5": 0.4546159697733599,
  "w0_conv1_hfer0.6": 0.36120193466602274,
  "w0_conv1_hfer0.7": 0.273479477908295,
  "w0_conv1_hfer0.6_hann": 0.36686688181611843,
  "w0_conv1_msr": 0.003215285911097436,
  "gnorm_w0_conv1": 0.5093972540825037,
  "w0_layer2.0.conv1_hfer0.5": 0.4814372883300363,
  "w0_layer2.0.conv1_hfer0.6": 0.38463728154685994,
  "w0_layer2.0.conv1_hfer0.7": 0.28935373484372345,
  "w0_layer2.0.conv1_hfer0.6_hann": 0.38692472040685016,
  "w0_layer2.0.conv1_msr": 0.0032133577539395987,
  "gnorm_w0_layer2.0.conv1": 0.5028501054430777,
  "w0_layer3.0.conv1_hfer0.5": 0.4882971574178262,
  "w0_layer3.0.conv1_hfer0.6": 0.3899914437481754,
  "w0_layer3.0.conv1_hfer0.7": 0.293155482589567,
  "w0_layer3.0.conv1_hfer0.6_hann": 0.3914664135821078,
  "w0_layer3.0.conv1_msr": 0.0032134688523883445,
  "gnorm_w0_layer3.0.conv1": 0.8753829094976271,
  "w0_linear_hfer0.5": 0.38913343713882487,
  "w0_linear_hfer0.6": 0.310633453942489,
  "w0_linear_hfer0.7": 0.2357890084916051,
  "w0_linear_hfer0.6_hann": 0.31757466330286105,
  "w0_linear_msr": 0.003201358766990767,
  "gnorm_w0_linear": 0.6731418692435341,
  "w1_conv1_hfer0.5": 0.48850603273391024,
  "w1_conv1_hfer0.6": 0.3856792378067639,
  "w1_conv1_hfer0.7": 0.286903544810158,
  "w1_conv1_hfer0.6_hann": 0.3893672182467378,
  "w1_conv1_msr": 0.0032151850826231316,
  "gnorm_w1_conv1": 0.23867491312056763,
  "w1_layer2.0.conv1_hfer0.5": 0.49472838866593283,
  "w1_layer2.0.conv1_hfer0.6": 0.39529652680950705,
  "w1_layer2.0.conv1_hfer0.7": 0.29655732976168403,
  "w1_layer2.0.conv1_hfer0.6_hann": 0.39642617095314203,
  "w1_layer2.0.conv1_msr": 0.0032154721395070856,
  "gnorm_w1_layer2.0.conv1": 0.2548501718804244,
  "w1_layer3.0.conv1_hfer0.5": 0.4973694406033574,
  "w1_layer3.0.conv1_hfer0.6": 0.3974802329180453,
  "w1_layer3.0.conv1_hfer0.7": 0.29851290516531975,
  "w1_layer3.0.conv1_hfer0.6_hann": 0.3977436765468449,
  "w1_layer3.0.conv1_msr": 0.0032150562923293526,
  "gnorm_w1_layer3.0.conv1": 0.47842984900398516,
  "w1_linear_hfer0.5": 0.46530604834613204,
  "w1_linear_hfer0.6": 0.37746531104616804,
  "w1_linear_hfer0.7": 0.2797928628884879,
  "w1_linear_hfer0.6_hann": 0.37822465190322263,
  "w1_linear_msr": 0.0032289324727448965,
  "gnorm_w1_linear": 0.19605177583349073,
  "w2_conv1_hfer0.5": 0.4988251589199901,
  "w2_conv1_hfer0.6": 0.39941834571420115,
  "w2_conv1_hfer0.7": 0.2978143548040575,
  "w2_conv1_hfer0.6_hann": 0.39793815258903353,
  "w2_conv1_msr": 0.003221593351671789,
  "gnorm_w2_conv1": 0.01665452963777204,
  "w2_layer2.0.conv1_hfer0.5": 0.5007957497325949,
  "w2_layer2.0.conv1_hfer0.6": 0.40047856190921116,
  "w2_layer2.0.conv1_hfer0.7": 0.30069976951973193,
  "w2_layer2.0.conv1_hfer0.6_hann": 0.40068874716820263,
  "w2_layer2.0.conv1_msr": 0.0032098271716637337,
  "gnorm_w2_layer2.0.conv1": 0.01664842640375931,
  "w2_layer3.0.conv1_hfer0.5": 0.5009748636984463,
  "w2_layer3.0.conv1_hfer0.6": 0.4006232693968237,
  "w2_layer3.0.conv1_hfer0.7": 0.3009176574898535,
  "w2_layer3.0.conv1_hfer0.6_hann": 0.40061900904732695,
  "w2_layer3.0.conv1_msr": 0.003209547851166178,
  "gnorm_w2_layer3.0.conv1": 0.032549936474979606,
  "w2_linear_hfer0.5": 0.5032466113768069,
  "w2_linear_hfer0.6": 0.40057073310954155,
  "w2_linear_hfer0.7": 0.3015595063845936,
  "w2_linear_hfer0.6_hann": 0.3980283296786734,
  "w2_linear_msr": 0.003198099756582788,
  "gnorm_w2_linear": 0.010658177211387326,
  "shfer_w0_all": 0.3841410601754627,
  "shfer_w0_stem": 0.36297874119886,
  "shfer_w0_layer1": 0.378165302243387,
  "shfer_w0_layer2": 0.3829345950932131,
  "shfer_w0_layer3": 0.39042107277048005,
  "shfer_w0_layer4": 0.387255378394022,
  "shfer_w0_head": 0.3096771787983991,
  "shfer_w1_all": 0.39563708533866465,
  "shfer_w1_stem": 0.3831823629832472,
  "shfer_w1_layer1": 0.39461240147314863,
  "shfer_w1_layer2": 0.39673048717464976,
  "shfer_w1_layer3": 0.3973517775190991,
  "shfer_w1_layer4": 0.3953960328898884,
  "shfer_w1_head": 0.3763360585970727,
  "shfer_w2_all": 0.4005988094766115,
  "shfer_w2_stem": 0.400302947171735,
  "shfer_w2_layer1": 0.4007163980874761,
  "shfer_w2_layer2": 0.40037031017602664,
  "shfer_w2_layer3": 0.40256268645228266,
  "shfer_w2_layer4": 0.3992949756376087,
  "shfer_w2_head": 0.4030792786796535
}