{
  "diverged": false,
  "n_steps": 10000,
  "spikes": 1067,
  "train_loss_tail": 0.005483303970424459,
  "val_loss": 0.9975469543457032,
  "val_acc": 0.8328,
  "lam_tail": 4.460711479187012,
  "chi_tail": 0.35685691833496086,
  "sharpness_threshold": 47.50000000000001,
  "secs": 1235.0,
  "hfer_w1_mid": 0.3949880058394158,
  "raw_paths": "",
  "w0_conv1_hfer0.5": 0.40019935229542664,
  "w0_conv1_hfer0.6": 0.32160272876451684,
  "w0_conv1_hfer0.7": 0.23999651581273387,
  "w0_conv1_hfer0.6_hann": 0.3173839083269933,
  "w0_conv1_msr": 0.00321288482748996,
  "gnorm_w0_conv1": 0.2954505985966143,
  "w0_layer2.0.conv1_hfer0.5": 0.4603497126920464,
  "w0_layer2.0.conv1_hfer0.6": 0.3684773938954944,
  "w0_layer2.0.conv1_hfer0.7": 0.27649314231921884,
  "w0_layer2.0.conv1_hfer0.6_hann": 0.3701607937760653,
  "w0_layer2.0.conv1_msr": 0.003215850297945171,
  "gnorm_w0_layer2.0.conv1": 0.19407855490353806,
  "w0_layer3.0.conv1_hfer0.5": 0.47388286489150344,
  "w0_layer3.0.conv1_hfer0.6": 0.378476260247098,
  "w0_layer3.0.conv1_hfer0.7": 0.283959820421133,
  "w0_layer3.0.conv1_hfer0.6_hann": 0.3791629216030755,
  "w0_layer3.0.conv1_msr": 0.0032163169073386737,
  "gnorm_w0_layer3.0.conv1": 0.28586421221558206,
  "w0_linear_hfer0.5": 0.38414698892247573,
  "w0_linear_hfer0.6": 0.30478338034423785,
  "w0_linear_hfer0.7": 0.22885359550486603,
  "w0_linear_hfer0.6_hann": 0.312759931668038,
  "w0_linear_msr": 0.0032159141487324663,
  "gnorm_w0_linear": 0.27922962179967964,
  "w1_conv1_hfer0.5": 0.4740961576841571,
  "w1_conv1_hfer0.6": 0.3786923937294044,
  "w1_conv1_hfer0.7": 0.2835192190612991,
  "w1_conv1_hfer0.6_hann": 0.3818170378318926,
  "w1_conv1_msr": 0.003230948299132867,
  "gnorm_w1_conv1": 0.15296062871891894,
  "w1_layer2.0.conv1_hfer0.5": 0.4900849319779978,
  "w1_layer2.0.conv1_hfer0.6": 0.3918973264392818,
  "w1_layer2.0.conv1_hfer0.7": 0.29402566099263405,
  "w1_layer2.0.conv1_hfer0.6_hann": 0.3926630258627238,
  "w1_layer2.0.conv1_msr": 0.0032241229332716456,
  "gnorm_w1_layer2.0.conv1": 0.13770928273223507,
  "w1_layer3.0.conv1_hfer0.5": 0.49453746272711924,
  "w1_layer3.0.conv1_hfer0.6": 0.3949880058394158,
  "w1_layer3.0.conv1_hfer0.7": 0.29650317315436747,
  "w1_layer3.0.conv1_hfer0.6_hann": 0.3955320549199822,
  "w1_layer3.0.conv1_msr": 0.0032216204886094894,
  "gnorm_w1_layer3.0.conv1": 0.2397445101472307,
  "w1_linear_hfer0.5": 0.43225469102299857,
  "w1_linear_hfer0.6": 0.3428855480546065,
  "w1_linear_hfer0.7": 0.2602964520469421,
  "w1_linear_hfer0.6_hann": 0.3514068510161905,
  "w1_linear_msr": 0.0032256238332061533,
  "gnorm_w1_linear": 0.13769101366192982,
  "w2_conv1_hfer0.5": 0.4777440699793913,
  "w2_conv1_hfer0.6": 0.3822527284824885,
  "w2_conv1_hfer0.7": 0.28890113345824114,
  "w2_conv1_hfer0.6_hann": 0.3865371009516691,
  "w2_conv1_msr": 0.003200913948398048,
  "gnorm_w2_conv1": 0.09176267073346112,
  "w2_layer2.0.conv1_hfer0.5": 0.49688055568971395,
  "w2_layer2.0.conv1_hfer0.6": 0.39734592213661146,
  "w2_layer2.0.conv1_hfer0.7": 0.2988801794727153,
  "w2_layer2.0.conv1_hfer0.6_hann": 0.3972983046571035,
  "w2_layer2.0.conv1_msr": 0.003204932077776533,
  "gnorm_w2_layer2.0.conv1": 0.0874211259128228,
  "w2_layer3.0.conv1_hfer0.5": 0.4982583861069576,
  "w2_layer3.0.conv1_hfer0.6": 0.3980421393274279,
  "w2_layer3.0.conv1_hfer0.7": 0.29861630903244374,
  "w2_layer3.0.conv1_hfer0.6_hann": 0.3983262098091994,
  "w2_layer3.0.conv1_msr": 0.003208582650950487,
  "gnorm_w2_layer3.0.conv1": 0.1555698402485444,
  "w2_linear_hfer0.5": 0.4665653030705891,
  "w2_linear_hfer0.6": 0.3690847411977688,
  "w2_linear_hfer0.7": 0.2802933935538452,
  "w2_linear_hfer0.6_hann": 0.37630065428631915,
  "w2_linear_msr": 0.0032005731913039093,
  "gnorm_w2_linear": 0.07091006343919415,
  "shfer_w0_all": 0.3669528436006834,
  "shfer_w0_stem": 0.32701208270911064,
  "shfer_w0_layer1": 0.3576544240632211,
  "shfer_w0_layer2": 0.3701403864984252,
  "shfer_w0_layer3": 0.3767283722933982,
  "shfer_w0_layer4": 0.37385280035801904,
  "shfer_w0_head": 0.30438908738471365,
  "shfer_w1_all": 0.39109524693592745,
  "shfer_w1_stem": 0.3795688353148152,
  "shfer_w1_layer1": 0.3877093196662506,
  "shfer_w1_layer2": 0.39257335031707274,
  "shfer_w1_layer3": 0.3972917447547972,
  "shfer_w1_layer4": 0.38946101471001887,
  "shfer_w1_head": 0.3395762178418603,
  "shfer_w2_all": 0.3978596046750996,
  "shfer_w2_stem": 0.3838373068306219,
  "shfer_w2_layer1": 0.3942420243898986,
  "shfer_w2_layer2": 0.39797313354664055,
  "shfer_w2_layer3": 0.4007882886141136,
  "shfer_w2_layer4": 0.3978960924542333,
  "shfer_w2_head": 0.3680165021088419
}