{
  "diverged": false,
  "n_steps": 10000,
  "spikes": 605,
  "train_loss_tail": 0.022475083907134832,
  "val_loss": 1.5151127197265626,
  "val_acc": 0.751,
  "lam_tail": 1.4007792472839355,
  "chi_tail": 0.2241246795654299,
  "sharpness_threshold": 24.374999999999975,
  "secs": 1285.6,
  "hfer_w1_mid": 0.38630903982019016,
  "raw_paths": "",
  "w0_conv1_hfer0.5": 0.3456631605359037,
  "w0_conv1_hfer0.6": 0.2699646246840336,
  "w0_conv1_hfer0.7": 0.20075957992690094,
  "w0_conv1_hfer0.6_hann": 0.27366766456288766,
  "w0_conv1_msr": 0.000768010280119756,
  "gnorm_w0_conv1": 0.14635619179900988,
  "w0_layer2.0.conv1_hfer0.5": 0.42051511394967034,
  "w0_layer2.0.conv1_hfer0.6": 0.3355113526645179,
  "w0_layer2.0.conv1_hfer0.7": 0.25033499948665217,
  "w0_layer2.0.conv1_hfer0.6_hann": 0.3339124874606964,
  "w0_layer2.0.conv1_msr": 0.0007675208201681885,
  "gnorm_w0_layer2.0.conv1": 0.07950578239313512,
  "w0_layer3.0.conv1_hfer0.5": 0.4448235259293544,
  "w0_layer3.0.conv1_hfer0.6": 0.3554455768517271,
  "w0_layer3.0.conv1_hfer0.7": 0.26627883945137615,
  "w0_layer3.0.conv1_hfer0.6_hann": 0.35260821701342254,
  "w0_layer3.0.conv1_msr": 0.0007672460612504288,
  "gnorm_w0_layer3.0.conv1": 0.11229193871086364,
  "w0_linear_hfer0.5": 0.3561625311271647,
  "w0_linear_hfer0.6": 0.2823842288598009,
  "w0_linear_hfer0.7": 0.21195193402476045,
  "w0_linear_hfer0.6_hann": 0.28255206097629726,
  "w0_linear_msr": 0.0007695937049369857,
  "gnorm_w0_linear": 0.17028430697233826,
  "w1_conv1_hfer0.5": 0.38573668982352693,
  "w1_conv1_hfer0.6": 0.3100832120421172,
  "w1_conv1_hfer0.7": 0.23609694643312457,
  "w1_conv1_hfer0.6_hann": 0.30891122012331607,
  "w1_conv1_msr": 0.0007644406413025442,
  "gnorm_w1_conv1": 0.11163875042549733,
  "w1_layer2.0.conv1_hfer0.5": 0.46669573084931343,
  "w1_layer2.0.conv1_hfer0.6": 0.37260150305101014,
  "w1_layer2.0.conv1_hfer0.7": 0.2803120460250982,
  "w1_layer2.0.conv1_hfer0.6_hann": 0.372051749193983,
  "w1_layer2.0.conv1_msr": 0.0007669162940012174,
  "gnorm_w1_layer2.0.conv1": 0.0649501199590955,
  "w1_layer3.0.conv1_hfer0.5": 0.4837006722840843,
  "w1_layer3.0.conv1_hfer0.6": 0.38630903982019016,
  "w1_layer3.0.conv1_hfer0.7": 0.29060807932014654,
  "w1_layer3.0.conv1_hfer0.6_hann": 0.3861738380560486,
  "w1_layer3.0.conv1_msr": 0.0007675016721618418,
  "gnorm_w1_layer3.0.conv1": 0.10873405337524478,
  "w1_linear_hfer0.5": 0.4009868489960039,
  "w1_linear_hfer0.6": 0.31906945976494183,
  "w1_linear_hfer0.7": 0.23911823681420072,
  "w1_linear_hfer0.6_hann": 0.31397096854132633,
  "w1_linear_msr": 0.0007682568752365674,
  "gnorm_w1_linear": 0.1015101500197832,
  "w2_conv1_hfer0.5": 0.44481550251633506,
  "w2_conv1_hfer0.6": 0.3555043071789614,
  "w2_conv1_hfer0.7": 0.26667691661162474,
  "w2_conv1_hfer0.6_hann": 0.34166370887312053,
  "w2_conv1_msr": 0.000766406070245891,
  "gnorm_w2_conv1": 0.06357024683876393,
  "w2_layer2.0.conv1_hfer0.5": 0.4884536889456107,
  "w2_layer2.0.conv1_hfer0.6": 0.38956679495835,
  "w2_layer2.0.conv1_hfer0.7": 0.2913525596635635,
  "w2_layer2.0.conv1_hfer0.6_hann": 0.38686615190553547,
  "w2_layer2.0.conv1_msr": 0.0007683467926440543,
  "gnorm_w2_layer2.0.conv1": 0.0402506579940101,
  "w2_layer3.0.conv1_hfer0.5": 0.4956835602817448,
  "w2_layer3.0.conv1_hfer0.6": 0.39573997530889504,
  "w2_layer3.0.conv1_hfer0.7": 0.2974332415282525,
  "w2_layer3.0.conv1_hfer0.6_hann": 0.3946813190053674,
  "w2_layer3.0.conv1_msr": 0.0007664998321290238,
  "gnorm_w2_layer3.0.conv1": 0.06674600196031925,
  "w2_linear_hfer0.5": 0.4698142424085026,
  "w2_linear_hfer0.6": 0.377335288651593,
  "w2_linear_hfer0.7": 0.28443435264964395,
  "w2_linear_hfer0.6_hann": 0.37520121676617,
  "w2_linear_msr": 0.0007639288469610629,
  "gnorm_w2_linear": 0.05027570152865521,
  "shfer_w0_all": 0.33892333243736283,
  "shfer_w0_stem": 0.27326438532861136,
  "shfer_w0_layer1": 0.31308882953010864,
  "shfer_w0_layer2": 0.341552414259467,
  "shfer_w0_layer3": 0.35637438314207437,
  "shfer_w0_layer4": 0.3526711510119054,
  "shfer_w0_head": 0.2764740945560354,
  "shfer_w1_all": 0.3820043383129093,
  "shfer_w1_stem": 0.314703763172687,
  "shfer_w1_layer1": 0.35699961618359116,
  "shfer_w1_layer2": 0.37571622276895783,
  "shfer_w1_layer3": 0.3872520182429153,
  "shfer_w1_layer4": 0.3883999372661211,
  "shfer_w1_head": 0.31376821454412834,
  "shfer_w2_all": 0.3950991904038754,
  "shfer_w2_stem": 0.3600571905308839,
  "shfer_w2_layer1": 0.380645647430685,
  "shfer_w2_layer2": 0.38891963535144075,
  "shfer_w2_layer3": 0.39645641502915807,
  "shfer_w2_layer4": 0.3969631744390462,
  "shfer_w2_head": 0.37659895665237997
}