{
  "t_plain": 0.49370172023773196,
  "tokens_per_s": 398232.3575970678,
  "world": 8
}