{
  "diverged": false,
  "n_steps": 10000,
  "spikes": 767,
  "train_loss_tail": 0.012124529103923124,
  "val_loss": 1.13209013671875,
  "val_acc": 0.818,
  "lam_tail": 0.583756148815155,
  "chi_tail": 0.037360393524169956,
  "sharpness_threshold": 62.18749999999994,
  "secs": 824.0,
  "hfer_w1_mid": 0.3902579111816506,
  "raw_paths": "",
  "w0_conv1_hfer0.5": 0.3990519352400981,
  "w0_conv1_hfer0.6": 0.3173714984663182,
  "w0_conv1_hfer0.7": 0.23914363908243055,
  "w0_conv1_hfer0.6_hann": 0.3160558184364797,
  "w0_conv1_msr": 0.3016869131041802,
  "gnorm_w0_conv1": 0.08368561328194699,
  "w0_layer2.0.conv1_hfer0.5": 0.4780376134180708,
  "w0_layer2.0.conv1_hfer0.6": 0.38166765343455,
  "w0_layer2.0.conv1_hfer0.7": 0.2865246660638732,
  "w0_layer2.0.conv1_hfer0.6_hann": 0.38224298505750426,
  "w0_layer2.0.conv1_msr": 0.30755480913218375,
  "gnorm_w0_layer2.0.conv1": 0.056638774097710315,
  "w0_layer3.0.conv1_hfer0.5": 0.48849029179973397,
  "w0_layer3.0.conv1_hfer0.6": 0.3902579111816506,
  "w0_layer3.0.conv1_hfer0.7": 0.2931272451259593,
  "w0_layer3.0.conv1_hfer0.6_hann": 0.39153410572966485,
  "w0_layer3.0.conv1_msr": 0.3056663553295407,
  "gnorm_w0_layer3.0.conv1": 0.10585265695170254,
  "w0_linear_hfer0.5": 0.40833112035719465,
  "w0_linear_hfer0.6": 0.3251686758936489,
  "w0_linear_hfer0.7": 0.24162519215597383,
  "w0_linear_hfer0.6_hann": 0.3301190793549036,
  "w0_linear_msr": 0.304022501538886,
  "gnorm_w0_linear": 0.07833713416121468
}