{
  "diverged": false,
  "n_steps": 10000,
  "spikes": 1202,
  "train_loss_tail": 0.007503874813468429,
  "val_loss": 1.017385595703125,
  "val_acc": 0.8355,
  "lam_tail": 8.26061725616455,
  "chi_tail": 0.03304246902465823,
  "sharpness_threshold": 994.9999999999991,
  "secs": 803.6,
  "hfer_w1_mid": 0.3936762851748447,
  "raw_paths": "",
  "w0_conv1_hfer0.5": 0.4751400137923328,
  "w0_conv1_hfer0.6": 0.38156672693121546,
  "w0_conv1_hfer0.7": 0.28566682934374255,
  "w0_conv1_hfer0.6_hann": 0.3742532129048024,
  "w0_conv1_msr": 0.30931284934328607,
  "gnorm_w0_conv1": 0.16628704770270597,
  "w0_layer2.0.conv1_hfer0.5": 0.4888160858403876,
  "w0_layer2.0.conv1_hfer0.6": 0.39006996057872734,
  "w0_layer2.0.conv1_hfer0.7": 0.2929950443452476,
  "w0_layer2.0.conv1_hfer0.6_hann": 0.3890064811593485,
  "w0_layer2.0.conv1_msr": 0.3067957090197985,
  "gnorm_w0_layer2.0.conv1": 0.1681637393622981,
  "w0_layer3.0.conv1_hfer0.5": 0.4928222271811294,
  "w0_layer3.0.conv1_hfer0.6": 0.3936762851748447,
  "w0_layer3.0.conv1_hfer0.7": 0.2956825414386251,
  "w0_layer3.0.conv1_hfer0.6_hann": 0.39306321489383933,
  "w0_layer3.0.conv1_msr": 0.3068956564740901,
  "gnorm_w0_layer3.0.conv1": 0.3187148362945495,
  "w0_linear_hfer0.5": 0.4337543192364325,
  "w0_linear_hfer0.6": 0.3464613173448751,
  "w0_linear_hfer0.7": 0.2613000494240734,
  "w0_linear_hfer0.6_hann": 0.33744890478912315,
  "w0_linear_msr": 0.3020787481370688,
  "gnorm_w0_linear": 0.18582268291861567
}