{
  "resnet_t_plain": 0.053948469161987304,
  "resnet_t_win": 0.0796358823776245,
  "resnet_t_lb": 0.9119250774383545,
  "resnet_t_lb_g2": 1.7895605564117432,
  "resnet_t_lam": 3.595719337463379,
  "resnet_t_lam_cold": 24.33173131942749,
  "resnet_t_eig": 229.7939112186432,
  "gpt20m_t_plain": 0.29117066065470376,
  "gpt20m_tokens_per_s": 112538.81117802329,
  "gpt20m_world": 1,
  "gpt20m_t_win": 0.43145516713460286,
  "gpt20m_t_lb": 4.407382011413574,
  "gpt20m_t_lam_cold": 71.48526930809021,
  "gpt20m_t_lam": 10.700416803359985,
  "gpt124m_t_plain": 0.16933451493581136,
  "gpt124m_tokens_per_s": 145132.84553545318,
  "gpt124m_world": 1,
  "proj_G1_h": 46.42207849518988,
  "proj_G2_h": 41.27249983555476,
  "proj_G3_h": 1.255838284360038,
  "proj_G4_h": 88.33639809936072,
  "any_family_over_30pct": false
}