{
  "diverged": false,
  "n_steps": 10000,
  "spikes": 797,
  "train_loss_tail": 0.01194190824602265,
  "val_loss": 1.1271566589355468,
  "val_acc": 0.8194,
  "lam_tail": 0.5633625984191895,
  "chi_tail": 0.036055206298828156,
  "sharpness_threshold": 62.18749999999994,
  "secs": 825.4,
  "hfer_w1_mid": 0.39205925086411664,
  "raw_paths": "",
  "w0_conv1_hfer0.5": 0.43970075616520304,
  "w0_conv1_hfer0.6": 0.35010346644049334,
  "w0_conv1_hfer0.7": 0.26188306814557116,
  "w0_conv1_hfer0.6_hann": 0.3526598590046369,
  "w0_conv1_msr": 0.30448048450780696,
  "gnorm_w0_conv1": 0.05713556852960981,
  "w0_layer2.0.conv1_hfer0.5": 0.4821157133415996,
  "w0_layer2.0.conv1_hfer0.6": 0.38523952996046484,
  "w0_layer2.0.conv1_hfer0.7": 0.2893833223177948,
  "w0_layer2.0.conv1_hfer0.6_hann": 0.38782881835128197,
  "w0_layer2.0.conv1_msr": 0.3057202327816879,
  "gnorm_w0_layer2.0.conv1": 0.05303832521172399,
  "w0_layer3.0.conv1_hfer0.5": 0.49081864038962864,
  "w0_layer3.0.conv1_hfer0.6": 0.39205925086411664,
  "w0_layer3.0.conv1_hfer0.7": 0.29446244841834823,
  "w0_layer3.0.conv1_hfer0.6_hann": 0.3938212798006019,
  "w0_layer3.0.conv1_msr": 0.30622193516746193,
  "gnorm_w0_layer3.0.conv1": 0.10249157741495467,
  "w0_linear_hfer0.5": 0.41354718871947943,
  "w0_linear_hfer0.6": 0.3310854978572054,
  "w0_linear_hfer0.7": 0.24990784817047507,
  "w0_linear_hfer0.6_hann": 0.3420711247488151,
  "w0_linear_msr": 0.30547770760960646,
  "gnorm_w0_linear": 0.07139213208588875
}