{
  "diverged": false,
  "n_steps": 10000,
  "spikes": 1165,
  "train_loss_tail": 0.01197684511524858,
  "val_loss": 1.10198017578125,
  "val_acc": 0.8263,
  "lam_tail": 5.110469818115234,
  "chi_tail": 0.04088375854492191,
  "sharpness_threshold": 497.49999999999955,
  "secs": 1254.1,
  "hfer_w1_mid": 0.3932134935299114,
  "raw_paths": "/work/02/gs26/s26001/river-valley-momentum/codebases/results/raw/grid_cifar10_bn_ema_lr0.8_b0.99_s0/w1_layer3.0.conv1_G.npz;/work/02/gs26/s26001/river-valley-momentum/codebases/results/raw/grid_cifar10_bn_ema_lr0.8_b0.99_s0/w1_linear_G.npz",
  "w0_conv1_hfer0.5": 0.4243361677777905,
  "w0_conv1_hfer0.6": 0.33594489148430895,
  "w0_conv1_hfer0.7": 0.2492819775853382,
  "w0_conv1_hfer0.6_hann": 0.3350980647071606,
  "w0_conv1_msr": 3.0627528513749045e-05,
  "gnorm_w0_conv1": 0.21300487309166538,
  "w0_layer2.0.conv1_hfer0.5": 0.4596848861457472,
  "w0_layer2.0.conv1_hfer0.6": 0.36720006510522196,
  "w0_layer2.0.conv1_hfer0.7": 0.27500174162853264,
  "w0_layer2.0.conv1_hfer0.6_hann": 0.36990218688745,
  "w0_layer2.0.conv1_msr": 3.060597031660054e-05,
  "gnorm_w0_layer2.0.conv1": 0.16605477096706095,
  "w0_layer3.0.conv1_hfer0.5": 0.4681745108399943,
  "w0_layer3.0.conv1_hfer0.6": 0.3739710261139418,
  "w0_layer3.0.conv1_hfer0.7": 0.28075136757994734,
  "w0_layer3.0.conv1_hfer0.6_hann": 0.3769435872794606,
  "w0_layer3.0.conv1_msr": 3.0541946088303915e-05,
  "gnorm_w0_layer3.0.conv1": 0.2792727026797894,
  "w0_linear_hfer0.5": 0.34532885848229145,
  "w0_linear_hfer0.6": 0.27747117949387595,
  "w0_linear_hfer0.7": 0.2071382044635646,
  "w0_linear_hfer0.6_hann": 0.29879619614460184,
  "w0_linear_msr": 3.0359093653721638e-05,
  "gnorm_w0_linear": 0.32850686517943434,
  "w1_conv1_hfer0.5": 0.4686246915873553,
  "w1_conv1_hfer0.6": 0.37066188077311335,
  "w1_conv1_hfer0.7": 0.2774915530738565,
  "w1_conv1_hfer0.6_hann": 0.3671815128417744,
  "w1_conv1_msr": 3.096851978711047e-05,
  "gnorm_w1_conv1": 0.12430997048617781,
  "w1_layer2.0.conv1_hfer0.5": 0.48626187171915536,
  "w1_layer2.0.conv1_hfer0.6": 0.38870736892791863,
  "w1_layer2.0.conv1_hfer0.7": 0.2919968428532441,
  "w1_layer2.0.conv1_hfer0.6_hann": 0.39066551341788774,
  "w1_layer2.0.conv1_msr": 3.074109706640595e-05,
  "gnorm_w1_layer2.0.conv1": 0.12038646015308967,
  "w1_layer3.0.conv1_hfer0.5": 0.4921301363289619,
  "w1_layer3.0.conv1_hfer0.6": 0.3932134935299114,
  "w1_layer3.0.conv1_hfer0.7": 0.295352887879259,
  "w1_layer3.0.conv1_hfer0.6_hann": 0.39346308478591585,
  "w1_layer3.0.conv1_msr": 3.0674062641742296e-05,
  "gnorm_w1_layer3.0.conv1": 0.24275055167210827,
  "w1_linear_hfer0.5": 0.4238289369120166,
  "w1_linear_hfer0.6": 0.33624421345992833,
  "w1_linear_hfer0.7": 0.2525977262807496,
  "w1_linear_hfer0.6_hann": 0.33372153632664403,
  "w1_linear_msr": 3.0465338277758965e-05,
  "gnorm_w1_linear": 0.13317415303983413,
  "w2_conv1_hfer0.5": 0.4764950407024539,
  "w2_conv1_hfer0.6": 0.3802317267017719,
  "w2_conv1_hfer0.7": 0.2838820995569079,
  "w2_conv1_hfer0.6_hann": 0.3819538145618545,
  "w2_conv1_msr": 3.013393840170447e-05,
  "gnorm_w2_conv1": 0.07241768693288676,
  "w2_layer2.0.conv1_hfer0.5": 0.496030687843563,
  "w2_layer2.0.conv1_hfer0.6": 0.3961813085819045,
  "w2_layer2.0.conv1_hfer0.7": 0.29793485172944517,
  "w2_layer2.0.conv1_hfer0.6_hann": 0.39788135626857374,
  "w2_layer2.0.conv1_msr": 3.067494400015373e-05,
  "gnorm_w2_layer2.0.conv1": 0.07515861089892278,
  "w2_layer3.0.conv1_hfer0.5": 0.4977272343143149,
  "w2_layer3.0.conv1_hfer0.6": 0.3976855373125266,
  "w2_layer3.0.conv1_hfer0.7": 0.2990164234960045,
  "w2_layer3.0.conv1_hfer0.6_hann": 0.39794140226802815,
  "w2_layer3.0.conv1_msr": 3.062031990427977e-05,
  "gnorm_w2_layer3.0.conv1": 0.1558530808787366,
  "w2_linear_hfer0.5": 0.47454991180398226,
  "w2_linear_hfer0.6": 0.3804326048062974,
  "w2_linear_hfer0.7": 0.2858827544532107,
  "w2_linear_hfer0.6_hann": 0.38086862279511124,
  "w2_linear_msr": 3.0443786968485603e-05,
  "gnorm_w2_linear": 0.06523636793492653,
  "shfer_w0_all": 0.3562401329719042,
  "shfer_w0_stem": 0.3386990653227383,
  "shfer_w0_layer1": 0.35574324993715717,
  "shfer_w0_layer2": 0.3675382241674831,
  "shfer_w0_layer3": 0.37112826674862076,
  "shfer_w0_layer4": 0.36387536896757877,
  "shfer_w0_head": 0.27829842448596026,
  "shfer_w1_all": 0.3887243929176844,
  "shfer_w1_stem": 0.3737897399324458,
  "shfer_w1_layer1": 0.38516106879505424,
  "shfer_w1_layer2": 0.38744687980955794,
  "shfer_w1_layer3": 0.3944771410774777,
  "shfer_w1_layer4": 0.3908564036576786,
  "shfer_w1_head": 0.3348044617569928,
  "shfer_w2_all": 0.3986336009498995,
  "shfer_w2_stem": 0.3795645157500341,
  "shfer_w2_layer1": 0.39392349333912385,
  "shfer_w2_layer2": 0.3954149356260569,
  "shfer_w2_layer3": 0.3980800111188802,
  "shfer_w2_layer4": 0.39887831349581976,
  "shfer_w2_head": 0.3763068102282952
}