{
  "diverged": false,
  "n_steps": 10000,
  "spikes": 1124,
  "train_loss_tail": 0.007605591599771287,
  "val_loss": 1.0738853698730468,
  "val_acc": 0.8322,
  "lam_tail": 3.289724349975586,
  "chi_tail": 0.02631779479980471,
  "sharpness_threshold": 497.49999999999955,
  "secs": 804.8,
  "hfer_w1_mid": 0.39339857479076246,
  "raw_paths": "",
  "w0_conv1_hfer0.5": 0.45969371656219904,
  "w0_conv1_hfer0.6": 0.3657829965686172,
  "w0_conv1_hfer0.7": 0.27618004230971727,
  "w0_conv1_hfer0.6_hann": 0.36610652230538776,
  "w0_conv1_msr": 0.3084945829131721,
  "gnorm_w0_conv1": 0.13825004867229992,
  "w0_layer2.0.conv1_hfer0.5": 0.48724567844472905,
  "w0_layer2.0.conv1_hfer0.6": 0.38890042203933484,
  "w0_layer2.0.conv1_hfer0.7": 0.29225664330438916,
  "w0_layer2.0.conv1_hfer0.6_hann": 0.3883207307559536,
  "w0_layer2.0.conv1_msr": 0.30674086934483874,
  "gnorm_w0_layer2.0.conv1": 0.1343553916993555,
  "w0_layer3.0.conv1_hfer0.5": 0.4920971506270445,
  "w0_layer3.0.conv1_hfer0.6": 0.39339857479076246,
  "w0_layer3.0.conv1_hfer0.7": 0.2955171480286251,
  "w0_layer3.0.conv1_hfer0.6_hann": 0.3932088918660427,
  "w0_layer3.0.conv1_msr": 0.30554837064200424,
  "gnorm_w0_layer3.0.conv1": 0.2676536440164208,
  "w0_linear_hfer0.5": 0.42524004255493836,
  "w0_linear_hfer0.6": 0.34174098764623917,
  "w0_linear_hfer0.7": 0.25608638744135814,
  "w0_linear_hfer0.6_hann": 0.33754818404902887,
  "w0_linear_msr": 0.3008000317701753,
  "gnorm_w0_linear": 0.145198678167939
}