{
  "diverged": false,
  "n_steps": 10000,
  "spikes": 1420,
  "train_loss_tail": 0.008262042074282362,
  "val_loss": 1.028446826171875,
  "val_acc": 0.8346,
  "lam_tail": 7.20428991317749,
  "chi_tail": 0.14408579826354992,
  "sharpness_threshold": 194.9999999999998,
  "secs": 810.1,
  "hfer_w1_mid": 0.39513928697439604,
  "raw_paths": "",
  "w0_conv1_hfer0.5": 0.48296754228902605,
  "w0_conv1_hfer0.6": 0.3865407226659326,
  "w0_conv1_hfer0.7": 0.2877279169564336,
  "w0_conv1_hfer0.6_hann": 0.39141999221443646,
  "w0_conv1_msr": 0.30826666635957894,
  "gnorm_w0_conv1": 0.16310054225637438,
  "w0_layer2.0.conv1_hfer0.5": 0.49248393930676043,
  "w0_layer2.0.conv1_hfer0.6": 0.393830749128171,
  "w0_layer2.0.conv1_hfer0.7": 0.2955994352575492,
  "w0_layer2.0.conv1_hfer0.6_hann": 0.39453846105330037,
  "w0_layer2.0.conv1_msr": 0.3067249600737304,
  "gnorm_w0_layer2.0.conv1": 0.1712543710866727,
  "w0_layer3.0.conv1_hfer0.5": 0.4945402074653019,
  "w0_layer3.0.conv1_hfer0.6": 0.39513928697439604,
  "w0_layer3.0.conv1_hfer0.7": 0.2966375407463512,
  "w0_layer3.0.conv1_hfer0.6_hann": 0.3959281995285398,
  "w0_layer3.0.conv1_msr": 0.3067402404113856,
  "gnorm_w0_layer3.0.conv1": 0.32617541710052966,
  "w0_linear_hfer0.5": 0.4399834502369236,
  "w0_linear_hfer0.6": 0.3534071638915392,
  "w0_linear_hfer0.7": 0.2603166145614142,
  "w0_linear_hfer0.6_hann": 0.347161295433976,
  "w0_linear_msr": 0.30673025016715144,
  "gnorm_w0_linear": 0.1836464970112775
}