{
  "diverged": false,
  "n_steps": 10000,
  "spikes": 1087,
  "train_loss_tail": 0.0057027873322949745,
  "val_loss": 1.046147686767578,
  "val_acc": 0.8324,
  "lam_tail": 2.097046375274658,
  "chi_tail": 0.03355274200439456,
  "sharpness_threshold": 248.74999999999977,
  "secs": 811.3,
  "hfer_w1_mid": 0.3918176705877291,
  "raw_paths": "",
  "w0_conv1_hfer0.5": 0.45526160946362043,
  "w0_conv1_hfer0.6": 0.3638290185916457,
  "w0_conv1_hfer0.7": 0.2707055833966951,
  "w0_conv1_hfer0.6_hann": 0.37083491788608686,
  "w0_conv1_msr": 0.3145314601201912,
  "gnorm_w0_conv1": 0.09852883682655886,
  "w0_layer2.0.conv1_hfer0.5": 0.48660000133787495,
  "w0_layer2.0.conv1_hfer0.6": 0.38819516349298094,
  "w0_layer2.0.conv1_hfer0.7": 0.2921721919604287,
  "w0_layer2.0.conv1_hfer0.6_hann": 0.3874909381635266,
  "w0_layer2.0.conv1_msr": 0.305926465979927,
  "gnorm_w0_layer2.0.conv1": 0.09488856586427054,
  "w0_layer3.0.conv1_hfer0.5": 0.490727737823873,
  "w0_layer3.0.conv1_hfer0.6": 0.3918176705877291,
  "w0_layer3.0.conv1_hfer0.7": 0.29431348100562177,
  "w0_layer3.0.conv1_hfer0.6_hann": 0.391500708429934,
  "w0_layer3.0.conv1_msr": 0.30648125000464493,
  "gnorm_w0_layer3.0.conv1": 0.17159972087122924,
  "w0_linear_hfer0.5": 0.42198183385282906,
  "w0_linear_hfer0.6": 0.3410725925836614,
  "w0_linear_hfer0.7": 0.2541117147398068,
  "w0_linear_hfer0.6_hann": 0.32636103349907675,
  "w0_linear_msr": 0.3028887760246102,
  "gnorm_w0_linear": 0.1011406892024598
}