{
  "diverged": false,
  "n_steps": 10000,
  "spikes": 1029,
  "train_loss_tail": 0.005415943126063211,
  "val_loss": 1.1190125549316405,
  "val_acc": 0.8249,
  "lam_tail": 1.9711360931396484,
  "chi_tail": 0.0630763549804688,
  "sharpness_threshold": 124.37499999999989,
  "secs": 1250.6,
  "hfer_w1_mid": 0.392715387504154,
  "raw_paths": "",
  "w0_conv1_hfer0.5": 0.39659309225991396,
  "w0_conv1_hfer0.6": 0.32294879622497613,
  "w0_conv1_hfer0.7": 0.2417117775369611,
  "w0_conv1_hfer0.6_hann": 0.3324829830730036,
  "w0_conv1_msr": 3.0213611377504517e-05,
  "gnorm_w0_conv1": 0.11525262800340044,
  "w0_layer2.0.conv1_hfer0.5": 0.44460203322095687,
  "w0_layer2.0.conv1_hfer0.6": 0.35603438307340096,
  "w0_layer2.0.conv1_hfer0.7": 0.2663971236397481,
  "w0_layer2.0.conv1_hfer0.6_hann": 0.3578795838398698,
  "w0_layer2.0.conv1_msr": 3.0490380937492983e-05,
  "gnorm_w0_layer2.0.conv1": 0.07573590471401893,
  "w0_layer3.0.conv1_hfer0.5": 0.45892849341999975,
  "w0_layer3.0.conv1_hfer0.6": 0.3670470952134563,
  "w0_layer3.0.conv1_hfer0.7": 0.275463297261643,
  "w0_layer3.0.conv1_hfer0.6_hann": 0.3671348305415381,
  "w0_layer3.0.conv1_msr": 3.059395611380911e-05,
  "gnorm_w0_layer3.0.conv1": 0.12429494031910247,
  "w0_linear_hfer0.5": 0.36175255050094857,
  "w0_linear_hfer0.6": 0.2885059769892958,
  "w0_linear_hfer0.7": 0.21708857100268106,
  "w0_linear_hfer0.6_hann": 0.2960548123958389,
  "w0_linear_msr": 3.1445708233258194e-05,
  "gnorm_w0_linear": 0.15919439860249526,
  "w1_conv1_hfer0.5": 0.4565077787871792,
  "w1_conv1_hfer0.6": 0.3670228019697818,
  "w1_conv1_hfer0.7": 0.2754528729671507,
  "w1_conv1_hfer0.6_hann": 0.37055086978504154,
  "w1_conv1_msr": 3.053844860985377e-05,
  "gnorm_w1_conv1": 0.060062745937274196,
  "w1_layer2.0.conv1_hfer0.5": 0.48707505666945,
  "w1_layer2.0.conv1_hfer0.6": 0.38842904202196066,
  "w1_layer2.0.conv1_hfer0.7": 0.2916240102011089,
  "w1_layer2.0.conv1_hfer0.6_hann": 0.3902594980634177,
  "w1_layer2.0.conv1_msr": 3.07207293887054e-05,
  "gnorm_w1_layer2.0.conv1": 0.059192310851459734,
  "w1_layer3.0.conv1_hfer0.5": 0.4916994383524225,
  "w1_layer3.0.conv1_hfer0.6": 0.392715387504154,
  "w1_layer3.0.conv1_hfer0.7": 0.2947720147794389,
  "w1_layer3.0.conv1_hfer0.6_hann": 0.3934830824780361,
  "w1_layer3.0.conv1_msr": 3.074886511592234e-05,
  "gnorm_w1_layer3.0.conv1": 0.12028726942794075,
  "w1_linear_hfer0.5": 0.42707672432667054,
  "w1_linear_hfer0.6": 0.34175621771255676,
  "w1_linear_hfer0.7": 0.254822023568214,
  "w1_linear_hfer0.6_hann": 0.34550353260818845,
  "w1_linear_msr": 3.148274163912024e-05,
  "gnorm_w1_linear": 0.08040469109892528,
  "w2_conv1_hfer0.5": 0.49333909130103587,
  "w2_conv1_hfer0.6": 0.39716699152506263,
  "w2_conv1_hfer0.7": 0.2985180542103493,
  "w2_conv1_hfer0.6_hann": 0.39777631970245525,
  "w2_conv1_msr": 3.0154459728408723e-05,
  "gnorm_w2_conv1": 0.03145500941728698,
  "w2_layer2.0.conv1_hfer0.5": 0.4951749861351469,
  "w2_layer2.0.conv1_hfer0.6": 0.3957904224595269,
  "w2_layer2.0.conv1_hfer0.7": 0.29725602541711865,
  "w2_layer2.0.conv1_hfer0.6_hann": 0.3970663938477318,
  "w2_layer2.0.conv1_msr": 3.059881432410806e-05,
  "gnorm_w2_layer2.0.conv1": 0.032198862986204786,
  "w2_layer3.0.conv1_hfer0.5": 0.4970861101163972,
  "w2_layer3.0.conv1_hfer0.6": 0.3971905718660175,
  "w2_layer3.0.conv1_hfer0.7": 0.2982689820612419,
  "w2_layer3.0.conv1_hfer0.6_hann": 0.3982072534904923,
  "w2_layer3.0.conv1_msr": 3.089199121450405e-05,
  "gnorm_w2_layer3.0.conv1": 0.06731855244699124,
  "w2_linear_hfer0.5": 0.4709279312960747,
  "w2_linear_hfer0.6": 0.3733995070411527,
  "w2_linear_hfer0.7": 0.28158130145438565,
  "w2_linear_hfer0.6_hann": 0.3778159282929021,
  "w2_linear_msr": 3.0366550273879028e-05,
  "gnorm_w2_linear": 0.03496536614872693,
  "shfer_w0_all": 0.34401614749860726,
  "shfer_w0_stem": 0.3248514500836407,
  "shfer_w0_layer1": 0.34283639722457715,
  "shfer_w0_layer2": 0.3527399340358784,
  "shfer_w0_layer3": 0.3643294846446041,
  "shfer_w0_layer4": 0.34764385616482285,
  "shfer_w0_head": 0.2820573572540151,
  "shfer_w1_all": 0.3864965304827889,
  "shfer_w1_stem": 0.36983653408177675,
  "shfer_w1_layer1": 0.3831591766575921,
  "shfer_w1_layer2": 0.39211999639138667,
  "shfer_w1_layer3": 0.3903454967388992,
  "shfer_w1_layer4": 0.3852419974958418,
  "shfer_w1_head": 0.34038626114040216,
  "shfer_w2_all": 0.39345161522650307,
  "shfer_w2_stem": 0.3998172753799523,
  "shfer_w2_layer1": 0.39427561027052294,
  "shfer_w2_layer2": 0.39682547191085493,
  "shfer_w2_layer3": 0.39566993333830264,
  "shfer_w2_layer4": 0.3939951028867495,
  "shfer_w2_head": 0.37506802010072704
}