{
  "diverged": false,
  "n_steps": 10000,
  "spikes": 391,
  "train_loss_tail": 0.0014814780224114657,
  "val_loss": 2.10815771484375,
  "val_acc": 0.565,
  "lam_tail": 0.44157522916793823,
  "chi_tail": 0.0022078761458396933,
  "sharpness_threshold": 779.9999999999992,
  "secs": 1271.7,
  "hfer_w1_mid": 0.3978585801360113,
  "raw_paths": "",
  "w0_conv1_hfer0.5": 0.4051596194542262,
  "w0_conv1_hfer0.6": 0.3255964463129838,
  "w0_conv1_hfer0.7": 0.24643129188253715,
  "w0_conv1_hfer0.6_hann": 0.32723583286849706,
  "w0_conv1_msr": 0.0007643348968347413,
  "gnorm_w0_conv1": 0.8090693637321774,
  "w0_layer2.0.conv1_hfer0.5": 0.46435839776359566,
  "w0_layer2.0.conv1_hfer0.6": 0.37085342853173,
  "w0_layer2.0.conv1_hfer0.7": 0.27861623817746406,
  "w0_layer2.0.conv1_hfer0.6_hann": 0.37308602367508437,
  "w0_layer2.0.conv1_msr": 0.0007664921671237582,
  "gnorm_w0_layer2.0.conv1": 0.6783689140902752,
  "w0_layer3.0.conv1_hfer0.5": 0.4813213510257184,
  "w0_layer3.0.conv1_hfer0.6": 0.38430180591551405,
  "w0_layer3.0.conv1_hfer0.7": 0.2884566973290848,
  "w0_layer3.0.conv1_hfer0.6_hann": 0.38561077800000226,
  "w0_layer3.0.conv1_msr": 0.0007663793817207164,
  "gnorm_w0_layer3.0.conv1": 1.204769008167693,
  "w0_linear_hfer0.5": 0.44328711285454114,
  "w0_linear_hfer0.6": 0.354426613840343,
  "w0_linear_hfer0.7": 0.2666069158933462,
  "w0_linear_hfer0.6_hann": 0.35761756497077285,
  "w0_linear_msr": 0.000766146396452818,
  "gnorm_w0_linear": 1.4035910672505802,
  "w1_conv1_hfer0.5": 0.4885179139656385,
  "w1_conv1_hfer0.6": 0.3899320179932588,
  "w1_conv1_hfer0.7": 0.29286571409593454,
  "w1_conv1_hfer0.6_hann": 0.39564668889654697,
  "w1_conv1_msr": 0.0007741281561557407,
  "gnorm_w1_conv1": 0.12826197066703002,
  "w1_layer2.0.conv1_hfer0.5": 0.4959889661893516,
  "w1_layer2.0.conv1_hfer0.6": 0.39674203900974236,
  "w1_layer2.0.conv1_hfer0.7": 0.29773243241626834,
  "w1_layer2.0.conv1_hfer0.6_hann": 0.3964143544456326,
  "w1_layer2.0.conv1_msr": 0.0007774232306021951,
  "gnorm_w1_layer2.0.conv1": 0.1281469487914824,
  "w1_layer3.0.conv1_hfer0.5": 0.49772794056175984,
  "w1_layer3.0.conv1_hfer0.6": 0.3978585801360113,
  "w1_layer3.0.conv1_hfer0.7": 0.29888278223945064,
  "w1_layer3.0.conv1_hfer0.6_hann": 0.3987093277778606,
  "w1_layer3.0.conv1_msr": 0.0007784227488842303,
  "gnorm_w1_layer3.0.conv1": 0.258137535155443,
  "w1_linear_hfer0.5": 0.4799585800675533,
  "w1_linear_hfer0.6": 0.3818868342460729,
  "w1_linear_hfer0.7": 0.28883359363050043,
  "w1_linear_hfer0.6_hann": 0.3911204068319369,
  "w1_linear_msr": 0.000771999628553602,
  "gnorm_w1_linear": 0.17159842497619238,
  "w2_conv1_hfer0.5": 0.5037049595749987,
  "w2_conv1_hfer0.6": 0.40329546584149356,
  "w2_conv1_hfer0.7": 0.3055010747618347,
  "w2_conv1_hfer0.6_hann": 0.4077835960632274,
  "w2_conv1_msr": 0.0007678173928185225,
  "gnorm_w2_conv1": 0.016469199886515403,
  "w2_layer2.0.conv1_hfer0.5": 0.5013727621397179,
  "w2_layer2.0.conv1_hfer0.6": 0.4008960310378362,
  "w2_layer2.0.conv1_hfer0.7": 0.3024234815168352,
  "w2_layer2.0.conv1_hfer0.6_hann": 0.3995664873533559,
  "w2_layer2.0.conv1_msr": 0.0007702308556827101,
  "gnorm_w2_layer2.0.conv1": 0.01680153740123469,
  "w2_layer3.0.conv1_hfer0.5": 0.5016689192964501,
  "w2_layer3.0.conv1_hfer0.6": 0.4009924886235052,
  "w2_layer3.0.conv1_hfer0.7": 0.3031666430520319,
  "w2_layer3.0.conv1_hfer0.6_hann": 0.40020034682250255,
  "w2_layer3.0.conv1_msr": 0.000768669209075432,
  "gnorm_w2_layer3.0.conv1": 0.03427226826824106,
  "w2_linear_hfer0.5": 0.49486145623412753,
  "w2_linear_hfer0.6": 0.39502289952634634,
  "w2_linear_hfer0.7": 0.2973506086619063,
  "w2_linear_hfer0.6_hann": 0.38024027153301676,
  "w2_linear_msr": 0.0007717184792176955,
  "gnorm_w2_linear": 0.04585545116475852,
  "shfer_w0_all": 0.3798455832925609,
  "shfer_w0_stem": 0.3214526119959361,
  "shfer_w0_layer1": 0.3560477305469858,
  "shfer_w0_layer2": 0.37578704842910887,
  "shfer_w0_layer3": 0.38498889529093866,
  "shfer_w0_layer4": 0.38500784018921613,
  "shfer_w0_head": 0.35467301036879406,
  "shfer_w1_all": 0.39589302330980114,
  "shfer_w1_stem": 0.3906504845512707,
  "shfer_w1_layer1": 0.39449990644600225,
  "shfer_w1_layer2": 0.3939105098907069,
  "shfer_w1_layer3": 0.398582810654157,
  "shfer_w1_layer4": 0.3941963509514929,
  "shfer_w1_head": 0.38305118720697495,
  "shfer_w2_all": 0.3986477623504453,
  "shfer_w2_stem": 0.40538906835363775,
  "shfer_w2_layer1": 0.40023112870258726,
  "shfer_w2_layer2": 0.4032159205803916,
  "shfer_w2_layer3": 0.40043478005156974,
  "shfer_w2_layer4": 0.39810120079782346,
  "shfer_w2_head": 0.39754661508155453
}