{
  "diverged": false,
  "n_steps": 10000,
  "spikes": 630,
  "train_loss_tail": 0.019550336241838523,
  "val_loss": 1.254330145263672,
  "val_acc": 0.7842,
  "lam_tail": 4.984432220458984,
  "chi_tail": 3.9875457763671878,
  "sharpness_threshold": 2.5,
  "secs": 1299.5,
  "hfer_w1_mid": 0.4124871393024906,
  "raw_paths": "/work/02/gs26/s26001/river-valley-momentum/codebases/results/raw/grid_cifar10_bn_ema_lr0.8_b0_s0/w1_layer3.0.conv1_G.npz;/work/02/gs26/s26001/river-valley-momentum/codebases/results/raw/grid_cifar10_bn_ema_lr0.8_b0_s0/w1_linear_G.npz",
  "w0_conv1_hfer0.5": 0.740582055665289,
  "w0_conv1_hfer0.6": 0.6287996152674776,
  "w0_conv1_hfer0.7": 0.4966601378316108,
  "w0_conv1_hfer0.6_hann": 0.6315527981686355,
  "w0_conv1_msr": 1.0,
  "gnorm_w0_conv1": 0.28773173064600566,
  "w0_layer2.0.conv1_hfer0.5": 0.6013938526961647,
  "w0_layer2.0.conv1_hfer0.6": 0.4904446799810884,
  "w0_layer2.0.conv1_hfer0.7": 0.3724531339624465,
  "w0_layer2.0.conv1_hfer0.6_hann": 0.4887649852886712,
  "w0_layer2.0.conv1_msr": 1.0,
  "gnorm_w0_layer2.0.conv1": 0.15698018177914547,
  "w0_layer3.0.conv1_hfer0.5": 0.5607324820176366,
  "w0_layer3.0.conv1_hfer0.6": 0.4523315893431195,
  "w0_layer3.0.conv1_hfer0.7": 0.34266200814205405,
  "w0_layer3.0.conv1_hfer0.6_hann": 0.4524914750297064,
  "w0_layer3.0.conv1_msr": 1.0,
  "gnorm_w0_layer3.0.conv1": 0.228337761917001,
  "w0_linear_hfer0.5": 0.7087328826353068,
  "w0_linear_hfer0.6": 0.5899165157110468,
  "w0_linear_hfer0.7": 0.4530193154368362,
  "w0_linear_hfer0.6_hann": 0.5931030390191016,
  "w0_linear_msr": 1.0,
  "gnorm_w0_linear": 0.24201938108317317,
  "w1_conv1_hfer0.5": 0.6345865871822975,
  "w1_conv1_hfer0.6": 0.5190949596577696,
  "w1_conv1_hfer0.7": 0.3949968613434369,
  "w1_conv1_hfer0.6_hann": 0.520304180280658,
  "w1_conv1_msr": 1.0,
  "gnorm_w1_conv1": 0.2047817129587979,
  "w1_layer2.0.conv1_hfer0.5": 0.5310278815118661,
  "w1_layer2.0.conv1_hfer0.6": 0.4260268176140131,
  "w1_layer2.0.conv1_hfer0.7": 0.31982941828713607,
  "w1_layer2.0.conv1_hfer0.6_hann": 0.4251962133555538,
  "w1_layer2.0.conv1_msr": 1.0,
  "gnorm_w1_layer2.0.conv1": 0.13455257237464457,
  "w1_layer3.0.conv1_hfer0.5": 0.515396601130613,
  "w1_layer3.0.conv1_hfer0.6": 0.4124871393024906,
  "w1_layer3.0.conv1_hfer0.7": 0.30957572156326024,
  "w1_layer3.0.conv1_hfer0.6_hann": 0.4122711253206281,
  "w1_layer3.0.conv1_msr": 1.0,
  "gnorm_w1_layer3.0.conv1": 0.22507473232420902,
  "w1_linear_hfer0.5": 0.6061429727083615,
  "w1_linear_hfer0.6": 0.48953924359602546,
  "w1_linear_hfer0.7": 0.3678571095243091,
  "w1_linear_hfer0.6_hann": 0.4882978594972625,
  "w1_linear_msr": 1.0,
  "gnorm_w1_linear": 0.14051030783366295,
  "w2_conv1_hfer0.5": 0.5563139607048985,
  "w2_conv1_hfer0.6": 0.45115427347789855,
  "w2_conv1_hfer0.7": 0.3388420773318309,
  "w2_conv1_hfer0.6_hann": 0.4420451765345354,
  "w2_conv1_msr": 1.0,
  "gnorm_w2_conv1": 0.12594577240005705,
  "w2_layer2.0.conv1_hfer0.5": 0.515427055469859,
  "w2_layer2.0.conv1_hfer0.6": 0.41435438449925155,
  "w2_layer2.0.conv1_hfer0.7": 0.31009639910168896,
  "w2_layer2.0.conv1_hfer0.6_hann": 0.4124476621764971,
  "w2_layer2.0.conv1_msr": 1.0,
  "gnorm_w2_layer2.0.conv1": 0.08866918627526832,
  "w2_layer3.0.conv1_hfer0.5": 0.5073248671381663,
  "w2_layer3.0.conv1_hfer0.6": 0.40615094342719854,
  "w2_layer3.0.conv1_hfer0.7": 0.30485764237829943,
  "w2_layer3.0.conv1_hfer0.6_hann": 0.40593302841826534,
  "w2_layer3.0.conv1_msr": 1.0,
  "gnorm_w2_layer3.0.conv1": 0.14999682674372222,
  "w2_linear_hfer0.5": 0.5544463194255431,
  "w2_linear_hfer0.6": 0.4480470380121416,
  "w2_linear_hfer0.7": 0.3409839113493179,
  "w2_linear_hfer0.6_hann": 0.4500645915551374,
  "w2_linear_msr": 1.0,
  "gnorm_w2_linear": 0.08010338503971536,
  "shfer_w0_all": 0.47473013111368767,
  "shfer_w0_stem": 0.6129105958513585,
  "shfer_w0_layer1": 0.5114357501282226,
  "shfer_w0_layer2": 0.4740702446089132,
  "shfer_w0_layer3": 0.4535950647147731,
  "shfer_w0_layer4": 0.4531463112235503,
  "shfer_w0_head": 0.5901831308089707,
  "shfer_w1_all": 0.4161622702420284,
  "shfer_w1_stem": 0.5077109226932646,
  "shfer_w1_layer1": 0.43793366112492593,
  "shfer_w1_layer2": 0.42132815645285265,
  "shfer_w1_layer3": 0.41122530009172864,
  "shfer_w1_layer4": 0.41195858064930285,
  "shfer_w1_head": 0.49015969212408006,
  "shfer_w2_all": 0.4096913898215515,
  "shfer_w2_stem": 0.4441317511452584,
  "shfer_w2_layer1": 0.4166637377367143,
  "shfer_w2_layer2": 0.4107630935971614,
  "shfer_w2_layer3": 0.4045341580676537,
  "shfer_w2_layer4": 0.408042453762529,
  "shfer_w2_head": 0.4465890209795238
}