{
  "diverged": false,
  "n_steps": 10000,
  "spikes": 608,
  "train_loss_tail": 0.015458614978240803,
  "val_loss": 1.2358145629882813,
  "val_acc": 0.7928,
  "lam_tail": 1.008833408355713,
  "chi_tail": 0.3228266906738281,
  "sharpness_threshold": 11.875000000000002,
  "secs": 1271.5,
  "hfer_w1_mid": 0.3893872844407555,
  "raw_paths": "",
  "w0_conv1_hfer0.5": 0.37682790650144515,
  "w0_conv1_hfer0.6": 0.3001215778575745,
  "w0_conv1_hfer0.7": 0.22327712127156477,
  "w0_conv1_hfer0.6_hann": 0.30167823456935033,
  "w0_conv1_msr": 0.0032146364008312613,
  "gnorm_w0_conv1": 0.13890296877304864,
  "w0_layer2.0.conv1_hfer0.5": 0.4318003365095763,
  "w0_layer2.0.conv1_hfer0.6": 0.3425600894203861,
  "w0_layer2.0.conv1_hfer0.7": 0.25732222748297173,
  "w0_layer2.0.conv1_hfer0.6_hann": 0.3442663029577962,
  "w0_layer2.0.conv1_msr": 0.0032120149094380522,
  "gnorm_w0_layer2.0.conv1": 0.06910351475024686,
  "w0_layer3.0.conv1_hfer0.5": 0.45126048991181833,
  "w0_layer3.0.conv1_hfer0.6": 0.3601376436958015,
  "w0_layer3.0.conv1_hfer0.7": 0.2706575607281384,
  "w0_layer3.0.conv1_hfer0.6_hann": 0.3572116959799044,
  "w0_layer3.0.conv1_msr": 0.00321470311525415,
  "gnorm_w0_layer3.0.conv1": 0.12656444848423054,
  "w0_linear_hfer0.5": 0.3515114803718105,
  "w0_linear_hfer0.6": 0.2798909996815014,
  "w0_linear_hfer0.7": 0.2109874490008595,
  "w0_linear_hfer0.6_hann": 0.2770112139522898,
  "w0_linear_msr": 0.0032092956818227467,
  "gnorm_w0_linear": 0.16033937900406672,
  "w1_conv1_hfer0.5": 0.4343200929983836,
  "w1_conv1_hfer0.6": 0.3449121908994373,
  "w1_conv1_hfer0.7": 0.2558905785989255,
  "w1_conv1_hfer0.6_hann": 0.3462567926510306,
  "w1_conv1_msr": 0.003223060806027824,
  "gnorm_w1_conv1": 0.0914271385282183,
  "w1_layer2.0.conv1_hfer0.5": 0.47810330217425223,
  "w1_layer2.0.conv1_hfer0.6": 0.3806894296923571,
  "w1_layer2.0.conv1_hfer0.7": 0.28549148002702335,
  "w1_layer2.0.conv1_hfer0.6_hann": 0.38069121238948855,
  "w1_layer2.0.conv1_msr": 0.0032192249681550975,
  "gnorm_w1_layer2.0.conv1": 0.06674135074016299,
  "w1_layer3.0.conv1_hfer0.5": 0.4875212294287704,
  "w1_layer3.0.conv1_hfer0.6": 0.3893872844407555,
  "w1_layer3.0.conv1_hfer0.7": 0.2925040922040128,
  "w1_layer3.0.conv1_hfer0.6_hann": 0.3891478016152508,
  "w1_layer3.0.conv1_msr": 0.0032153305045393783,
  "gnorm_w1_layer3.0.conv1": 0.1393806744047165,
  "w1_linear_hfer0.5": 0.39860121727712455,
  "w1_linear_hfer0.6": 0.31830442217335764,
  "w1_linear_hfer0.7": 0.23501389749663618,
  "w1_linear_hfer0.6_hann": 0.3190364009777066,
  "w1_linear_msr": 0.003228480891225196,
  "gnorm_w1_linear": 0.09835019651978283,
  "w2_conv1_hfer0.5": 0.4698160258900811,
  "w2_conv1_hfer0.6": 0.376943215147751,
  "w2_conv1_hfer0.7": 0.28217547741609605,
  "w2_conv1_hfer0.6_hann": 0.37691408887096234,
  "w2_conv1_msr": 0.0032103148108495014,
  "gnorm_w2_conv1": 0.05554843110597463,
  "w2_layer2.0.conv1_hfer0.5": 0.4902149818738241,
  "w2_layer2.0.conv1_hfer0.6": 0.39141794219604736,
  "w2_layer2.0.conv1_hfer0.7": 0.2941763712297341,
  "w2_layer2.0.conv1_hfer0.6_hann": 0.39271292543203196,
  "w2_layer2.0.conv1_msr": 0.003213347829425617,
  "gnorm_w2_layer2.0.conv1": 0.0431647453448345,
  "w2_layer3.0.conv1_hfer0.5": 0.4962887815262142,
  "w2_layer3.0.conv1_hfer0.6": 0.39648538630867397,
  "w2_layer3.0.conv1_hfer0.7": 0.2979438878617713,
  "w2_layer3.0.conv1_hfer0.6_hann": 0.3965317579808785,
  "w2_layer3.0.conv1_msr": 0.003213917678547348,
  "gnorm_w2_layer3.0.conv1": 0.09363027906620063,
  "w2_linear_hfer0.5": 0.458422205718563,
  "w2_linear_hfer0.6": 0.36321045049622913,
  "w2_linear_hfer0.7": 0.2752242918570175,
  "w2_linear_hfer0.6_hann": 0.36471720882058845,
  "w2_linear_msr": 0.0032058294428170485,
  "gnorm_w2_linear": 0.05325359744482543,
  "shfer_w0_all": 0.34196261847428433,
  "shfer_w0_stem": 0.3010281916102857,
  "shfer_w0_layer1": 0.3379912357549874,
  "shfer_w0_layer2": 0.34988937814517096,
  "shfer_w0_layer3": 0.3637800326610819,
  "shfer_w0_layer4": 0.34622989820549194,
  "shfer_w0_head": 0.2756827397547028,
  "shfer_w1_all": 0.3850117126419302,
  "shfer_w1_stem": 0.34762284091000534,
  "shfer_w1_layer1": 0.37699525992157795,
  "shfer_w1_layer2": 0.38207164451148484,
  "shfer_w1_layer3": 0.3915920258421303,
  "shfer_w1_layer4": 0.3842568780316461,
  "shfer_w1_head": 0.31474111423342666,
  "shfer_w2_all": 0.3951633199544096,
  "shfer_w2_stem": 0.37892669019958053,
  "shfer_w2_layer1": 0.3904034440417689,
  "shfer_w2_layer2": 0.3903142239942879,
  "shfer_w2_layer3": 0.3976901509302818,
  "shfer_w2_layer4": 0.3970825142137917,
  "shfer_w2_head": 0.35962956454905454
}