{
  "diverged": false,
  "n_steps": 10000,
  "spikes": 351,
  "train_loss_tail": 0.02950157693820074,
  "val_loss": 1.4936229248046875,
  "val_acc": 0.7336,
  "lam_tail": 0.8218740224838257,
  "chi_tail": 2.6299968719482423,
  "sharpness_threshold": 0.625,
  "secs": 1276.6,
  "hfer_w1_mid": 0.4258575869279548,
  "raw_paths": "",
  "w0_conv1_hfer0.5": 0.7061320472264052,
  "w0_conv1_hfer0.6": 0.5857239371027078,
  "w0_conv1_hfer0.7": 0.45145848833255636,
  "w0_conv1_hfer0.6_hann": 0.5834514384187238,
  "w0_conv1_msr": 1.0,
  "gnorm_w0_conv1": 0.09413231947047494,
  "w0_layer2.0.conv1_hfer0.5": 0.6500535440918287,
  "w0_layer2.0.conv1_hfer0.6": 0.5292273161959711,
  "w0_layer2.0.conv1_hfer0.7": 0.4070308231442666,
  "w0_layer2.0.conv1_hfer0.6_hann": 0.5437666939170674,
  "w0_layer2.0.conv1_msr": 1.0,
  "gnorm_w0_layer2.0.conv1": 0.057344494826158304,
  "w0_layer3.0.conv1_hfer0.5": 0.6003114220071311,
  "w0_layer3.0.conv1_hfer0.6": 0.4908352421137484,
  "w0_layer3.0.conv1_hfer0.7": 0.37377322009021713,
  "w0_layer3.0.conv1_hfer0.6_hann": 0.4941880500960208,
  "w0_layer3.0.conv1_msr": 1.0,
  "gnorm_w0_layer3.0.conv1": 0.12390959371514165,
  "w0_linear_hfer0.5": 0.7792867638345784,
  "w0_linear_hfer0.6": 0.6723448126937897,
  "w0_linear_hfer0.7": 0.5376990143111187,
  "w0_linear_hfer0.6_hann": 0.6717749818670097,
  "w0_linear_msr": 1.0,
  "gnorm_w0_linear": 0.15343536279315848,
  "w1_conv1_hfer0.5": 0.6422151388588789,
  "w1_conv1_hfer0.6": 0.5207298339802318,
  "w1_conv1_hfer0.7": 0.39941052269208166,
  "w1_conv1_hfer0.6_hann": 0.5177370373928938,
  "w1_conv1_msr": 1.0,
  "gnorm_w1_conv1": 0.09036842136370386,
  "w1_layer2.0.conv1_hfer0.5": 0.5755932503266102,
  "w1_layer2.0.conv1_hfer0.6": 0.46910832911311895,
  "w1_layer2.0.conv1_hfer0.7": 0.35424080934444274,
  "w1_layer2.0.conv1_hfer0.6_hann": 0.4625498010796268,
  "w1_layer2.0.conv1_msr": 1.0,
  "gnorm_w1_layer2.0.conv1": 0.05320997250865712,
  "w1_layer3.0.conv1_hfer0.5": 0.529829844143189,
  "w1_layer3.0.conv1_hfer0.6": 0.4258575869279548,
  "w1_layer3.0.conv1_hfer0.7": 0.3210859125350927,
  "w1_layer3.0.conv1_hfer0.6_hann": 0.4238935764283473,
  "w1_layer3.0.conv1_msr": 1.0,
  "gnorm_w1_layer3.0.conv1": 0.1457831347460036,
  "w1_linear_hfer0.5": 0.7203822844925011,
  "w1_linear_hfer0.6": 0.6134594516025926,
  "w1_linear_hfer0.7": 0.4870275461997279,
  "w1_linear_hfer0.6_hann": 0.6130224414121972,
  "w1_linear_msr": 1.0,
  "gnorm_w1_linear": 0.09829876170491961,
  "w2_conv1_hfer0.5": 0.5571000335151555,
  "w2_conv1_hfer0.6": 0.44863388151833034,
  "w2_conv1_hfer0.7": 0.3377357433615026,
  "w2_conv1_hfer0.6_hann": 0.4489997714590386,
  "w2_conv1_msr": 1.0,
  "gnorm_w2_conv1": 0.05473935813676043,
  "w2_layer2.0.conv1_hfer0.5": 0.5261519026063501,
  "w2_layer2.0.conv1_hfer0.6": 0.4213726376789618,
  "w2_layer2.0.conv1_hfer0.7": 0.31652330547748797,
  "w2_layer2.0.conv1_hfer0.6_hann": 0.42640330073935867,
  "w2_layer2.0.conv1_msr": 1.0,
  "gnorm_w2_layer2.0.conv1": 0.03235865711322114,
  "w2_layer3.0.conv1_hfer0.5": 0.5095646260610025,
  "w2_layer3.0.conv1_hfer0.6": 0.40810232102995747,
  "w2_layer3.0.conv1_hfer0.7": 0.30679566374419076,
  "w2_layer3.0.conv1_hfer0.6_hann": 0.40812324077699297,
  "w2_layer3.0.conv1_msr": 1.0,
  "gnorm_w2_layer3.0.conv1": 0.09661323215413824,
  "w2_linear_hfer0.5": 0.5899571910378846,
  "w2_linear_hfer0.6": 0.47827289819990976,
  "w2_linear_hfer0.7": 0.3632069925739704,
  "w2_linear_hfer0.6_hann": 0.47325565097929534,
  "w2_linear_msr": 1.0,
  "gnorm_w2_linear": 0.04614425763734028,
  "shfer_w0_all": 0.5623553809280606,
  "shfer_w0_stem": 0.5874166008161107,
  "shfer_w0_layer1": 0.5283396929389633,
  "shfer_w0_layer2": 0.5197398235624946,
  "shfer_w0_layer3": 0.4892172071014463,
  "shfer_w0_layer4": 0.5559731390057924,
  "shfer_w0_head": 0.697281370320336,
  "shfer_w1_all": 0.4428864990675962,
  "shfer_w1_stem": 0.518677989678514,
  "shfer_w1_layer1": 0.4802400124332477,
  "shfer_w1_layer2": 0.45744265099785614,
  "shfer_w1_layer3": 0.4225092736455615,
  "shfer_w1_layer4": 0.43631832684397714,
  "shfer_w1_head": 0.6440977202877647,
  "shfer_w2_all": 0.40836025406559323,
  "shfer_w2_stem": 0.4454646647497848,
  "shfer_w2_layer1": 0.42197968211022946,
  "shfer_w2_layer2": 0.41820515610112674,
  "shfer_w2_layer3": 0.40594638905235964,
  "shfer_w2_layer4": 0.4059613855964323,
  "shfer_w2_head": 0.48504724474617333
}