{
  "diverged": false,
  "n_steps": 10000,
  "spikes": 1321,
  "train_loss_tail": 0.006763575892837253,
  "val_loss": 1.08880078125,
  "val_acc": 0.8347,
  "lam_tail": 4.667283058166504,
  "chi_tail": 0.3733826446533203,
  "sharpness_threshold": 47.50000000000001,
  "secs": 1207.8,
  "hfer_w1_mid": 0.39683212824811237,
  "raw_paths": "",
  "w0_conv1_hfer0.5": 0.4297447053756723,
  "w0_conv1_hfer0.6": 0.34443048529975273,
  "w0_conv1_hfer0.7": 0.2608074187169313,
  "w0_conv1_hfer0.6_hann": 0.34722921243556054,
  "w0_conv1_msr": 0.0032064250003597944,
  "gnorm_w0_conv1": 0.23925601769815708,
  "w0_layer2.0.conv1_hfer0.5": 0.47167641058584636,
  "w0_layer2.0.conv1_hfer0.6": 0.376617904195885,
  "w0_layer2.0.conv1_hfer0.7": 0.2834762025892569,
  "w0_layer2.0.conv1_hfer0.6_hann": 0.3786807869450217,
  "w0_layer2.0.conv1_msr": 0.0032117351304324004,
  "gnorm_w0_layer2.0.conv1": 0.16779009255842228,
  "w0_layer3.0.conv1_hfer0.5": 0.47893762871554324,
  "w0_layer3.0.conv1_hfer0.6": 0.3826001944073917,
  "w0_layer3.0.conv1_hfer0.7": 0.28751996291410775,
  "w0_layer3.0.conv1_hfer0.6_hann": 0.38445917700768617,
  "w0_layer3.0.conv1_msr": 0.0032129052077730035,
  "gnorm_w0_layer3.0.conv1": 0.314020793613452,
  "w0_linear_hfer0.5": 0.3730963500084461,
  "w0_linear_hfer0.6": 0.29989580815009453,
  "w0_linear_hfer0.7": 0.22612133326263803,
  "w0_linear_hfer0.6_hann": 0.3017381537376389,
  "w0_linear_msr": 0.0032278672475689997,
  "gnorm_w0_linear": 0.26633264524503847,
  "w1_conv1_hfer0.5": 0.4784905853572452,
  "w1_conv1_hfer0.6": 0.37973116193134204,
  "w1_conv1_hfer0.7": 0.285528787746256,
  "w1_conv1_hfer0.6_hann": 0.3763952358940324,
  "w1_conv1_msr": 0.003220250095243155,
  "gnorm_w1_conv1": 0.13562727982252787,
  "w1_layer2.0.conv1_hfer0.5": 0.49343071600731603,
  "w1_layer2.0.conv1_hfer0.6": 0.39416648491897927,
  "w1_layer2.0.conv1_hfer0.7": 0.2957308333909774,
  "w1_layer2.0.conv1_hfer0.6_hann": 0.39359303053915395,
  "w1_layer2.0.conv1_msr": 0.0032126271152202977,
  "gnorm_w1_layer2.0.conv1": 0.11879790375324753,
  "w1_layer3.0.conv1_hfer0.5": 0.49628269712068074,
  "w1_layer3.0.conv1_hfer0.6": 0.39683212824811237,
  "w1_layer3.0.conv1_hfer0.7": 0.29780626823689255,
  "w1_layer3.0.conv1_hfer0.6_hann": 0.3964561910983379,
  "w1_layer3.0.conv1_msr": 0.003211367890531326,
  "gnorm_w1_layer3.0.conv1": 0.24642403993292672,
  "w1_linear_hfer0.5": 0.4425078861785994,
  "w1_linear_hfer0.6": 0.35571963273073703,
  "w1_linear_hfer0.7": 0.2667244078566673,
  "w1_linear_hfer0.6_hann": 0.3619109358275799,
  "w1_linear_msr": 0.00320793041342909,
  "gnorm_w1_linear": 0.12906722526516043,
  "w2_conv1_hfer0.5": 0.48734082622763625,
  "w2_conv1_hfer0.6": 0.3907574225099953,
  "w2_conv1_hfer0.7": 0.29239196833282877,
  "w2_conv1_hfer0.6_hann": 0.389385481469616,
  "w2_conv1_msr": 0.0032148223926325207,
  "gnorm_w2_conv1": 0.08348884687703957,
  "w2_layer2.0.conv1_hfer0.5": 0.4972145083273365,
  "w2_layer2.0.conv1_hfer0.6": 0.3971468355770226,
  "w2_layer2.0.conv1_hfer0.7": 0.29871329544808806,
  "w2_layer2.0.conv1_hfer0.6_hann": 0.39693256062019644,
  "w2_layer2.0.conv1_msr": 0.003208576696435828,
  "gnorm_w2_layer2.0.conv1": 0.07612270136584694,
  "w2_layer3.0.conv1_hfer0.5": 0.4989483485007625,
  "w2_layer3.0.conv1_hfer0.6": 0.3987754507289317,
  "w2_layer3.0.conv1_hfer0.7": 0.2997858872923097,
  "w2_layer3.0.conv1_hfer0.6_hann": 0.3985837662164677,
  "w2_layer3.0.conv1_msr": 0.0032093074592890276,
  "gnorm_w2_layer3.0.conv1": 0.16245581936706477,
  "w2_linear_hfer0.5": 0.47287452995142043,
  "w2_linear_hfer0.6": 0.37865629527131506,
  "w2_linear_hfer0.7": 0.28270268051707464,
  "w2_linear_hfer0.6_hann": 0.3756256196533343,
  "w2_linear_msr": 0.0032098053619914898,
  "gnorm_w2_linear": 0.07232306923969505,
  "shfer_w0_all": 0.37603352375579563,
  "shfer_w0_stem": 0.3428656025481121,
  "shfer_w0_layer1": 0.36800205593591256,
  "shfer_w0_layer2": 0.37469157737577585,
  "shfer_w0_layer3": 0.38485755007196387,
  "shfer_w0_layer4": 0.37950701906198214,
  "shfer_w0_head": 0.30094731210934456,
  "shfer_w1_all": 0.39257391400730546,
  "shfer_w1_stem": 0.379126855327084,
  "shfer_w1_layer1": 0.3930033149195961,
  "shfer_w1_layer2": 0.3935804797128111,
  "shfer_w1_layer3": 0.39588927608406194,
  "shfer_w1_layer4": 0.3932422559593548,
  "shfer_w1_head": 0.356480097766541,
  "shfer_w2_all": 0.39693947325911355,
  "shfer_w2_stem": 0.39299792797829347,
  "shfer_w2_layer1": 0.3955269985107206,
  "shfer_w2_layer2": 0.3966068942361917,
  "shfer_w2_layer3": 0.39896041715723934,
  "shfer_w2_layer4": 0.39824137778227675,
  "shfer_w2_head": 0.3788042298920705
}