{
  "diverged": false,
  "n_steps": 10000,
  "spikes": 1302,
  "train_loss_tail": 0.00012329289280387456,
  "val_loss": 0.8092913269042968,
  "val_acc": 0.8425,
  "lam_tail": 9.093043327331543,
  "chi_tail": 0.9093043327331544,
  "sharpness_threshold": 20.0,
  "secs": 805.7,
  "hfer_w1_mid": 0.40362837434887283,
  "raw_paths": "",
  "w0_conv1_hfer0.5": 0.5174009706621606,
  "w0_conv1_hfer0.6": 0.4131292026941989,
  "w0_conv1_hfer0.7": 0.311747493809935,
  "w0_conv1_hfer0.6_hann": 0.4093380091849453,
  "w0_conv1_msr": 1.0,
  "gnorm_w0_conv1": 0.2422056043998523,
  "w0_layer2.0.conv1_hfer0.5": 0.5079766279824512,
  "w0_layer2.0.conv1_hfer0.6": 0.4057574178877032,
  "w0_layer2.0.conv1_hfer0.7": 0.30564435663785056,
  "w0_layer2.0.conv1_hfer0.6_hann": 0.4059700573814491,
  "w0_layer2.0.conv1_msr": 1.0,
  "gnorm_w0_layer2.0.conv1": 0.27480353001326513,
  "w0_layer3.0.conv1_hfer0.5": 0.5050685086936001,
  "w0_layer3.0.conv1_hfer0.6": 0.40362837434887283,
  "w0_layer3.0.conv1_hfer0.7": 0.3034394539016289,
  "w0_layer3.0.conv1_hfer0.6_hann": 0.4036186784396573,
  "w0_layer3.0.conv1_msr": 1.0,
  "gnorm_w0_layer3.0.conv1": 0.5134239749422188,
  "w0_linear_hfer0.5": 0.5541746565814932,
  "w0_linear_hfer0.6": 0.44691840367715385,
  "w0_linear_hfer0.7": 0.33144473842964317,
  "w0_linear_hfer0.6_hann": 0.45833120704955804,
  "w0_linear_msr": 1.0,
  "gnorm_w0_linear": 0.18285503741850206
}