{
  "diverged": false,
  "n_steps": 10000,
  "spikes": 518,
  "train_loss_tail": 0.020298993593780325,
  "val_loss": 1.1939001586914062,
  "val_acc": 0.8002,
  "lam_tail": 2.030958414077759,
  "chi_tail": 1.6247667312622072,
  "sharpness_threshold": 3.75,
  "secs": 833.0,
  "hfer_w1_mid": 0.39750225189949434,
  "raw_paths": "",
  "w0_conv1_hfer0.5": 0.48523088908870693,
  "w0_conv1_hfer0.6": 0.383248648054789,
  "w0_conv1_hfer0.7": 0.29059151268035965,
  "w0_conv1_hfer0.6_hann": 0.3785449420601915,
  "w0_conv1_msr": 0.5040072125834663,
  "gnorm_w0_conv1": 0.10157303200539902,
  "w0_layer2.0.conv1_hfer0.5": 0.49683739116794257,
  "w0_layer2.0.conv1_hfer0.6": 0.395430246193274,
  "w0_layer2.0.conv1_hfer0.7": 0.29584112408606056,
  "w0_layer2.0.conv1_hfer0.6_hann": 0.3941230189638904,
  "w0_layer2.0.conv1_msr": 0.5052139883099144,
  "gnorm_w0_layer2.0.conv1": 0.10275338531987013,
  "w0_layer3.0.conv1_hfer0.5": 0.4978134770470719,
  "w0_layer3.0.conv1_hfer0.6": 0.39750225189949434,
  "w0_layer3.0.conv1_hfer0.7": 0.29812330806757237,
  "w0_layer3.0.conv1_hfer0.6_hann": 0.3976145285392645,
  "w0_layer3.0.conv1_msr": 0.5047423605722181,
  "gnorm_w0_layer3.0.conv1": 0.1801146910619448,
  "w0_linear_hfer0.5": 0.49309896551557614,
  "w0_linear_hfer0.6": 0.3888183428362967,
  "w0_linear_hfer0.7": 0.28707168234063235,
  "w0_linear_hfer0.6_hann": 0.3920502143557666,
  "w0_linear_msr": 0.5075581333630036,
  "gnorm_w0_linear": 0.12359432849814862
}