{
  "gate_pass": true,
  "gate1_floor": true,
  "gate2_ushape": true,
  "gate3_narrows": true,
  "eps_star": 0.9764748091026737,
  "floor_edge": {
    "el1.8_k0.3": 0.3,
    "el1.8_k0.6": 0.5,
    "el1.8_k0.9": 0.7,
    "el1.8_k1.2": 0.7,
    "el1.8_k1.8": 0.9,
    "el2.5_k0.3": 0.3,
    "el2.5_k0.6": 0.5,
    "el2.5_k0.9": 0.7,
    "el2.5_k1.2": 0.8,
    "el2.5_k1.8": 0.95
  },
  "top_edge": {
    "el1.8_k0.3": 0.99,
    "el1.8_k0.6": 0.995,
    "el1.8_k0.9": 0.995,
    "el1.8_k1.2": 0.99,
    "el1.8_k1.8": 0.999,
    "el2.5_k0.3": 0.99,
    "el2.5_k0.6": 0.995,
    "el2.5_k0.9": 0.95,
    "el2.5_k1.2": 0.95,
    "el2.5_k1.8": 0.999
  },
  "best_beta": {
    "el1.8_k0.3": 0.7,
    "el1.8_k0.6": 0.8,
    "el1.8_k0.9": 0.8,
    "el1.8_k1.2": 0.8,
    "el1.8_k1.8": 0.95,
    "el2.5_k0.3": 0.8,
    "el2.5_k0.6": 0.9,
    "el2.5_k0.9": 0.8,
    "el2.5_k1.2": 0.9,
    "el2.5_k1.8": 0.95
  },
  "v_row": {
    "el1.8_k0.3": 0.04654620440123637,
    "el1.8_k0.6": 0.04394046028638958,
    "el1.8_k0.9": 0.026698039549314104,
    "el1.8_k1.2": 0.012615110422849452,
    "el1.8_k1.8": 0.012771705949308957,
    "el2.5_k0.3": 0.06368521764485575,
    "el2.5_k0.6": 0.056026775860075734,
    "el2.5_k0.9": 0.040048068898035076,
    "el2.5_k1.2": 0.018378455464457485,
    "el2.5_k1.8": 0.015036259887065181
  }
}