{
  "diverged": false,
  "n_steps": 10000,
  "spikes": 1205,
  "train_loss_tail": 0.008575246875931043,
  "val_loss": 1.0562429809570313,
  "val_acc": 0.8244,
  "lam_tail": 6.942648887634277,
  "chi_tail": 0.027770595550537135,
  "sharpness_threshold": 994.9999999999991,
  "secs": 804.0,
  "hfer_w1_mid": 0.39368866055114393,
  "raw_paths": "",
  "w0_conv1_hfer0.5": 0.47488913335465477,
  "w0_conv1_hfer0.6": 0.37863017807336563,
  "w0_conv1_hfer0.7": 0.2849790600173158,
  "w0_conv1_hfer0.6_hann": 0.3808542150163166,
  "w0_conv1_msr": 0.3138530865740255,
  "gnorm_w0_conv1": 0.16416993599102758,
  "w0_layer2.0.conv1_hfer0.5": 0.48835277503987246,
  "w0_layer2.0.conv1_hfer0.6": 0.389817374145392,
  "w0_layer2.0.conv1_hfer0.7": 0.29263677564239393,
  "w0_layer2.0.conv1_hfer0.6_hann": 0.3922862572286968,
  "w0_layer2.0.conv1_msr": 0.30736168811915276,
  "gnorm_w0_layer2.0.conv1": 0.16149118970031276,
  "w0_layer3.0.conv1_hfer0.5": 0.4928425209000185,
  "w0_layer3.0.conv1_hfer0.6": 0.39368866055114393,
  "w0_layer3.0.conv1_hfer0.7": 0.2957470555143804,
  "w0_layer3.0.conv1_hfer0.6_hann": 0.3955336423503985,
  "w0_layer3.0.conv1_msr": 0.30772039437321247,
  "gnorm_w0_layer3.0.conv1": 0.32283373766465234,
  "w0_linear_hfer0.5": 0.42251157700356634,
  "w0_linear_hfer0.6": 0.3405088097981744,
  "w0_linear_hfer0.7": 0.2548837586376158,
  "w0_linear_hfer0.6_hann": 0.35790866370244,
  "w0_linear_msr": 0.30282381414428283,
  "gnorm_w0_linear": 0.18507411717762565
}