{
  "diverged": false,
  "n_steps": 10000,
  "spikes": 53,
  "train_loss_tail": 0.0851696495860815,
  "val_loss": 1.2918623657226562,
  "val_acc": 0.7478,
  "lam_tail": 0.4848800301551819,
  "chi_tail": 0.15516160964965833,
  "sharpness_threshold": 12.187499999999988,
  "secs": 836.9,
  "hfer_w1_mid": 0.3789175074287465,
  "raw_paths": "",
  "w0_conv1_hfer0.5": 0.3395644206892901,
  "w0_conv1_hfer0.6": 0.27005511235516316,
  "w0_conv1_hfer0.7": 0.2062507856610023,
  "w0_conv1_hfer0.6_hann": 0.266549289189302,
  "w0_conv1_msr": 0.30437074168609274,
  "gnorm_w0_conv1": 0.08630835422939616,
  "w0_layer2.0.conv1_hfer0.5": 0.43921134408742785,
  "w0_layer2.0.conv1_hfer0.6": 0.3502509405620012,
  "w0_layer2.0.conv1_hfer0.7": 0.26209648168393085,
  "w0_layer2.0.conv1_hfer0.6_hann": 0.34916156456836106,
  "w0_layer2.0.conv1_msr": 0.306491099826335,
  "gnorm_w0_layer2.0.conv1": 0.05971696529933962,
  "w0_layer3.0.conv1_hfer0.5": 0.4740879362700803,
  "w0_layer3.0.conv1_hfer0.6": 0.3789175074287465,
  "w0_layer3.0.conv1_hfer0.7": 0.2845710005475117,
  "w0_layer3.0.conv1_hfer0.6_hann": 0.37957833439176414,
  "w0_layer3.0.conv1_msr": 0.30653240230049844,
  "gnorm_w0_layer3.0.conv1": 0.08866209699484236,
  "w0_linear_hfer0.5": 0.34687046136382615,
  "w0_linear_hfer0.6": 0.2760113706375628,
  "w0_linear_hfer0.7": 0.20798693540397672,
  "w0_linear_hfer0.6_hann": 0.27514776730451396,
  "w0_linear_msr": 0.30782098743026864,
  "gnorm_w0_linear": 0.10974937388833045
}