{
  "diverged": false,
  "n_steps": 10000,
  "spikes": 565,
  "train_loss_tail": 0.0012711409400217235,
  "val_loss": 2.4752796630859377,
  "val_acc": 0.5555,
  "lam_tail": 0.2659323513507843,
  "chi_tail": 0.05318647027015686,
  "sharpness_threshold": 15.0,
  "secs": 1269.8,
  "hfer_w1_mid": 0.4001319601658082,
  "raw_paths": "",
  "w0_conv1_hfer0.5": 0.5102881924153957,
  "w0_conv1_hfer0.6": 0.39659339917301695,
  "w0_conv1_hfer0.7": 0.29491838788694463,
  "w0_conv1_hfer0.6_hann": 0.39359804098382656,
  "w0_conv1_msr": 0.12633705867607845,
  "gnorm_w0_conv1": 0.42491375443864454,
  "w0_layer2.0.conv1_hfer0.5": 0.49919395729509686,
  "w0_layer2.0.conv1_hfer0.6": 0.3950295768398336,
  "w0_layer2.0.conv1_hfer0.7": 0.2955977938484235,
  "w0_layer2.0.conv1_hfer0.6_hann": 0.39603085589431414,
  "w0_layer2.0.conv1_msr": 0.1262100682994775,
  "gnorm_w0_layer2.0.conv1": 0.3339990504984166,
  "w0_layer3.0.conv1_hfer0.5": 0.4992169572083456,
  "w0_layer3.0.conv1_hfer0.6": 0.39712847767809545,
  "w0_layer3.0.conv1_hfer0.7": 0.29761492032108283,
  "w0_layer3.0.conv1_hfer0.6_hann": 0.3970730037251882,
  "w0_layer3.0.conv1_msr": 0.1261690257767898,
  "gnorm_w0_layer3.0.conv1": 0.5723301818769595,
  "w0_linear_hfer0.5": 0.495504588940791,
  "w0_linear_hfer0.6": 0.3909787264688839,
  "w0_linear_hfer0.7": 0.2923037070778823,
  "w0_linear_hfer0.6_hann": 0.3918402133058925,
  "w0_linear_msr": 0.1262608800506516,
  "gnorm_w0_linear": 0.8684450754852877,
  "w1_conv1_hfer0.5": 0.4943457870425892,
  "w1_conv1_hfer0.6": 0.39496760389017227,
  "w1_conv1_hfer0.7": 0.2962621307543252,
  "w1_conv1_hfer0.6_hann": 0.3949174374030384,
  "w1_conv1_msr": 0.12604706172451408,
  "gnorm_w1_conv1": 0.11035465681746831,
  "w1_layer2.0.conv1_hfer0.5": 0.4998185045458507,
  "w1_layer2.0.conv1_hfer0.6": 0.3993500978589017,
  "w1_layer2.0.conv1_hfer0.7": 0.2989150898769212,
  "w1_layer2.0.conv1_hfer0.6_hann": 0.3985386878183488,
  "w1_layer2.0.conv1_msr": 0.12616248800013435,
  "gnorm_w1_layer2.0.conv1": 0.10253788904304859,
  "w1_layer3.0.conv1_hfer0.5": 0.5007467525463026,
  "w1_layer3.0.conv1_hfer0.6": 0.4001319601658082,
  "w1_layer3.0.conv1_hfer0.7": 0.3004620637281894,
  "w1_layer3.0.conv1_hfer0.6_hann": 0.39946343421843356,
  "w1_layer3.0.conv1_msr": 0.1260712647315924,
  "gnorm_w1_layer3.0.conv1": 0.20400932077087666,
  "w1_linear_hfer0.5": 0.49724467431866565,
  "w1_linear_hfer0.6": 0.39593963793254777,
  "w1_linear_hfer0.7": 0.29727733871135864,
  "w1_linear_hfer0.6_hann": 0.3940085589361388,
  "w1_linear_msr": 0.1261057454558423,
  "gnorm_w1_linear": 0.19358089810581952,
  "w2_conv1_hfer0.5": 0.497612351928184,
  "w2_conv1_hfer0.6": 0.4056099949241821,
  "w2_conv1_hfer0.7": 0.3037844908148593,
  "w2_conv1_hfer0.6_hann": 0.40443916089114584,
  "w2_conv1_msr": 0.1261729738780578,
  "gnorm_w2_conv1": 0.010424596438942233,
  "w2_layer2.0.conv1_hfer0.5": 0.5010142349740608,
  "w2_layer2.0.conv1_hfer0.6": 0.4018827363684126,
  "w2_layer2.0.conv1_hfer0.7": 0.3023973629258829,
  "w2_layer2.0.conv1_hfer0.6_hann": 0.4018075003410825,
  "w2_layer2.0.conv1_msr": 0.1260667227107667,
  "gnorm_w2_layer2.0.conv1": 0.009583712783354889,
  "w2_layer3.0.conv1_hfer0.5": 0.5008759695755717,
  "w2_layer3.0.conv1_hfer0.6": 0.40072989783052904,
  "w2_layer3.0.conv1_hfer0.7": 0.301879124000746,
  "w2_layer3.0.conv1_hfer0.6_hann": 0.4011966497556276,
  "w2_layer3.0.conv1_msr": 0.12601042306864163,
  "gnorm_w2_layer3.0.conv1": 0.017755444996979012,
  "w2_linear_hfer0.5": 0.5014496642042532,
  "w2_linear_hfer0.6": 0.40030821252303156,
  "w2_linear_hfer0.7": 0.3011726430068638,
  "w2_linear_hfer0.6_hann": 0.40066115625014753,
  "w2_linear_msr": 0.12618291004262158,
  "gnorm_w2_linear": 0.028737844320749863,
  "shfer_w0_all": 0.39722539619825253,
  "shfer_w0_stem": 0.39510615427592677,
  "shfer_w0_layer1": 0.3936127970475912,
  "shfer_w0_layer2": 0.3950105443895556,
  "shfer_w0_layer3": 0.39953832775739606,
  "shfer_w0_layer4": 0.3953931131532157,
  "shfer_w0_head": 0.38954716339794465,
  "shfer_w1_all": 0.4001656853442671,
  "shfer_w1_stem": 0.3930703979015296,
  "shfer_w1_layer1": 0.3994551241678931,
  "shfer_w1_layer2": 0.39899073494941656,
  "shfer_w1_layer3": 0.4007885895879337,
  "shfer_w1_layer4": 0.40168168177866403,
  "shfer_w1_head": 0.3977874660035109,
  "shfer_w2_all": 0.3992933005096148,
  "shfer_w2_stem": 0.4070133900508588,
  "shfer_w2_layer1": 0.4031013576156446,
  "shfer_w2_layer2": 0.40044270371149515,
  "shfer_w2_layer3": 0.40124960067125354,
  "shfer_w2_layer4": 0.4010845508679021,
  "shfer_w2_head": 0.3996599412183334
}