{
  "diverged": false,
  "n_steps": 10000,
  "spikes": 988,
  "train_loss_tail": 0.006409242607071064,
  "val_loss": 1.0416235595703125,
  "val_acc": 0.8243,
  "lam_tail": 1.554435133934021,
  "chi_tail": 0.049741924285888715,
  "sharpness_threshold": 124.37499999999989,
  "secs": 816.0,
  "hfer_w1_mid": 0.3928812137688297,
  "raw_paths": "",
  "w0_conv1_hfer0.5": 0.443445609277768,
  "w0_conv1_hfer0.6": 0.3543221665043847,
  "w0_conv1_hfer0.7": 0.2638197810828899,
  "w0_conv1_hfer0.6_hann": 0.3507711397374332,
  "w0_conv1_msr": 0.30679811815888863,
  "gnorm_w0_conv1": 0.06745875165559692,
  "w0_layer2.0.conv1_hfer0.5": 0.48709183739998546,
  "w0_layer2.0.conv1_hfer0.6": 0.38864978310353043,
  "w0_layer2.0.conv1_hfer0.7": 0.2920617618912104,
  "w0_layer2.0.conv1_hfer0.6_hann": 0.38991236825764164,
  "w0_layer2.0.conv1_msr": 0.3071195957234937,
  "gnorm_w0_layer2.0.conv1": 0.07096767329853666,
  "w0_layer3.0.conv1_hfer0.5": 0.4912906889799021,
  "w0_layer3.0.conv1_hfer0.6": 0.3928812137688297,
  "w0_layer3.0.conv1_hfer0.7": 0.29492894724006935,
  "w0_layer3.0.conv1_hfer0.6_hann": 0.39384845638640337,
  "w0_layer3.0.conv1_msr": 0.3068589432613795,
  "gnorm_w0_layer3.0.conv1": 0.13345090564727022,
  "w0_linear_hfer0.5": 0.41831166263938535,
  "w0_linear_hfer0.6": 0.3342092432906993,
  "w0_linear_hfer0.7": 0.2490745897540581,
  "w0_linear_hfer0.6_hann": 0.3440362288801072,
  "w0_linear_msr": 0.3066545341719842,
  "gnorm_w0_linear": 0.08140050218142585
}