{
  "diverged": false,
  "n_steps": 10000,
  "spikes": 1302,
  "train_loss_tail": 0.00036515950003376926,
  "val_loss": 0.9163331237792969,
  "val_acc": 0.839,
  "lam_tail": 0.8612740635871887,
  "chi_tail": 0.17225481271743776,
  "sharpness_threshold": 10.0,
  "secs": 1261.8,
  "hfer_w1_mid": 0.4046950394805117,
  "raw_paths": "/work/02/gs26/s26001/river-valley-momentum/codebases/results/raw/grid_cifar10_bn_ema_lr0.2_b0_s0/w1_layer3.0.conv1_G.npz;/work/02/gs26/s26001/river-valley-momentum/codebases/results/raw/grid_cifar10_bn_ema_lr0.2_b0_s0/w1_linear_G.npz",
  "w0_conv1_hfer0.5": 0.6074930884171902,
  "w0_conv1_hfer0.6": 0.49435168031378524,
  "w0_conv1_hfer0.7": 0.37719392284533027,
  "w0_conv1_hfer0.6_hann": 0.48525820750334775,
  "w0_conv1_msr": 1.0,
  "gnorm_w0_conv1": 0.43405070384922756,
  "w0_layer2.0.conv1_hfer0.5": 0.5429386948837795,
  "w0_layer2.0.conv1_hfer0.6": 0.4370250922497177,
  "w0_layer2.0.conv1_hfer0.7": 0.32923834423925413,
  "w0_layer2.0.conv1_hfer0.6_hann": 0.43291196977460256,
  "w0_layer2.0.conv1_msr": 1.0,
  "gnorm_w0_layer2.0.conv1": 0.3740056926649786,
  "w0_layer3.0.conv1_hfer0.5": 0.5243435400555627,
  "w0_layer3.0.conv1_hfer0.6": 0.42017485434424445,
  "w0_layer3.0.conv1_hfer0.7": 0.31640351923778554,
  "w0_layer3.0.conv1_hfer0.6_hann": 0.4181366991718979,
  "w0_layer3.0.conv1_msr": 1.0,
  "gnorm_w0_layer3.0.conv1": 0.6311920710998361,
  "w0_linear_hfer0.5": 0.7036786603313502,
  "w0_linear_hfer0.6": 0.5848895418651519,
  "w0_linear_hfer0.7": 0.4500492418433391,
  "w0_linear_hfer0.6_hann": 0.5788851293360611,
  "w0_linear_msr": 1.0,
  "gnorm_w0_linear": 0.48862307159304674,
  "w1_conv1_hfer0.5": 0.5219294836727374,
  "w1_conv1_hfer0.6": 0.416447064824132,
  "w1_conv1_hfer0.7": 0.31308745661742493,
  "w1_conv1_hfer0.6_hann": 0.4188353258782715,
  "w1_conv1_msr": 1.0,
  "gnorm_w1_conv1": 0.2174099444996059,
  "w1_layer2.0.conv1_hfer0.5": 0.5106529000443398,
  "w1_layer2.0.conv1_hfer0.6": 0.4080393671540197,
  "w1_layer2.0.conv1_hfer0.7": 0.306562578346023,
  "w1_layer2.0.conv1_hfer0.6_hann": 0.40825250455924184,
  "w1_layer2.0.conv1_msr": 1.0,
  "gnorm_w1_layer2.0.conv1": 0.21201152344274063,
  "w1_layer3.0.conv1_hfer0.5": 0.5063532445288065,
  "w1_layer3.0.conv1_hfer0.6": 0.4046950394805117,
  "w1_layer3.0.conv1_hfer0.7": 0.3039299374451899,
  "w1_layer3.0.conv1_hfer0.6_hann": 0.40454612998175227,
  "w1_layer3.0.conv1_msr": 1.0,
  "gnorm_w1_layer3.0.conv1": 0.40817141308959354,
  "w1_linear_hfer0.5": 0.5638596554788309,
  "w1_linear_hfer0.6": 0.44968401586476964,
  "w1_linear_hfer0.7": 0.3356029650906733,
  "w1_linear_hfer0.6_hann": 0.4496444920064551,
  "w1_linear_msr": 1.0,
  "gnorm_w1_linear": 0.1823188382570402,
  "w2_conv1_hfer0.5": 0.506841747653837,
  "w2_conv1_hfer0.6": 0.3987659388373835,
  "w2_conv1_hfer0.7": 0.3025030903089118,
  "w2_conv1_hfer0.6_hann": 0.39326814797898424,
  "w2_conv1_msr": 1.0,
  "gnorm_w2_conv1": 0.05447046401828631,
  "w2_layer2.0.conv1_hfer0.5": 0.5037744644824937,
  "w2_layer2.0.conv1_hfer0.6": 0.40077557919862483,
  "w2_layer2.0.conv1_hfer0.7": 0.3007570853647882,
  "w2_layer2.0.conv1_hfer0.6_hann": 0.39810347761906045,
  "w2_layer2.0.conv1_msr": 1.0,
  "gnorm_w2_layer2.0.conv1": 0.054342359398967525,
  "w2_layer3.0.conv1_hfer0.5": 0.5028415898771648,
  "w2_layer3.0.conv1_hfer0.6": 0.40068715701818586,
  "w2_layer3.0.conv1_hfer0.7": 0.30121626119198425,
  "w2_layer3.0.conv1_hfer0.6_hann": 0.39998527121612226,
  "w2_layer3.0.conv1_msr": 1.0,
  "gnorm_w2_layer3.0.conv1": 0.10682041303441461,
  "w2_linear_hfer0.5": 0.5224011849234353,
  "w2_linear_hfer0.6": 0.406468185283798,
  "w2_linear_hfer0.7": 0.30652040997832186,
  "w2_linear_hfer0.6_hann": 0.4007587581018103,
  "w2_linear_msr": 1.0,
  "gnorm_w2_linear": 0.038333805545471555,
  "shfer_w0_all": 0.43547417655171056,
  "shfer_w0_stem": 0.49508154116119174,
  "shfer_w0_layer1": 0.45667915185431757,
  "shfer_w0_layer2": 0.4309094062722176,
  "shfer_w0_layer3": 0.41698452872643677,
  "shfer_w0_layer4": 0.4274828953985276,
  "shfer_w0_head": 0.5865769604878888,
  "shfer_w1_all": 0.4048358057605168,
  "shfer_w1_stem": 0.41843137985827733,
  "shfer_w1_layer1": 0.40931768313252054,
  "shfer_w1_layer2": 0.40649457286497886,
  "shfer_w1_layer3": 0.4036346648421086,
  "shfer_w1_layer4": 0.4060249745708802,
  "shfer_w1_head": 0.45154685016502355,
  "shfer_w2_all": 0.4006413375373063,
  "shfer_w2_stem": 0.39704386291398464,
  "shfer_w2_layer1": 0.3969452211621138,
  "shfer_w2_layer2": 0.40230291582118055,
  "shfer_w2_layer3": 0.39849551646516634,
  "shfer_w2_layer4": 0.40055065220451413,
  "shfer_w2_head": 0.40498200899068015
}