{
  "diverged": false,
  "n_steps": 10000,
  "spikes": 812,
  "train_loss_tail": 0.017353333493461832,
  "val_loss": 1.2373052978515624,
  "val_acc": 0.7876,
  "lam_tail": 3.44948410987854,
  "chi_tail": 1.379793643951416,
  "sharpness_threshold": 7.5,
  "secs": 820.7,
  "hfer_w1_mid": 0.39752806316641376,
  "raw_paths": "",
  "w0_conv1_hfer0.5": 0.4915190195625413,
  "w0_conv1_hfer0.6": 0.3836969955712785,
  "w0_conv1_hfer0.7": 0.2873189727663662,
  "w0_conv1_hfer0.6_hann": 0.39078840837250944,
  "w0_conv1_msr": 0.5051042261690426,
  "gnorm_w0_conv1": 0.1830307547327973,
  "w0_layer2.0.conv1_hfer0.5": 0.4975177375497069,
  "w0_layer2.0.conv1_hfer0.6": 0.3963799213820764,
  "w0_layer2.0.conv1_hfer0.7": 0.2984196247016783,
  "w0_layer2.0.conv1_hfer0.6_hann": 0.3969454934642913,
  "w0_layer2.0.conv1_msr": 0.5042710736871955,
  "gnorm_w0_layer2.0.conv1": 0.11302473671090298,
  "w0_layer3.0.conv1_hfer0.5": 0.4985485014259574,
  "w0_layer3.0.conv1_hfer0.6": 0.39752806316641376,
  "w0_layer3.0.conv1_hfer0.7": 0.29857123464095287,
  "w0_layer3.0.conv1_hfer0.6_hann": 0.3978250796343511,
  "w0_layer3.0.conv1_msr": 0.5044351359890518,
  "gnorm_w0_layer3.0.conv1": 0.20358714414390597,
  "w0_linear_hfer0.5": 0.4927981404919471,
  "w0_linear_hfer0.6": 0.39007525440118207,
  "w0_linear_hfer0.7": 0.2841815417209129,
  "w0_linear_hfer0.6_hann": 0.38444180445206766,
  "w0_linear_msr": 0.5076863171372438,
  "gnorm_w0_linear": 0.15825129375830532
}