{
  "diverged": false,
  "n_steps": 10000,
  "spikes": 1150,
  "train_loss_tail": 0.008951969654473941,
  "val_loss": 1.0630151428222656,
  "val_acc": 0.8276,
  "lam_tail": 7.4001874923706055,
  "chi_tail": 0.0592014999389649,
  "sharpness_threshold": 497.49999999999955,
  "secs": 806.2,
  "hfer_w1_mid": 0.3935503390234842,
  "raw_paths": "",
  "w0_conv1_hfer0.5": 0.4717546904800982,
  "w0_conv1_hfer0.6": 0.3756187595835892,
  "w0_conv1_hfer0.7": 0.2852401279098625,
  "w0_conv1_hfer0.6_hann": 0.373869970579656,
  "w0_conv1_msr": 0.31428698946930594,
  "gnorm_w0_conv1": 0.12061153416886708,
  "w0_layer2.0.conv1_hfer0.5": 0.48902410142366787,
  "w0_layer2.0.conv1_hfer0.6": 0.38995770476899194,
  "w0_layer2.0.conv1_hfer0.7": 0.29322372157702375,
  "w0_layer2.0.conv1_hfer0.6_hann": 0.39103335701025316,
  "w0_layer2.0.conv1_msr": 0.3088744528098308,
  "gnorm_w0_layer2.0.conv1": 0.11598034718374517,
  "w0_layer3.0.conv1_hfer0.5": 0.49332241177575714,
  "w0_layer3.0.conv1_hfer0.6": 0.3935503390234842,
  "w0_layer3.0.conv1_hfer0.7": 0.29559080107211033,
  "w0_layer3.0.conv1_hfer0.6_hann": 0.3945334965089192,
  "w0_layer3.0.conv1_msr": 0.3080343421842757,
  "gnorm_w0_layer3.0.conv1": 0.23711966739870008,
  "w0_linear_hfer0.5": 0.44156601907902193,
  "w0_linear_hfer0.6": 0.35380622803421724,
  "w0_linear_hfer0.7": 0.26546693116322223,
  "w0_linear_hfer0.6_hann": 0.3526414317645506,
  "w0_linear_msr": 0.3034876734617902,
  "gnorm_w0_linear": 0.1278776364849592
}