{
  "diverged": false,
  "n_steps": 10000,
  "spikes": 125,
  "train_loss_tail": 0.06369480303488671,
  "val_loss": 1.2866427368164062,
  "val_acc": 0.7566,
  "lam_tail": 0.6140692234039307,
  "chi_tail": 0.3930043029785156,
  "sharpness_threshold": 5.937500000000001,
  "secs": 819.5,
  "hfer_w1_mid": 0.38859647161633687,
  "raw_paths": "",
  "w0_conv1_hfer0.5": 0.44641508228218163,
  "w0_conv1_hfer0.6": 0.3609579335786143,
  "w0_conv1_hfer0.7": 0.2781211322673693,
  "w0_conv1_hfer0.6_hann": 0.35603358424555254,
  "w0_conv1_msr": 0.32333171876398215,
  "gnorm_w0_conv1": 0.04066379377033174,
  "w0_layer2.0.conv1_hfer0.5": 0.4601626343612363,
  "w0_layer2.0.conv1_hfer0.6": 0.36925619723138536,
  "w0_layer2.0.conv1_hfer0.7": 0.2776866552764272,
  "w0_layer2.0.conv1_hfer0.6_hann": 0.372187186090321,
  "w0_layer2.0.conv1_msr": 0.32138422470373845,
  "gnorm_w0_layer2.0.conv1": 0.08029295155625096,
  "w0_layer3.0.conv1_hfer0.5": 0.48614917588602546,
  "w0_layer3.0.conv1_hfer0.6": 0.38859647161633687,
  "w0_layer3.0.conv1_hfer0.7": 0.29186258303065027,
  "w0_layer3.0.conv1_hfer0.6_hann": 0.3896144405835178,
  "w0_layer3.0.conv1_msr": 0.3215149707790319,
  "gnorm_w0_layer3.0.conv1": 0.1724009164834623,
  "w0_linear_hfer0.5": 0.34155687874780055,
  "w0_linear_hfer0.6": 0.27087803719759895,
  "w0_linear_hfer0.7": 0.2017873218301692,
  "w0_linear_hfer0.6_hann": 0.27221621703949983,
  "w0_linear_msr": 0.32242091664753225,
  "gnorm_w0_linear": 0.10921009530369301
}