{
  "diverged": false,
  "n_steps": 10000,
  "spikes": 5,
  "train_loss_tail": 0.5665253399014473,
  "val_loss": 0.9342562744140624,
  "val_acc": 0.7074,
  "lam_tail": 0.6462728977203369,
  "chi_tail": 2.068073272705078,
  "sharpness_threshold": 0.625,
  "secs": 1249.9,
  "hfer_w1_mid": 0.6116077937123826,
  "raw_paths": "",
  "w0_conv1_hfer0.5": 0.6536683059367443,
  "w0_conv1_hfer0.6": 0.5476606753801698,
  "w0_conv1_hfer0.7": 0.4336929932994908,
  "w0_conv1_hfer0.6_hann": 0.5323631108390382,
  "w0_conv1_msr": 1.0,
  "gnorm_w0_conv1": 0.11689617423200648,
  "w0_layer2.0.conv1_hfer0.5": 0.7137600734771482,
  "w0_layer2.0.conv1_hfer0.6": 0.62099960862017,
  "w0_layer2.0.conv1_hfer0.7": 0.5202153896700481,
  "w0_layer2.0.conv1_hfer0.6_hann": 0.6151446304204874,
  "w0_layer2.0.conv1_msr": 1.0,
  "gnorm_w0_layer2.0.conv1": 0.06810952884434979,
  "w0_layer3.0.conv1_hfer0.5": 0.7601433697814157,
  "w0_layer3.0.conv1_hfer0.6": 0.6769082619795107,
  "w0_layer3.0.conv1_hfer0.7": 0.5816451268019946,
  "w0_layer3.0.conv1_hfer0.6_hann": 0.6903316843395655,
  "w0_layer3.0.conv1_msr": 1.0,
  "gnorm_w0_layer3.0.conv1": 0.029661216445030763,
  "w0_linear_hfer0.5": 0.7802385704358741,
  "w0_linear_hfer0.6": 0.6808961284945131,
  "w0_linear_hfer0.7": 0.5633706055177363,
  "w0_linear_hfer0.6_hann": 0.6800181550612734,
  "w0_linear_msr": 1.0,
  "gnorm_w0_linear": 0.14627696159544656,
  "w1_conv1_hfer0.5": 0.659181886925072,
  "w1_conv1_hfer0.6": 0.5551686863052337,
  "w1_conv1_hfer0.7": 0.44118181009971635,
  "w1_conv1_hfer0.6_hann": 0.5584081119263263,
  "w1_conv1_msr": 1.0,
  "gnorm_w1_conv1": 0.12765647426267668,
  "w1_layer2.0.conv1_hfer0.5": 0.6845005825822699,
  "w1_layer2.0.conv1_hfer0.6": 0.5952204967614977,
  "w1_layer2.0.conv1_hfer0.7": 0.48874752375566677,
  "w1_layer2.0.conv1_hfer0.6_hann": 0.597512974236769,
  "w1_layer2.0.conv1_msr": 1.0,
  "gnorm_w1_layer2.0.conv1": 0.13922814702753927,
  "w1_layer3.0.conv1_hfer0.5": 0.700127281499994,
  "w1_layer3.0.conv1_hfer0.6": 0.6116077937123826,
  "w1_layer3.0.conv1_hfer0.7": 0.505232372222153,
  "w1_layer3.0.conv1_hfer0.6_hann": 0.6104394793491094,
  "w1_layer3.0.conv1_msr": 1.0,
  "gnorm_w1_layer3.0.conv1": 0.10367538683790639,
  "w1_linear_hfer0.5": 0.7864251683381428,
  "w1_linear_hfer0.6": 0.6975741958938088,
  "w1_linear_hfer0.7": 0.5720738204416919,
  "w1_linear_hfer0.6_hann": 0.692069131239059,
  "w1_linear_msr": 1.0,
  "gnorm_w1_linear": 0.13872738288993441,
  "w2_conv1_hfer0.5": 0.6146100661098574,
  "w2_conv1_hfer0.6": 0.508694723849105,
  "w2_conv1_hfer0.7": 0.3965722195593612,
  "w2_conv1_hfer0.6_hann": 0.5098414767428018,
  "w2_conv1_msr": 1.0,
  "gnorm_w2_conv1": 0.11875013547896754,
  "w2_layer2.0.conv1_hfer0.5": 0.6303549556133755,
  "w2_layer2.0.conv1_hfer0.6": 0.5359101817224331,
  "w2_layer2.0.conv1_hfer0.7": 0.429085403689401,
  "w2_layer2.0.conv1_hfer0.6_hann": 0.5348681813532746,
  "w2_layer2.0.conv1_msr": 1.0,
  "gnorm_w2_layer2.0.conv1": 0.1566469760117589,
  "w2_layer3.0.conv1_hfer0.5": 0.6062371737453076,
  "w2_layer3.0.conv1_hfer0.6": 0.5077658268407141,
  "w2_layer3.0.conv1_hfer0.7": 0.40130514902714154,
  "w2_layer3.0.conv1_hfer0.6_hann": 0.5124765141420159,
  "w2_layer3.0.conv1_msr": 1.0,
  "gnorm_w2_layer3.0.conv1": 0.17465829666057187,
  "w2_linear_hfer0.5": 0.7923059912807195,
  "w2_linear_hfer0.6": 0.7016306522330316,
  "w2_linear_hfer0.7": 0.5813946829619844,
  "w2_linear_hfer0.6_hann": 0.7070503485475048,
  "w2_linear_msr": 1.0,
  "gnorm_w2_linear": 0.11357606515618499,
  "shfer_w0_all": 0.7079014982003223,
  "shfer_w0_stem": 0.5792455996172383,
  "shfer_w0_layer1": 0.6123604726691877,
  "shfer_w0_layer2": 0.6762838136218426,
  "shfer_w0_layer3": 0.7389890008502593,
  "shfer_w0_layer4": 0.7977320043447712,
  "shfer_w0_head": 0.693846725476738,
  "shfer_w1_all": 0.6752544984289524,
  "shfer_w1_stem": 0.5811040097319088,
  "shfer_w1_layer1": 0.6003267069459618,
  "shfer_w1_layer2": 0.6491488157285749,
  "shfer_w1_layer3": 0.6491928988616728,
  "shfer_w1_layer4": 0.755388471608249,
  "shfer_w1_head": 0.7325081438027312,
  "shfer_w2_all": 0.5941985183348055,
  "shfer_w2_stem": 0.527516684426116,
  "shfer_w2_layer1": 0.5441124798195279,
  "shfer_w2_layer2": 0.5587410038879634,
  "shfer_w2_layer3": 0.5334129050275738,
  "shfer_w2_layer4": 0.696629976102736,
  "shfer_w2_head": 0.7361626521463611
}