{
  "diverged": false,
  "n_steps": 10000,
  "spikes": 1371,
  "train_loss_tail": 0.00014014645585666585,
  "val_loss": 0.8883893920898438,
  "val_acc": 0.8479,
  "lam_tail": 0.5559878349304199,
  "chi_tail": 0.005559878349304204,
  "sharpness_threshold": 389.9999999999996,
  "secs": 1227.3,
  "hfer_w1_mid": 0.3968300337735506,
  "raw_paths": "",
  "w0_conv1_hfer0.5": 0.45471961748379136,
  "w0_conv1_hfer0.6": 0.3624508290687271,
  "w0_conv1_hfer0.7": 0.27283142228355906,
  "w0_conv1_hfer0.6_hann": 0.3617880413730955,
  "w0_conv1_msr": 0.0007666104964210592,
  "gnorm_w0_conv1": 0.3748657895473427,
  "w0_layer2.0.conv1_hfer0.5": 0.4766056389235761,
  "w0_layer2.0.conv1_hfer0.6": 0.3809572920861509,
  "w0_layer2.0.conv1_hfer0.7": 0.28660592676816377,
  "w0_layer2.0.conv1_hfer0.6_hann": 0.3832350804221546,
  "w0_layer2.0.conv1_msr": 0.0007667700738020197,
  "gnorm_w0_layer2.0.conv1": 0.37621068424806964,
  "w0_layer3.0.conv1_hfer0.5": 0.48327384094026554,
  "w0_layer3.0.conv1_hfer0.6": 0.3862259624147469,
  "w0_layer3.0.conv1_hfer0.7": 0.2903515904753678,
  "w0_layer3.0.conv1_hfer0.6_hann": 0.38785228631666796,
  "w0_layer3.0.conv1_msr": 0.0007662861929911656,
  "gnorm_w0_layer3.0.conv1": 0.6223095407367564,
  "w0_linear_hfer0.5": 0.353913476422397,
  "w0_linear_hfer0.6": 0.28224911325755714,
  "w0_linear_hfer0.7": 0.21334367361693557,
  "w0_linear_hfer0.6_hann": 0.30139838529064644,
  "w0_linear_msr": 0.0007743903053877818,
  "gnorm_w0_linear": 0.6113369207533528,
  "w1_conv1_hfer0.5": 0.482217403141578,
  "w1_conv1_hfer0.6": 0.38514674724821935,
  "w1_conv1_hfer0.7": 0.2909056707720882,
  "w1_conv1_hfer0.6_hann": 0.38319508160477544,
  "w1_conv1_msr": 0.0007676782454475092,
  "gnorm_w1_conv1": 0.19561754986931834,
  "w1_layer2.0.conv1_hfer0.5": 0.4934270561060586,
  "w1_layer2.0.conv1_hfer0.6": 0.3940486265406297,
  "w1_layer2.0.conv1_hfer0.7": 0.29647372305125574,
  "w1_layer2.0.conv1_hfer0.6_hann": 0.3937359942871909,
  "w1_layer2.0.conv1_msr": 0.0007673405667232496,
  "gnorm_w1_layer2.0.conv1": 0.2105489540158295,
  "w1_layer3.0.conv1_hfer0.5": 0.4962076791490772,
  "w1_layer3.0.conv1_hfer0.6": 0.3968300337735506,
  "w1_layer3.0.conv1_hfer0.7": 0.2982617272683373,
  "w1_layer3.0.conv1_hfer0.6_hann": 0.3961824812037141,
  "w1_layer3.0.conv1_msr": 0.0007675741173803614,
  "gnorm_w1_layer3.0.conv1": 0.3905959465587883,
  "w1_linear_hfer0.5": 0.45049624901143936,
  "w1_linear_hfer0.6": 0.3568549902307613,
  "w1_linear_hfer0.7": 0.2680836576823147,
  "w1_linear_hfer0.6_hann": 0.350610168636557,
  "w1_linear_msr": 0.0007806688938322292,
  "gnorm_w1_linear": 0.19850678433150323,
  "w2_conv1_hfer0.5": 0.5043080132410149,
  "w2_conv1_hfer0.6": 0.4003095777987586,
  "w2_conv1_hfer0.7": 0.30163248471359294,
  "w2_conv1_hfer0.6_hann": 0.3977274251918061,
  "w2_conv1_msr": 0.0007687480859891488,
  "gnorm_w2_conv1": 0.03696922853300902,
  "w2_layer2.0.conv1_hfer0.5": 0.49962620641756944,
  "w2_layer2.0.conv1_hfer0.6": 0.3996691381918925,
  "w2_layer2.0.conv1_hfer0.7": 0.2998983663267668,
  "w2_layer2.0.conv1_hfer0.6_hann": 0.39896172309551525,
  "w2_layer2.0.conv1_msr": 0.0007700052542945534,
  "gnorm_w2_layer2.0.conv1": 0.03986248105854788,
  "w2_layer3.0.conv1_hfer0.5": 0.4997769635683874,
  "w2_layer3.0.conv1_hfer0.6": 0.3996358627195723,
  "w2_layer3.0.conv1_hfer0.7": 0.2998316314045628,
  "w2_layer3.0.conv1_hfer0.6_hann": 0.3997958574249504,
  "w2_layer3.0.conv1_msr": 0.0007707719041050573,
  "gnorm_w2_layer3.0.conv1": 0.0734238896545482,
  "w2_linear_hfer0.5": 0.5084043899449205,
  "w2_linear_hfer0.6": 0.40767018406480565,
  "w2_linear_hfer0.7": 0.30801884564191334,
  "w2_linear_hfer0.6_hann": 0.39392897329349613,
  "w2_linear_msr": 0.0007641266752786781,
  "gnorm_w2_linear": 0.03016969024984658,
  "shfer_w0_all": 0.3737272325727751,
  "shfer_w0_stem": 0.3619844977121456,
  "shfer_w0_layer1": 0.37446460141685106,
  "shfer_w0_layer2": 0.3823860196874763,
  "shfer_w0_layer3": 0.38771351254131514,
  "shfer_w0_layer4": 0.3800010091447253,
  "shfer_w0_head": 0.27866325564743916,
  "shfer_w1_all": 0.39600948345859055,
  "shfer_w1_stem": 0.3873745014402752,
  "shfer_w1_layer1": 0.3928059319738741,
  "shfer_w1_layer2": 0.3935986447485301,
  "shfer_w1_layer3": 0.39806026517358206,
  "shfer_w1_layer4": 0.39777014563108026,
  "shfer_w1_head": 0.35784276024291595,
  "shfer_w2_all": 0.401583791407121,
  "shfer_w2_stem": 0.4007050496920476,
  "shfer_w2_layer1": 0.39868464026995104,
  "shfer_w2_layer2": 0.3993147584202132,
  "shfer_w2_layer3": 0.40096074157559397,
  "shfer_w2_layer4": 0.4012077412314982,
  "shfer_w2_head": 0.40723360625535726
}