{
  "diverged": false,
  "n_steps": 10000,
  "spikes": 83,
  "train_loss_tail": 0.06270775624737143,
  "val_loss": 1.6139478759765624,
  "val_acc": 0.6921,
  "lam_tail": 0.8340687155723572,
  "chi_tail": 1.3345099449157716,
  "sharpness_threshold": 1.875,
  "secs": 1289.4,
  "hfer_w1_mid": 0.392812776489687,
  "raw_paths": "",
  "w0_conv1_hfer0.5": 0.49954221674885096,
  "w0_conv1_hfer0.6": 0.3894488204296287,
  "w0_conv1_hfer0.7": 0.2910522201418723,
  "w0_conv1_hfer0.6_hann": 0.39414226781024647,
  "w0_conv1_msr": 0.12652246683320176,
  "gnorm_w0_conv1": 0.03465762359690535,
  "w0_layer2.0.conv1_hfer0.5": 0.5085347183850851,
  "w0_layer2.0.conv1_hfer0.6": 0.3993753099930668,
  "w0_layer2.0.conv1_hfer0.7": 0.3015103123020292,
  "w0_layer2.0.conv1_hfer0.6_hann": 0.40232807780720015,
  "w0_layer2.0.conv1_msr": 0.12598437489790756,
  "gnorm_w0_layer2.0.conv1": 0.02483090939203459,
  "w0_layer3.0.conv1_hfer0.5": 0.5022519161022656,
  "w0_layer3.0.conv1_hfer0.6": 0.39166474028731807,
  "w0_layer3.0.conv1_hfer0.7": 0.2902986073973419,
  "w0_layer3.0.conv1_hfer0.6_hann": 0.3938827257631322,
  "w0_layer3.0.conv1_msr": 0.12647584224861017,
  "gnorm_w0_layer3.0.conv1": 0.1291337441827361,
  "w0_linear_hfer0.5": 0.5167596049888811,
  "w0_linear_hfer0.6": 0.39506236730861605,
  "w0_linear_hfer0.7": 0.2900307059672733,
  "w0_linear_hfer0.6_hann": 0.39020477206651205,
  "w0_linear_msr": 0.12673462198864985,
  "gnorm_w0_linear": 0.15395447275925533,
  "w1_conv1_hfer0.5": 0.497518767359682,
  "w1_conv1_hfer0.6": 0.3925396737669603,
  "w1_conv1_hfer0.7": 0.28733362517320493,
  "w1_conv1_hfer0.6_hann": 0.3810606491779847,
  "w1_conv1_msr": 0.1268148014716661,
  "gnorm_w1_conv1": 0.056596034230397704,
  "w1_layer2.0.conv1_hfer0.5": 0.5009063566937086,
  "w1_layer2.0.conv1_hfer0.6": 0.39901643106200185,
  "w1_layer2.0.conv1_hfer0.7": 0.2988605113833258,
  "w1_layer2.0.conv1_hfer0.6_hann": 0.39636148227463114,
  "w1_layer2.0.conv1_msr": 0.12610464095894947,
  "gnorm_w1_layer2.0.conv1": 0.026605369419387598,
  "w1_layer3.0.conv1_hfer0.5": 0.49523772565401963,
  "w1_layer3.0.conv1_hfer0.6": 0.392812776489687,
  "w1_layer3.0.conv1_hfer0.7": 0.2920812458468247,
  "w1_layer3.0.conv1_hfer0.6_hann": 0.3938760486798267,
  "w1_layer3.0.conv1_msr": 0.1264229140624063,
  "gnorm_w1_layer3.0.conv1": 0.14763858308335118,
  "w1_linear_hfer0.5": 0.5096577480841699,
  "w1_linear_hfer0.6": 0.39365374444009243,
  "w1_linear_hfer0.7": 0.2865431549182564,
  "w1_linear_hfer0.6_hann": 0.3889197333540191,
  "w1_linear_msr": 0.12697861114299008,
  "gnorm_w1_linear": 0.1376147040698251,
  "w2_conv1_hfer0.5": 0.49100396614750064,
  "w2_conv1_hfer0.6": 0.3917301934509732,
  "w2_conv1_hfer0.7": 0.2979788444215948,
  "w2_conv1_hfer0.6_hann": 0.39043341469575954,
  "w2_conv1_msr": 0.12584461508901298,
  "gnorm_w2_conv1": 0.043404812234358145,
  "w2_layer2.0.conv1_hfer0.5": 0.5000146544438259,
  "w2_layer2.0.conv1_hfer0.6": 0.3984638537204532,
  "w2_layer2.0.conv1_hfer0.7": 0.3005802852884924,
  "w2_layer2.0.conv1_hfer0.6_hann": 0.4032301705642333,
  "w2_layer2.0.conv1_msr": 0.12598689182360517,
  "gnorm_w2_layer2.0.conv1": 0.023498087700070194,
  "w2_layer3.0.conv1_hfer0.5": 0.4970894121861191,
  "w2_layer3.0.conv1_hfer0.6": 0.39612723629702096,
  "w2_layer3.0.conv1_hfer0.7": 0.2971046827620325,
  "w2_layer3.0.conv1_hfer0.6_hann": 0.3958455411147999,
  "w2_layer3.0.conv1_msr": 0.12611885265451656,
  "gnorm_w2_layer3.0.conv1": 0.11321982461865758,
  "w2_linear_hfer0.5": 0.4990596930924662,
  "w2_linear_hfer0.6": 0.3894814643417123,
  "w2_linear_hfer0.7": 0.2859332259458578,
  "w2_linear_hfer0.6_hann": 0.3809978249752693,
  "w2_linear_msr": 0.12681068432955125,
  "gnorm_w2_linear": 0.08654998939757683,
  "shfer_w0_all": 0.39603697108479047,
  "shfer_w0_stem": 0.3920149522919624,
  "shfer_w0_layer1": 0.39731519092943157,
  "shfer_w0_layer2": 0.3968170243720838,
  "shfer_w0_layer3": 0.3917335221973136,
  "shfer_w0_layer4": 0.39827241814610775,
  "shfer_w0_head": 0.3929556186694102,
  "shfer_w1_all": 0.3956482818657229,
  "shfer_w1_stem": 0.39503498814672505,
  "shfer_w1_layer1": 0.3980722396370549,
  "shfer_w1_layer2": 0.3933069427017599,
  "shfer_w1_layer3": 0.39525595738165814,
  "shfer_w1_layer4": 0.3960105559580498,
  "shfer_w1_head": 0.39498213550770167,
  "shfer_w2_all": 0.40007004983188355,
  "shfer_w2_stem": 0.3910265366759798,
  "shfer_w2_layer1": 0.39550567705155665,
  "shfer_w2_layer2": 0.39579651956176354,
  "shfer_w2_layer3": 0.4003308443059826,
  "shfer_w2_layer4": 0.3986465056192673,
  "shfer_w2_head": 0.3916752483244047
}