{
  "diverged": false,
  "n_steps": 10000,
  "spikes": 998,
  "train_loss_tail": 0.014510132795956452,
  "val_loss": 1.1752815307617188,
  "val_acc": 0.8014,
  "lam_tail": 4.706780910491943,
  "chi_tail": 1.8827123641967773,
  "sharpness_threshold": 7.5,
  "secs": 815.7,
  "hfer_w1_mid": 0.3997514337505205,
  "raw_paths": "",
  "w0_conv1_hfer0.5": 0.4938886341699139,
  "w0_conv1_hfer0.6": 0.3928447379009613,
  "w0_conv1_hfer0.7": 0.2934764195505418,
  "w0_conv1_hfer0.6_hann": 0.39740459816536633,
  "w0_conv1_msr": 0.5057152788476379,
  "gnorm_w0_conv1": 0.1886680739134383,
  "w0_layer2.0.conv1_hfer0.5": 0.4995853692530262,
  "w0_layer2.0.conv1_hfer0.6": 0.3986376581130507,
  "w0_layer2.0.conv1_hfer0.7": 0.29947160404427053,
  "w0_layer2.0.conv1_hfer0.6_hann": 0.39916777662665914,
  "w0_layer2.0.conv1_msr": 0.5047327263105563,
  "gnorm_w0_layer2.0.conv1": 0.10424731758113773,
  "w0_layer3.0.conv1_hfer0.5": 0.5008797254473585,
  "w0_layer3.0.conv1_hfer0.6": 0.3997514337505205,
  "w0_layer3.0.conv1_hfer0.7": 0.30015201584447293,
  "w0_layer3.0.conv1_hfer0.6_hann": 0.3998996868658163,
  "w0_layer3.0.conv1_msr": 0.5045593579178319,
  "gnorm_w0_layer3.0.conv1": 0.22938874423124359,
  "w0_linear_hfer0.5": 0.49715149183207286,
  "w0_linear_hfer0.6": 0.3920943941083592,
  "w0_linear_hfer0.7": 0.2907013578888368,
  "w0_linear_hfer0.6_hann": 0.3908219828687616,
  "w0_linear_msr": 0.5061642236337803,
  "gnorm_w0_linear": 0.11936616248681911
}