{
  "diverged": false,
  "n_steps": 10000,
  "spikes": 424,
  "train_loss_tail": 0.001430178070673719,
  "val_loss": 2.2944041015625,
  "val_acc": 0.5715,
  "lam_tail": 1.5423988103866577,
  "chi_tail": 0.003084797620773318,
  "sharpness_threshold": 1989.9999999999982,
  "secs": 1257.0,
  "hfer_w1_mid": 0.39325497161137474,
  "raw_paths": "",
  "w0_conv1_hfer0.5": 0.3758980378143336,
  "w0_conv1_hfer0.6": 0.29832239106046604,
  "w0_conv1_hfer0.7": 0.22198077438205563,
  "w0_conv1_hfer0.6_hann": 0.31957803856847544,
  "w0_conv1_msr": 3.0399819963933786e-05,
  "gnorm_w0_conv1": 0.7214933633984277,
  "w0_layer2.0.conv1_hfer0.5": 0.4462697156569936,
  "w0_layer2.0.conv1_hfer0.6": 0.3561402046332256,
  "w0_layer2.0.conv1_hfer0.7": 0.26741301062900547,
  "w0_layer2.0.conv1_hfer0.6_hann": 0.3600853812862215,
  "w0_layer2.0.conv1_msr": 3.0588883799418645e-05,
  "gnorm_w0_layer2.0.conv1": 0.44972389329172324,
  "w0_layer3.0.conv1_hfer0.5": 0.4687498326950174,
  "w0_layer3.0.conv1_hfer0.6": 0.3744818725094389,
  "w0_layer3.0.conv1_hfer0.7": 0.28112383753790005,
  "w0_layer3.0.conv1_hfer0.6_hann": 0.37617795820372024,
  "w0_layer3.0.conv1_msr": 3.055603428138037e-05,
  "gnorm_w0_layer3.0.conv1": 0.7541097937380064,
  "w0_linear_hfer0.5": 0.4325897001918747,
  "w0_linear_hfer0.6": 0.34489131518938587,
  "w0_linear_hfer0.7": 0.25850298062422583,
  "w0_linear_hfer0.6_hann": 0.34764120736266907,
  "w0_linear_msr": 3.056741984236344e-05,
  "gnorm_w0_linear": 1.4153545420564821,
  "w1_conv1_hfer0.5": 0.4482446751014327,
  "w1_conv1_hfer0.6": 0.3551952268704888,
  "w1_conv1_hfer0.7": 0.26871150798169047,
  "w1_conv1_hfer0.6_hann": 0.3690607441410902,
  "w1_conv1_msr": 3.0440290654939766e-05,
  "gnorm_w1_conv1": 0.26240346501474515,
  "w1_layer2.0.conv1_hfer0.5": 0.4855720513991066,
  "w1_layer2.0.conv1_hfer0.6": 0.38778427314674174,
  "w1_layer2.0.conv1_hfer0.7": 0.2909850241831,
  "w1_layer2.0.conv1_hfer0.6_hann": 0.3912809549015018,
  "w1_layer2.0.conv1_msr": 3.1114100395039566e-05,
  "gnorm_w1_layer2.0.conv1": 0.21590438541445803,
  "w1_layer3.0.conv1_hfer0.5": 0.4924448525267733,
  "w1_layer3.0.conv1_hfer0.6": 0.39325497161137474,
  "w1_layer3.0.conv1_hfer0.7": 0.2952678541772322,
  "w1_layer3.0.conv1_hfer0.6_hann": 0.3947773300534466,
  "w1_layer3.0.conv1_msr": 3.1010835819428476e-05,
  "gnorm_w1_layer3.0.conv1": 0.44381036777071137,
  "w1_linear_hfer0.5": 0.46703979724109895,
  "w1_linear_hfer0.6": 0.37355566826738784,
  "w1_linear_hfer0.7": 0.2791872249350696,
  "w1_linear_hfer0.6_hann": 0.3776794547060642,
  "w1_linear_msr": 3.1351930665016066e-05,
  "gnorm_w1_linear": 0.4236644478694698,
  "w2_conv1_hfer0.5": 0.5031571776324413,
  "w2_conv1_hfer0.6": 0.4007244856583573,
  "w2_conv1_hfer0.7": 0.30069619104578427,
  "w2_conv1_hfer0.6_hann": 0.40147620354529073,
  "w2_conv1_msr": 3.454942691561021e-05,
  "gnorm_w2_conv1": 0.017820761150816735,
  "w2_layer2.0.conv1_hfer0.5": 0.501482449408892,
  "w2_layer2.0.conv1_hfer0.6": 0.4009361610189079,
  "w2_layer2.0.conv1_hfer0.7": 0.30073365307951944,
  "w2_layer2.0.conv1_hfer0.6_hann": 0.4008263380867559,
  "w2_layer2.0.conv1_msr": 3.2223240409700285e-05,
  "gnorm_w2_layer2.0.conv1": 0.016132998467047906,
  "w2_layer3.0.conv1_hfer0.5": 0.5009828901119793,
  "w2_layer3.0.conv1_hfer0.6": 0.40017446452007627,
  "w2_layer3.0.conv1_hfer0.7": 0.3003516680420008,
  "w2_layer3.0.conv1_hfer0.6_hann": 0.39973908605843034,
  "w2_layer3.0.conv1_msr": 3.233843464605293e-05,
  "gnorm_w2_layer3.0.conv1": 0.03470416448184188,
  "w2_linear_hfer0.5": 0.49823881757788613,
  "w2_linear_hfer0.6": 0.39861441267798703,
  "w2_linear_hfer0.7": 0.30154918918756,
  "w2_linear_hfer0.6_hann": 0.39848125147722935,
  "w2_linear_msr": 3.2515641207562994e-05,
  "gnorm_w2_linear": 0.04438343217268553,
  "shfer_w0_all": 0.3692894720481415,
  "shfer_w0_stem": 0.29963928416009444,
  "shfer_w0_layer1": 0.33782558915564737,
  "shfer_w0_layer2": 0.35986487113811366,
  "shfer_w0_layer3": 0.377126836111924,
  "shfer_w0_layer4": 0.380462862006767,
  "shfer_w0_head": 0.3445326577288797,
  "shfer_w1_all": 0.38886017391395933,
  "shfer_w1_stem": 0.35643971149158943,
  "shfer_w1_layer1": 0.3834222854484508,
  "shfer_w1_layer2": 0.3908045519191366,
  "shfer_w1_layer3": 0.39322921570028624,
  "shfer_w1_layer4": 0.39128506442360556,
  "shfer_w1_head": 0.37417312840811295,
  "shfer_w2_all": 0.3994398687093853,
  "shfer_w2_stem": 0.40157165096687664,
  "shfer_w2_layer1": 0.4017568994426895,
  "shfer_w2_layer2": 0.40070775830656546,
  "shfer_w2_layer3": 0.40027998254282876,
  "shfer_w2_layer4": 0.40034825128438506,
  "shfer_w2_head": 0.4000488951166698
}