{
  "diverged": false,
  "n_steps": 10000,
  "spikes": 976,
  "train_loss_tail": 0.0001285879946226487,
  "val_loss": 0.8338427612304687,
  "val_acc": 0.8303,
  "lam_tail": 0.7880809903144836,
  "chi_tail": 0.003940404951572418,
  "sharpness_threshold": 760.0000000000001,
  "secs": 1307.0,
  "hfer_w1_mid": 0.39877187360125393,
  "raw_paths": "/work/02/gs26/s26001/river-valley-momentum/codebases/results/raw/grid_cifar10_bn_ema_lr0.05_b0.9_s0/w1_layer3.0.conv1_G.npz;/work/02/gs26/s26001/river-valley-momentum/codebases/results/raw/grid_cifar10_bn_ema_lr0.05_b0.9_s0/w1_linear_G.npz",
  "w0_conv1_hfer0.5": 0.4536466064229352,
  "w0_conv1_hfer0.6": 0.3607120855898687,
  "w0_conv1_hfer0.7": 0.2697747030295385,
  "w0_conv1_hfer0.6_hann": 0.3618283345018922,
  "w0_conv1_msr": 0.0032141717153144353,
  "gnorm_w0_conv1": 0.75592634979671,
  "w0_layer2.0.conv1_hfer0.5": 0.48386250664331215,
  "w0_layer2.0.conv1_hfer0.6": 0.3866631818710826,
  "w0_layer2.0.conv1_hfer0.7": 0.29012315315310905,
  "w0_layer2.0.conv1_hfer0.6_hann": 0.3878603792138043,
  "w0_layer2.0.conv1_msr": 0.003217173129339724,
  "gnorm_w0_layer2.0.conv1": 0.7706412383609315,
  "w0_layer3.0.conv1_hfer0.5": 0.4897761194639123,
  "w0_layer3.0.conv1_hfer0.6": 0.39113182296890303,
  "w0_layer3.0.conv1_hfer0.7": 0.29387328360813775,
  "w0_layer3.0.conv1_hfer0.6_hann": 0.3919841118248776,
  "w0_layer3.0.conv1_msr": 0.003214441449606839,
  "gnorm_w0_layer3.0.conv1": 1.2592486328964732,
  "w0_linear_hfer0.5": 0.40502616469733466,
  "w0_linear_hfer0.6": 0.3242994033824759,
  "w0_linear_hfer0.7": 0.24293690033670332,
  "w0_linear_hfer0.6_hann": 0.336961920584946,
  "w0_linear_msr": 0.003213620884791346,
  "gnorm_w0_linear": 0.6913406446682594,
  "w1_conv1_hfer0.5": 0.4908154692823711,
  "w1_conv1_hfer0.6": 0.3911606522539325,
  "w1_conv1_hfer0.7": 0.29483488689489556,
  "w1_conv1_hfer0.6_hann": 0.3959438405561634,
  "w1_conv1_msr": 0.003221740661649336,
  "gnorm_w1_conv1": 0.21234275865388424,
  "w1_layer2.0.conv1_hfer0.5": 0.49766351656075375,
  "w1_layer2.0.conv1_hfer0.6": 0.3977641506939368,
  "w1_layer2.0.conv1_hfer0.7": 0.29861764307789207,
  "w1_layer2.0.conv1_hfer0.6_hann": 0.39916288937363864,
  "w1_layer2.0.conv1_msr": 0.0032195080704351363,
  "gnorm_w1_layer2.0.conv1": 0.23502144160633748,
  "w1_layer3.0.conv1_hfer0.5": 0.49916844463802357,
  "w1_layer3.0.conv1_hfer0.6": 0.39877187360125393,
  "w1_layer3.0.conv1_hfer0.7": 0.29959094207710435,
  "w1_layer3.0.conv1_hfer0.6_hann": 0.3991263384663597,
  "w1_layer3.0.conv1_msr": 0.003218983675394865,
  "gnorm_w1_layer3.0.conv1": 0.41377721542190216,
  "w1_linear_hfer0.5": 0.4858922172471826,
  "w1_linear_hfer0.6": 0.3921906015421213,
  "w1_linear_hfer0.7": 0.29395648007263997,
  "w1_linear_hfer0.6_hann": 0.39554228715278883,
  "w1_linear_msr": 0.003226159826018514,
  "gnorm_w1_linear": 0.11947563839056184,
  "w2_conv1_hfer0.5": 0.49812089463551984,
  "w2_conv1_hfer0.6": 0.39673101312137593,
  "w2_conv1_hfer0.7": 0.29747427857737446,
  "w2_conv1_hfer0.6_hann": 0.39937620054186007,
  "w2_conv1_msr": 0.003210997133404636,
  "gnorm_w2_conv1": 0.005310386139268888,
  "w2_layer2.0.conv1_hfer0.5": 0.5009514084889634,
  "w2_layer2.0.conv1_hfer0.6": 0.4000677685278169,
  "w2_layer2.0.conv1_hfer0.7": 0.3003728509171518,
  "w2_layer2.0.conv1_hfer0.6_hann": 0.39996513833704256,
  "w2_layer2.0.conv1_msr": 0.0032110658849432592,
  "gnorm_w2_layer2.0.conv1": 0.006194266269265315,
  "w2_layer3.0.conv1_hfer0.5": 0.5009374667953957,
  "w2_layer3.0.conv1_hfer0.6": 0.40043549563631853,
  "w2_layer3.0.conv1_hfer0.7": 0.3006885098574453,
  "w2_layer3.0.conv1_hfer0.6_hann": 0.3996345339990112,
  "w2_layer3.0.conv1_msr": 0.003210887353290842,
  "gnorm_w2_layer3.0.conv1": 0.01094513358115435,
  "w2_linear_hfer0.5": 0.505203259700974,
  "w2_linear_hfer0.6": 0.4034326928894464,
  "w2_linear_hfer0.7": 0.3015838972572192,
  "w2_linear_hfer0.6_hann": 0.4019983882025576,
  "w2_linear_msr": 0.003208708793363406,
  "gnorm_w2_linear": 0.003395826573199854,
  "shfer_w0_all": 0.38477093054556755,
  "shfer_w0_stem": 0.3623315402887653,
  "shfer_w0_layer1": 0.3801039999997133,
  "shfer_w0_layer2": 0.3877155443156902,
  "shfer_w0_layer3": 0.3899008625105603,
  "shfer_w0_layer4": 0.3864909491242552,
  "shfer_w0_head": 0.32354966620706743,
  "shfer_w1_all": 0.39701514776814173,
  "shfer_w1_stem": 0.3907866311011597,
  "shfer_w1_layer1": 0.3934973649016477,
  "shfer_w1_layer2": 0.40009604562467727,
  "shfer_w1_layer3": 0.40026379455944855,
  "shfer_w1_layer4": 0.39599563770657137,
  "shfer_w1_head": 0.39017051694351124,
  "shfer_w2_all": 0.3993706418508853,
  "shfer_w2_stem": 0.3990496404711649,
  "shfer_w2_layer1": 0.40171412738603635,
  "shfer_w2_layer2": 0.3989272615048257,
  "shfer_w2_layer3": 0.3995550736321914,
  "shfer_w2_layer4": 0.401709864086584,
  "shfer_w2_head": 0.4006107580699428
}