{
  "diverged": false,
  "n_steps": 10000,
  "spikes": 431,
  "train_loss_tail": 0.0012780588929890654,
  "val_loss": 2.1575005615234377,
  "val_acc": 0.5742,
  "lam_tail": 0.2017085701227188,
  "chi_tail": 0.020170857012271882,
  "sharpness_threshold": 30.0,
  "secs": 1277.9,
  "hfer_w1_mid": 0.400468225479398,
  "raw_paths": "",
  "w0_conv1_hfer0.5": 0.5063943396343478,
  "w0_conv1_hfer0.6": 0.3961434641094233,
  "w0_conv1_hfer0.7": 0.2948486281876986,
  "w0_conv1_hfer0.6_hann": 0.3972658956325485,
  "w0_conv1_msr": 0.12627698305163249,
  "gnorm_w0_conv1": 0.49800594449825897,
  "w0_layer2.0.conv1_hfer0.5": 0.4967079160632734,
  "w0_layer2.0.conv1_hfer0.6": 0.3949134379048229,
  "w0_layer2.0.conv1_hfer0.7": 0.2952259210621326,
  "w0_layer2.0.conv1_hfer0.6_hann": 0.39590014061273293,
  "w0_layer2.0.conv1_msr": 0.12622953498600453,
  "gnorm_w0_layer2.0.conv1": 0.4678086422738653,
  "w0_layer3.0.conv1_hfer0.5": 0.4994258859032811,
  "w0_layer3.0.conv1_hfer0.6": 0.3976856128100322,
  "w0_layer3.0.conv1_hfer0.7": 0.29796382048703157,
  "w0_layer3.0.conv1_hfer0.6_hann": 0.39800786547162664,
  "w0_layer3.0.conv1_msr": 0.1261598697180604,
  "gnorm_w0_layer3.0.conv1": 0.8294186081399763,
  "w0_linear_hfer0.5": 0.49630877059893863,
  "w0_linear_hfer0.6": 0.39044696162430703,
  "w0_linear_hfer0.7": 0.29014667982721704,
  "w0_linear_hfer0.6_hann": 0.3889678628248504,
  "w0_linear_msr": 0.12636266789901557,
  "gnorm_w0_linear": 1.1162248676326487,
  "w1_conv1_hfer0.5": 0.4968632932874368,
  "w1_conv1_hfer0.6": 0.39774098161994487,
  "w1_conv1_hfer0.7": 0.2943375545664674,
  "w1_conv1_hfer0.6_hann": 0.39509782788808323,
  "w1_conv1_msr": 0.12659170778073195,
  "gnorm_w1_conv1": 0.08329070924948424,
  "w1_layer2.0.conv1_hfer0.5": 0.5002019217187539,
  "w1_layer2.0.conv1_hfer0.6": 0.39988584384779596,
  "w1_layer2.0.conv1_hfer0.7": 0.30018236703249035,
  "w1_layer2.0.conv1_hfer0.6_hann": 0.39920084436928843,
  "w1_layer2.0.conv1_msr": 0.12609095263298353,
  "gnorm_w1_layer2.0.conv1": 0.08585552414681884,
  "w1_layer3.0.conv1_hfer0.5": 0.5008082809766266,
  "w1_layer3.0.conv1_hfer0.6": 0.400468225479398,
  "w1_layer3.0.conv1_hfer0.7": 0.30058191696415126,
  "w1_layer3.0.conv1_hfer0.6_hann": 0.40004827181085595,
  "w1_layer3.0.conv1_msr": 0.12607621884976813,
  "gnorm_w1_layer3.0.conv1": 0.1740307736607845,
  "w1_linear_hfer0.5": 0.49666442027300106,
  "w1_linear_hfer0.6": 0.3984649348924937,
  "w1_linear_hfer0.7": 0.2991311474835277,
  "w1_linear_hfer0.6_hann": 0.39956284844593726,
  "w1_linear_msr": 0.12615550657952987,
  "gnorm_w1_linear": 0.14055933403963647,
  "w2_conv1_hfer0.5": 0.5008618001907763,
  "w2_conv1_hfer0.6": 0.3970818404389556,
  "w2_conv1_hfer0.7": 0.29563571473502553,
  "w2_conv1_hfer0.6_hann": 0.39846972145808723,
  "w2_conv1_msr": 0.12615534867954342,
  "gnorm_w2_conv1": 0.008523374878365,
  "w2_layer2.0.conv1_hfer0.5": 0.5004563091313983,
  "w2_layer2.0.conv1_hfer0.6": 0.3985315146544412,
  "w2_layer2.0.conv1_hfer0.7": 0.2977524009296107,
  "w2_layer2.0.conv1_hfer0.6_hann": 0.40041702824648584,
  "w2_layer2.0.conv1_msr": 0.12603915319104106,
  "gnorm_w2_layer2.0.conv1": 0.009646526254539432,
  "w2_layer3.0.conv1_hfer0.5": 0.5000569439538731,
  "w2_layer3.0.conv1_hfer0.6": 0.39752138284848976,
  "w2_layer3.0.conv1_hfer0.7": 0.29667411384016124,
  "w2_layer3.0.conv1_hfer0.6_hann": 0.39950258120651067,
  "w2_layer3.0.conv1_msr": 0.12603361473282762,
  "gnorm_w2_layer3.0.conv1": 0.02027305122866271,
  "w2_linear_hfer0.5": 0.4995646777322131,
  "w2_linear_hfer0.6": 0.39579087934732166,
  "w2_linear_hfer0.7": 0.2936621445904541,
  "w2_linear_hfer0.6_hann": 0.3997517316895908,
  "w2_linear_msr": 0.1261511174547614,
  "gnorm_w2_linear": 0.03637723079284657,
  "shfer_w0_all": 0.3984089822223772,
  "shfer_w0_stem": 0.3961789742420496,
  "shfer_w0_layer1": 0.3926742574339582,
  "shfer_w0_layer2": 0.39704281972487976,
  "shfer_w0_layer3": 0.3984082910464463,
  "shfer_w0_layer4": 0.39959446538973126,
  "shfer_w0_head": 0.3903834968321378,
  "shfer_w1_all": 0.3990561344492641,
  "shfer_w1_stem": 0.3978845872052807,
  "shfer_w1_layer1": 0.3983743568231476,
  "shfer_w1_layer2": 0.3990559133708124,
  "shfer_w1_layer3": 0.3983198004438643,
  "shfer_w1_layer4": 0.3959877458581059,
  "shfer_w1_head": 0.3986504419834064,
  "shfer_w2_all": 0.39833031534171665,
  "shfer_w2_stem": 0.3969799622889924,
  "shfer_w2_layer1": 0.3978426152552319,
  "shfer_w2_layer2": 0.39910854221214986,
  "shfer_w2_layer3": 0.3979019256254127,
  "shfer_w2_layer4": 0.3969388739926365,
  "shfer_w2_head": 0.3976954543241332
}