{
  "diverged": false,
  "n_steps": 10000,
  "spikes": 1175,
  "train_loss_tail": 0.007869562789361226,
  "val_loss": 1.0782818969726562,
  "val_acc": 0.8309,
  "lam_tail": 5.199738502502441,
  "chi_tail": 0.041597908020019565,
  "sharpness_threshold": 497.49999999999955,
  "secs": 806.6,
  "hfer_w1_mid": 0.3941086399016296,
  "raw_paths": "",
  "w0_conv1_hfer0.5": 0.47042992377543635,
  "w0_conv1_hfer0.6": 0.377741053694313,
  "w0_conv1_hfer0.7": 0.28588143311115144,
  "w0_conv1_hfer0.6_hann": 0.3764296474740392,
  "w0_conv1_msr": 0.30063467582034253,
  "gnorm_w0_conv1": 0.12085326451241518,
  "w0_layer2.0.conv1_hfer0.5": 0.49038672134202826,
  "w0_layer2.0.conv1_hfer0.6": 0.39169334355940777,
  "w0_layer2.0.conv1_hfer0.7": 0.29375354517234065,
  "w0_layer2.0.conv1_hfer0.6_hann": 0.39134917420669374,
  "w0_layer2.0.conv1_msr": 0.30433423739399634,
  "gnorm_w0_layer2.0.conv1": 0.11745246212290916,
  "w0_layer3.0.conv1_hfer0.5": 0.49318998362102756,
  "w0_layer3.0.conv1_hfer0.6": 0.3941086399016296,
  "w0_layer3.0.conv1_hfer0.7": 0.29592046187855736,
  "w0_layer3.0.conv1_hfer0.6_hann": 0.394887510574168,
  "w0_layer3.0.conv1_msr": 0.3057600693020756,
  "gnorm_w0_layer3.0.conv1": 0.23757234025996246,
  "w0_linear_hfer0.5": 0.43749788976244053,
  "w0_linear_hfer0.6": 0.35054842954735715,
  "w0_linear_hfer0.7": 0.2626565198161377,
  "w0_linear_hfer0.6_hann": 0.35311814972461525,
  "w0_linear_msr": 0.30503274130367003,
  "gnorm_w0_linear": 0.1269881144822414
}