{
  "diverged": false,
  "n_steps": 10000,
  "spikes": 169,
  "train_loss_tail": 0.04592363028973341,
  "val_loss": 1.6139581298828125,
  "val_acc": 0.7104,
  "lam_tail": 0.9696243405342102,
  "chi_tail": 1.5513989448547365,
  "sharpness_threshold": 1.875,
  "secs": 834.4,
  "hfer_w1_mid": 0.39683686474759833,
  "raw_paths": "",
  "w0_conv1_hfer0.5": 0.5192076307283436,
  "w0_conv1_hfer0.6": 0.3944335069091905,
  "w0_conv1_hfer0.7": 0.28973209583320464,
  "w0_conv1_hfer0.6_hann": 0.38902587811328426,
  "w0_conv1_msr": 0.5065779692677408,
  "gnorm_w0_conv1": 0.13587573695700542,
  "w0_layer2.0.conv1_hfer0.5": 0.5020727956355806,
  "w0_layer2.0.conv1_hfer0.6": 0.39447801394538673,
  "w0_layer2.0.conv1_hfer0.7": 0.29522338437605566,
  "w0_layer2.0.conv1_hfer0.6_hann": 0.38813867424063986,
  "w0_layer2.0.conv1_msr": 0.5045980996247094,
  "gnorm_w0_layer2.0.conv1": 0.04478326673001804,
  "w0_layer3.0.conv1_hfer0.5": 0.4989827676987183,
  "w0_layer3.0.conv1_hfer0.6": 0.39683686474759833,
  "w0_layer3.0.conv1_hfer0.7": 0.2978850635007405,
  "w0_layer3.0.conv1_hfer0.6_hann": 0.39531379094048746,
  "w0_layer3.0.conv1_msr": 0.5045297285539714,
  "gnorm_w0_layer3.0.conv1": 0.10833298965228283,
  "w0_linear_hfer0.5": 0.5069912321767233,
  "w0_linear_hfer0.6": 0.3911699921985073,
  "w0_linear_hfer0.7": 0.2831411589385044,
  "w0_linear_hfer0.6_hann": 0.38690491735735194,
  "w0_linear_msr": 0.5091916672414498,
  "gnorm_w0_linear": 0.12121426864480134
}