{
  "diverged": false,
  "n_steps": 10000,
  "spikes": 527,
  "train_loss_tail": 0.0010142994117923081,
  "val_loss": 2.2526729248046875,
  "val_acc": 0.5817,
  "lam_tail": 0.08891267329454422,
  "chi_tail": 0.017782534658908843,
  "sharpness_threshold": 15.0,
  "secs": 1271.5,
  "hfer_w1_mid": 0.39992673462913025,
  "raw_paths": "",
  "w0_conv1_hfer0.5": 0.5019871519232413,
  "w0_conv1_hfer0.6": 0.3933977544156462,
  "w0_conv1_hfer0.7": 0.2923498246188491,
  "w0_conv1_hfer0.6_hann": 0.39133706393638396,
  "w0_conv1_msr": 0.12646304939238118,
  "gnorm_w0_conv1": 0.35787424183085154,
  "w0_layer2.0.conv1_hfer0.5": 0.497284727901058,
  "w0_layer2.0.conv1_hfer0.6": 0.394483716876445,
  "w0_layer2.0.conv1_hfer0.7": 0.29445544313298816,
  "w0_layer2.0.conv1_hfer0.6_hann": 0.39447133435254456,
  "w0_layer2.0.conv1_msr": 0.12625589793689165,
  "gnorm_w0_layer2.0.conv1": 0.3433277229569141,
  "w0_layer3.0.conv1_hfer0.5": 0.49879764502347035,
  "w0_layer3.0.conv1_hfer0.6": 0.39690129059071455,
  "w0_layer3.0.conv1_hfer0.7": 0.2972654556468755,
  "w0_layer3.0.conv1_hfer0.6_hann": 0.39736465224205153,
  "w0_layer3.0.conv1_msr": 0.12617485437548207,
  "gnorm_w0_layer3.0.conv1": 0.5778441939620187,
  "w0_linear_hfer0.5": 0.4981491034669449,
  "w0_linear_hfer0.6": 0.3926290217465733,
  "w0_linear_hfer0.7": 0.2921546843537572,
  "w0_linear_hfer0.6_hann": 0.39155538068316287,
  "w0_linear_msr": 0.12635011778036562,
  "gnorm_w0_linear": 0.873433798736659,
  "w1_conv1_hfer0.5": 0.4970378626870854,
  "w1_conv1_hfer0.6": 0.39567923660031246,
  "w1_conv1_hfer0.7": 0.2966310424501852,
  "w1_conv1_hfer0.6_hann": 0.39865340428365953,
  "w1_conv1_msr": 0.12625920156958279,
  "gnorm_w1_conv1": 0.1011439921303152,
  "w1_layer2.0.conv1_hfer0.5": 0.5007258084621344,
  "w1_layer2.0.conv1_hfer0.6": 0.39924808664039546,
  "w1_layer2.0.conv1_hfer0.7": 0.29943083992196423,
  "w1_layer2.0.conv1_hfer0.6_hann": 0.39987958462472994,
  "w1_layer2.0.conv1_msr": 0.12618191489878547,
  "gnorm_w1_layer2.0.conv1": 0.10725710882171782,
  "w1_layer3.0.conv1_hfer0.5": 0.5007601285727802,
  "w1_layer3.0.conv1_hfer0.6": 0.39992673462913025,
  "w1_layer3.0.conv1_hfer0.7": 0.30024033175758613,
  "w1_layer3.0.conv1_hfer0.6_hann": 0.4001937064974843,
  "w1_layer3.0.conv1_msr": 0.12614960601456057,
  "gnorm_w1_layer3.0.conv1": 0.21084860301097036,
  "w1_linear_hfer0.5": 0.49654716246018077,
  "w1_linear_hfer0.6": 0.3960601582749883,
  "w1_linear_hfer0.7": 0.2965491820785876,
  "w1_linear_hfer0.6_hann": 0.3954434851272998,
  "w1_linear_msr": 0.12622753763627315,
  "gnorm_w1_linear": 0.1912590646479505,
  "w2_conv1_hfer0.5": 0.5015442344536213,
  "w2_conv1_hfer0.6": 0.4014233739323129,
  "w2_conv1_hfer0.7": 0.30078688020657207,
  "w2_conv1_hfer0.6_hann": 0.39888761277696144,
  "w2_conv1_msr": 0.1258729248497974,
  "gnorm_w2_conv1": 0.0062858918772410325,
  "w2_layer2.0.conv1_hfer0.5": 0.4987061538433149,
  "w2_layer2.0.conv1_hfer0.6": 0.3990931759773221,
  "w2_layer2.0.conv1_hfer0.7": 0.2991245438300526,
  "w2_layer2.0.conv1_hfer0.6_hann": 0.40083862852786534,
  "w2_layer2.0.conv1_msr": 0.12603960344966142,
  "gnorm_w2_layer2.0.conv1": 0.007262557291990835,
  "w2_layer3.0.conv1_hfer0.5": 0.4987804760635366,
  "w2_layer3.0.conv1_hfer0.6": 0.39904572269229777,
  "w2_layer3.0.conv1_hfer0.7": 0.2991082704614042,
  "w2_layer3.0.conv1_hfer0.6_hann": 0.4010509019609202,
  "w2_layer3.0.conv1_msr": 0.12603085462429486,
  "gnorm_w2_layer3.0.conv1": 0.014746318201547379,
  "w2_linear_hfer0.5": 0.49823085539290307,
  "w2_linear_hfer0.6": 0.3970374649949196,
  "w2_linear_hfer0.7": 0.29712279914023204,
  "w2_linear_hfer0.6_hann": 0.40118286950517795,
  "w2_linear_msr": 0.1259630354457492,
  "gnorm_w2_linear": 0.027727881634869004,
  "shfer_w0_all": 0.39871142048372443,
  "shfer_w0_stem": 0.39568194874725077,
  "shfer_w0_layer1": 0.3919617269174494,
  "shfer_w0_layer2": 0.39571791265476636,
  "shfer_w0_layer3": 0.3991089381964929,
  "shfer_w0_layer4": 0.39984497174869593,
  "shfer_w0_head": 0.3917624270133162,
  "shfer_w1_all": 0.3973719198496974,
  "shfer_w1_stem": 0.3959033107865435,
  "shfer_w1_layer1": 0.40049795900994334,
  "shfer_w1_layer2": 0.3979777367439424,
  "shfer_w1_layer3": 0.40110758901577886,
  "shfer_w1_layer4": 0.4005480376522657,
  "shfer_w1_head": 0.39569374325234047,
  "shfer_w2_all": 0.39841929633693285,
  "shfer_w2_stem": 0.4033539224525527,
  "shfer_w2_layer1": 0.3986725040162489,
  "shfer_w2_layer2": 0.39859984239419466,
  "shfer_w2_layer3": 0.39834168374396983,
  "shfer_w2_layer4": 0.3978207665348849,
  "shfer_w2_head": 0.3966026696556653
}