{
  "diverged": false,
  "n_steps": 10000,
  "spikes": 525,
  "train_loss_tail": 0.0011382648549624719,
  "val_loss": 2.3440968017578125,
  "val_acc": 0.5761,
  "lam_tail": 0.14279712736606598,
  "chi_tail": 0.005711885094642638,
  "sharpness_threshold": 95.00000000000001,
  "secs": 1283.3,
  "hfer_w1_mid": 0.3968307486333894,
  "raw_paths": "",
  "w0_conv1_hfer0.5": 0.4256679289973987,
  "w0_conv1_hfer0.6": 0.33894054091364156,
  "w0_conv1_hfer0.7": 0.25434253560866416,
  "w0_conv1_hfer0.6_hann": 0.34150285838204697,
  "w0_conv1_msr": 0.003210113252114116,
  "gnorm_w0_conv1": 0.37600689067511245,
  "w0_layer2.0.conv1_hfer0.5": 0.46349356784171897,
  "w0_layer2.0.conv1_hfer0.6": 0.36954623970845657,
  "w0_layer2.0.conv1_hfer0.7": 0.27749673445214473,
  "w0_layer2.0.conv1_hfer0.6_hann": 0.3710711508412964,
  "w0_layer2.0.conv1_msr": 0.0032137094926862606,
  "gnorm_w0_layer2.0.conv1": 0.33972342596042543,
  "w0_layer3.0.conv1_hfer0.5": 0.4801243883067882,
  "w0_layer3.0.conv1_hfer0.6": 0.38348658208152697,
  "w0_layer3.0.conv1_hfer0.7": 0.2881006649415494,
  "w0_layer3.0.conv1_hfer0.6_hann": 0.38431318558597505,
  "w0_layer3.0.conv1_msr": 0.003212613093748745,
  "gnorm_w0_layer3.0.conv1": 0.5782613551429424,
  "w0_linear_hfer0.5": 0.44593717236813146,
  "w0_linear_hfer0.6": 0.35542854811657687,
  "w0_linear_hfer0.7": 0.26669315403160543,
  "w0_linear_hfer0.6_hann": 0.3555179531376569,
  "w0_linear_msr": 0.0032161447833716173,
  "gnorm_w0_linear": 0.8903122369867413,
  "w1_conv1_hfer0.5": 0.47748296231517273,
  "w1_conv1_hfer0.6": 0.3768082893427483,
  "w1_conv1_hfer0.7": 0.28408470298902,
  "w1_conv1_hfer0.6_hann": 0.3834808199194345,
  "w1_conv1_msr": 0.0032252740099397792,
  "gnorm_w1_conv1": 0.10711958797069544,
  "w1_layer2.0.conv1_hfer0.5": 0.49384556005205865,
  "w1_layer2.0.conv1_hfer0.6": 0.3938118994009554,
  "w1_layer2.0.conv1_hfer0.7": 0.29586242800505147,
  "w1_layer2.0.conv1_hfer0.6_hann": 0.3959824468597596,
  "w1_layer2.0.conv1_msr": 0.003223185140281832,
  "gnorm_w1_layer2.0.conv1": 0.10772344597095225,
  "w1_layer3.0.conv1_hfer0.5": 0.49690278237435426,
  "w1_layer3.0.conv1_hfer0.6": 0.3968307486333894,
  "w1_layer3.0.conv1_hfer0.7": 0.2981146599262246,
  "w1_layer3.0.conv1_hfer0.6_hann": 0.397907234960995,
  "w1_layer3.0.conv1_msr": 0.0032228999895985025,
  "gnorm_w1_layer3.0.conv1": 0.21756333322081853,
  "w1_linear_hfer0.5": 0.48238184833199105,
  "w1_linear_hfer0.6": 0.3842196630980401,
  "w1_linear_hfer0.7": 0.2900892809104823,
  "w1_linear_hfer0.6_hann": 0.3888650839137464,
  "w1_linear_msr": 0.0032169424837500027,
  "gnorm_w1_linear": 0.20097456801883912,
  "w2_conv1_hfer0.5": 0.49961240459009726,
  "w2_conv1_hfer0.6": 0.39796717656070957,
  "w2_conv1_hfer0.7": 0.29883176763164504,
  "w2_conv1_hfer0.6_hann": 0.39892881312091255,
  "w2_conv1_msr": 0.0032020050263094246,
  "gnorm_w2_conv1": 0.006184407704424939,
  "w2_layer2.0.conv1_hfer0.5": 0.49983775278912795,
  "w2_layer2.0.conv1_hfer0.6": 0.3997746611934441,
  "w2_layer2.0.conv1_hfer0.7": 0.2998255814807682,
  "w2_layer2.0.conv1_hfer0.6_hann": 0.4008938809973673,
  "w2_layer2.0.conv1_msr": 0.0032045420321709837,
  "gnorm_w2_layer2.0.conv1": 0.007161675385627378,
  "w2_layer3.0.conv1_hfer0.5": 0.500366655126163,
  "w2_layer3.0.conv1_hfer0.6": 0.3999796634880716,
  "w2_layer3.0.conv1_hfer0.7": 0.2997544737851024,
  "w2_layer3.0.conv1_hfer0.6_hann": 0.4014032113046085,
  "w2_layer3.0.conv1_msr": 0.003205533809233268,
  "gnorm_w2_layer3.0.conv1": 0.014704031061449973,
  "w2_linear_hfer0.5": 0.5002594111013701,
  "w2_linear_hfer0.6": 0.3995079949033738,
  "w2_linear_hfer0.7": 0.2985685645420565,
  "w2_linear_hfer0.6_hann": 0.4002108892347426,
  "w2_linear_msr": 0.003209343612892561,
  "gnorm_w2_linear": 0.027052894885373817,
  "shfer_w0_all": 0.3803372144680018,
  "shfer_w0_stem": 0.3402287005375754,
  "shfer_w0_layer1": 0.36042078422128976,
  "shfer_w0_layer2": 0.3740899462242424,
  "shfer_w0_layer3": 0.3851033313678175,
  "shfer_w0_layer4": 0.3864566974674534,
  "shfer_w0_head": 0.35410752367106985,
  "shfer_w1_all": 0.3961736694884108,
  "shfer_w1_stem": 0.37378264513818177,
  "shfer_w1_layer1": 0.391103860235415,
  "shfer_w1_layer2": 0.39548371425414486,
  "shfer_w1_layer3": 0.39830701368941407,
  "shfer_w1_layer4": 0.3969512485094192,
  "shfer_w1_head": 0.38794907790009653,
  "shfer_w2_all": 0.40206784269188933,
  "shfer_w2_stem": 0.4001644004211138,
  "shfer_w2_layer1": 0.3992298563285271,
  "shfer_w2_layer2": 0.39915718414485896,
  "shfer_w2_layer3": 0.39906844542257963,
  "shfer_w2_layer4": 0.4010411643663889,
  "shfer_w2_head": 0.3998163429673255
}