{
  "diverged": false,
  "n_steps": 10000,
  "spikes": 399,
  "train_loss_tail": 0.0325341031611897,
  "val_loss": 1.2040908813476563,
  "val_acc": 0.7903,
  "lam_tail": 1.005613088607788,
  "chi_tail": 0.32179618835449214,
  "sharpness_threshold": 11.875000000000002,
  "secs": 822.1,
  "hfer_w1_mid": 0.38907807590311444,
  "raw_paths": "",
  "w0_conv1_hfer0.5": 0.4267231266602222,
  "w0_conv1_hfer0.6": 0.3388815666769448,
  "w0_conv1_hfer0.7": 0.256981384190787,
  "w0_conv1_hfer0.6_hann": 0.33946370867317055,
  "w0_conv1_msr": 0.32140656037145293,
  "gnorm_w0_conv1": 0.08694472142450137,
  "w0_layer2.0.conv1_hfer0.5": 0.4755456463751874,
  "w0_layer2.0.conv1_hfer0.6": 0.3806144260120378,
  "w0_layer2.0.conv1_hfer0.7": 0.28465930369154707,
  "w0_layer2.0.conv1_hfer0.6_hann": 0.3812001610783868,
  "w0_layer2.0.conv1_msr": 0.3218276471131553,
  "gnorm_w0_layer2.0.conv1": 0.0932845222099604,
  "w0_layer3.0.conv1_hfer0.5": 0.48699577973195496,
  "w0_layer3.0.conv1_hfer0.6": 0.38907807590311444,
  "w0_layer3.0.conv1_hfer0.7": 0.2918266403761567,
  "w0_layer3.0.conv1_hfer0.6_hann": 0.3895190552580894,
  "w0_layer3.0.conv1_msr": 0.32177100376217793,
  "gnorm_w0_layer3.0.conv1": 0.16157178382987722,
  "w0_linear_hfer0.5": 0.3922195540695445,
  "w0_linear_hfer0.6": 0.3130641126707754,
  "w0_linear_hfer0.7": 0.23201579768609368,
  "w0_linear_hfer0.6_hann": 0.31456679186404063,
  "w0_linear_msr": 0.32327060818422787,
  "gnorm_w0_linear": 0.1128930515280918
}