{
  "diverged": false,
  "n_steps": 10000,
  "spikes": 1225,
  "train_loss_tail": 0.00014752231583770481,
  "val_loss": 0.8278681884765625,
  "val_acc": 0.8422,
  "lam_tail": 0.9109112620353699,
  "chi_tail": 0.09109112620353699,
  "sharpness_threshold": 20.0,
  "secs": 1225.9,
  "hfer_w1_mid": 0.40297157237710474,
  "raw_paths": "",
  "w0_conv1_hfer0.5": 0.5612333394010459,
  "w0_conv1_hfer0.6": 0.45275823950005145,
  "w0_conv1_hfer0.7": 0.34112844187041735,
  "w0_conv1_hfer0.6_hann": 0.4459737062893837,
  "w0_conv1_msr": 1.0,
  "gnorm_w0_conv1": 0.5444654902709753,
  "w0_layer2.0.conv1_hfer0.5": 0.5287429267992771,
  "w0_layer2.0.conv1_hfer0.6": 0.42505046490239895,
  "w0_layer2.0.conv1_hfer0.7": 0.3204757980118317,
  "w0_layer2.0.conv1_hfer0.6_hann": 0.4207101915443239,
  "w0_layer2.0.conv1_msr": 1.0,
  "gnorm_w0_layer2.0.conv1": 0.549097575342753,
  "w0_layer3.0.conv1_hfer0.5": 0.5183418565977762,
  "w0_layer3.0.conv1_hfer0.6": 0.4154535818562225,
  "w0_layer3.0.conv1_hfer0.7": 0.31288049294849596,
  "w0_layer3.0.conv1_hfer0.6_hann": 0.4134367439530751,
  "w0_layer3.0.conv1_msr": 1.0,
  "gnorm_w0_layer3.0.conv1": 0.9403717592433924,
  "w0_linear_hfer0.5": 0.6897749414469614,
  "w0_linear_hfer0.6": 0.572580810173039,
  "w0_linear_hfer0.7": 0.4444344763423291,
  "w0_linear_hfer0.6_hann": 0.5409974973732681,
  "w0_linear_msr": 1.0,
  "gnorm_w0_linear": 0.6109091051895508,
  "w1_conv1_hfer0.5": 0.5201160334678259,
  "w1_conv1_hfer0.6": 0.4147723933464314,
  "w1_conv1_hfer0.7": 0.3121509817315585,
  "w1_conv1_hfer0.6_hann": 0.4140682972903082,
  "w1_conv1_msr": 1.0,
  "gnorm_w1_conv1": 0.23191889957000586,
  "w1_layer2.0.conv1_hfer0.5": 0.5067807823551251,
  "w1_layer2.0.conv1_hfer0.6": 0.40458977079061276,
  "w1_layer2.0.conv1_hfer0.7": 0.3038355520529829,
  "w1_layer2.0.conv1_hfer0.6_hann": 0.40423112481549806,
  "w1_layer2.0.conv1_msr": 1.0,
  "gnorm_w1_layer2.0.conv1": 0.25380497737818175,
  "w1_layer3.0.conv1_hfer0.5": 0.5042793728862045,
  "w1_layer3.0.conv1_hfer0.6": 0.40297157237710474,
  "w1_layer3.0.conv1_hfer0.7": 0.3026546481831678,
  "w1_layer3.0.conv1_hfer0.6_hann": 0.40261198306795853,
  "w1_layer3.0.conv1_msr": 1.0,
  "gnorm_w1_layer3.0.conv1": 0.4759719826042879,
  "w1_linear_hfer0.5": 0.5417043893870422,
  "w1_linear_hfer0.6": 0.432388559929492,
  "w1_linear_hfer0.7": 0.3271339674803898,
  "w1_linear_hfer0.6_hann": 0.4279734356841297,
  "w1_linear_msr": 1.0,
  "gnorm_w1_linear": 0.1608722013946698,
  "w2_conv1_hfer0.5": 0.5033747698283546,
  "w2_conv1_hfer0.6": 0.40022163997872234,
  "w2_conv1_hfer0.7": 0.3045896875375243,
  "w2_conv1_hfer0.6_hann": 0.39865694314772865,
  "w2_conv1_msr": 1.0,
  "gnorm_w2_conv1": 0.015030067545538168,
  "w2_layer2.0.conv1_hfer0.5": 0.49584419634553173,
  "w2_layer2.0.conv1_hfer0.6": 0.39520400028753233,
  "w2_layer2.0.conv1_hfer0.7": 0.29702010425244557,
  "w2_layer2.0.conv1_hfer0.6_hann": 0.3991607860515271,
  "w2_layer2.0.conv1_msr": 1.0,
  "gnorm_w2_layer2.0.conv1": 0.01643188954833925,
  "w2_layer3.0.conv1_hfer0.5": 0.5015895560814911,
  "w2_layer3.0.conv1_hfer0.6": 0.4001161949169467,
  "w2_layer3.0.conv1_hfer0.7": 0.30095912282830345,
  "w2_layer3.0.conv1_hfer0.6_hann": 0.3980986177833577,
  "w2_layer3.0.conv1_msr": 1.0,
  "gnorm_w2_layer3.0.conv1": 0.031239728730899946,
  "w2_linear_hfer0.5": 0.5076684986043472,
  "w2_linear_hfer0.6": 0.40925510787694325,
  "w2_linear_hfer0.7": 0.294938757342581,
  "w2_linear_hfer0.6_hann": 0.39095561060939954,
  "w2_linear_msr": 1.0,
  "gnorm_w2_linear": 0.010123828499459035,
  "shfer_w0_all": 0.425720841440913,
  "shfer_w0_stem": 0.45438763920721986,
  "shfer_w0_layer1": 0.4332219463305779,
  "shfer_w0_layer2": 0.4219715568386126,
  "shfer_w0_layer3": 0.41540511861334917,
  "shfer_w0_layer4": 0.42108638737259785,
  "shfer_w0_head": 0.570254801385567,
  "shfer_w1_all": 0.4053909029284578,
  "shfer_w1_stem": 0.4152525870998786,
  "shfer_w1_layer1": 0.4083000898261542,
  "shfer_w1_layer2": 0.4018984674797154,
  "shfer_w1_layer3": 0.40203022806941396,
  "shfer_w1_layer4": 0.4052174800460328,
  "shfer_w1_head": 0.4304914720299654,
  "shfer_w2_all": 0.4007051000874275,
  "shfer_w2_stem": 0.40044681892003237,
  "shfer_w2_layer1": 0.40969722201861664,
  "shfer_w2_layer2": 0.39968133676329026,
  "shfer_w2_layer3": 0.3956188791089672,
  "shfer_w2_layer4": 0.40506836735790436,
  "shfer_w2_head": 0.399759447539216
}