{
  "diverged": false,
  "n_steps": 10000,
  "spikes": 540,
  "train_loss_tail": 0.0011159632761846296,
  "val_loss": 2.475939892578125,
  "val_acc": 0.5608,
  "lam_tail": 0.16477327048778534,
  "chi_tail": 0.06590930819511413,
  "sharpness_threshold": 5.0,
  "secs": 1272.6,
  "hfer_w1_mid": 0.40331342093719935,
  "raw_paths": "",
  "w0_conv1_hfer0.5": 0.6420876873946504,
  "w0_conv1_hfer0.6": 0.5248874829538911,
  "w0_conv1_hfer0.7": 0.3993188325596125,
  "w0_conv1_hfer0.6_hann": 0.5149242254558458,
  "w0_conv1_msr": 1.0,
  "gnorm_w0_conv1": 0.41052459213718034,
  "w0_layer2.0.conv1_hfer0.5": 0.5622452681869926,
  "w0_layer2.0.conv1_hfer0.6": 0.4527322827065156,
  "w0_layer2.0.conv1_hfer0.7": 0.34206256644995997,
  "w0_layer2.0.conv1_hfer0.6_hann": 0.44736811383587055,
  "w0_layer2.0.conv1_msr": 1.0,
  "gnorm_w0_layer2.0.conv1": 0.30104258344916746,
  "w0_layer3.0.conv1_hfer0.5": 0.5295970052089668,
  "w0_layer3.0.conv1_hfer0.6": 0.4245284983382812,
  "w0_layer3.0.conv1_hfer0.7": 0.319829787776764,
  "w0_layer3.0.conv1_hfer0.6_hann": 0.4227226097087124,
  "w0_layer3.0.conv1_msr": 1.0,
  "gnorm_w0_layer3.0.conv1": 0.5575787168729089,
  "w0_linear_hfer0.5": 0.5969763302161729,
  "w0_linear_hfer0.6": 0.48263466313312775,
  "w0_linear_hfer0.7": 0.3663003763827162,
  "w0_linear_hfer0.6_hann": 0.47805795012617514,
  "w0_linear_msr": 1.0,
  "gnorm_w0_linear": 0.8790862293202997,
  "w1_conv1_hfer0.5": 0.5306818992849015,
  "w1_conv1_hfer0.6": 0.41962131101604183,
  "w1_conv1_hfer0.7": 0.318234562459057,
  "w1_conv1_hfer0.6_hann": 0.41523333742639457,
  "w1_conv1_msr": 1.0,
  "gnorm_w1_conv1": 0.11664772892381879,
  "w1_layer2.0.conv1_hfer0.5": 0.5087227583207607,
  "w1_layer2.0.conv1_hfer0.6": 0.4066410179931546,
  "w1_layer2.0.conv1_hfer0.7": 0.3056785945319461,
  "w1_layer2.0.conv1_hfer0.6_hann": 0.40742058920002483,
  "w1_layer2.0.conv1_msr": 1.0,
  "gnorm_w1_layer2.0.conv1": 0.10474655752235632,
  "w1_layer3.0.conv1_hfer0.5": 0.5045284497693646,
  "w1_layer3.0.conv1_hfer0.6": 0.40331342093719935,
  "w1_layer3.0.conv1_hfer0.7": 0.30306039343856783,
  "w1_layer3.0.conv1_hfer0.6_hann": 0.4031015801130675,
  "w1_layer3.0.conv1_msr": 1.0,
  "gnorm_w1_layer3.0.conv1": 0.22159303115768275,
  "w1_linear_hfer0.5": 0.5233893648810115,
  "w1_linear_hfer0.6": 0.41857044855541575,
  "w1_linear_hfer0.7": 0.3142442565202617,
  "w1_linear_hfer0.6_hann": 0.4165160275055804,
  "w1_linear_msr": 1.0,
  "gnorm_w1_linear": 0.2140416290531749,
  "w2_conv1_hfer0.5": 0.5020420540648052,
  "w2_conv1_hfer0.6": 0.39881209397964773,
  "w2_conv1_hfer0.7": 0.30008566662583974,
  "w2_conv1_hfer0.6_hann": 0.3999467453241708,
  "w2_conv1_msr": 1.0,
  "gnorm_w2_conv1": 0.008131951146174472,
  "w2_layer2.0.conv1_hfer0.5": 0.5013967035041804,
  "w2_layer2.0.conv1_hfer0.6": 0.3988700861332266,
  "w2_layer2.0.conv1_hfer0.7": 0.30096585575448576,
  "w2_layer2.0.conv1_hfer0.6_hann": 0.399393394092723,
  "w2_layer2.0.conv1_msr": 1.0,
  "gnorm_w2_layer2.0.conv1": 0.007482718733369545,
  "w2_layer3.0.conv1_hfer0.5": 0.5009175351090874,
  "w2_layer3.0.conv1_hfer0.6": 0.39922258386534876,
  "w2_layer3.0.conv1_hfer0.7": 0.30096323683822024,
  "w2_layer3.0.conv1_hfer0.6_hann": 0.39927798082134985,
  "w2_layer3.0.conv1_msr": 1.0,
  "gnorm_w2_layer3.0.conv1": 0.01607310230130374,
  "w2_linear_hfer0.5": 0.49823926674098956,
  "w2_linear_hfer0.6": 0.3967249374490999,
  "w2_linear_hfer0.7": 0.29819242029588977,
  "w2_linear_hfer0.6_hann": 0.39017709861223415,
  "w2_linear_msr": 1.0,
  "gnorm_w2_linear": 0.0257141096991402,
  "shfer_w0_all": 0.4304630372432609,
  "shfer_w0_stem": 0.5285889666969891,
  "shfer_w0_layer1": 0.46554199284658904,
  "shfer_w0_layer2": 0.44038304994436767,
  "shfer_w0_layer3": 0.4172734612299994,
  "shfer_w0_layer4": 0.4191626806144792,
  "shfer_w0_head": 0.4849762105475214,
  "shfer_w1_all": 0.4044440758953868,
  "shfer_w1_stem": 0.42239415573057565,
  "shfer_w1_layer1": 0.4107032544477944,
  "shfer_w1_layer2": 0.4019310420793967,
  "shfer_w1_layer3": 0.4037486360647035,
  "shfer_w1_layer4": 0.4034156266780842,
  "shfer_w1_head": 0.419609920858643,
  "shfer_w2_all": 0.3990862737130904,
  "shfer_w2_stem": 0.40025436008835974,
  "shfer_w2_layer1": 0.39896499455140283,
  "shfer_w2_layer2": 0.3993545196816591,
  "shfer_w2_layer3": 0.39644637217277817,
  "shfer_w2_layer4": 0.4013058359867848,
  "shfer_w2_head": 0.39630231911896097
}