{
  "diverged": false,
  "n_steps": 10000,
  "spikes": 460,
  "train_loss_tail": 0.02690923297847621,
  "val_loss": 1.1676899963378906,
  "val_acc": 0.7964,
  "lam_tail": 0.9170799255371094,
  "chi_tail": 0.14673278808593762,
  "sharpness_threshold": 24.374999999999975,
  "secs": 1310.6,
  "hfer_w1_mid": 0.390647722120127,
  "raw_paths": "/work/02/gs26/s26001/river-valley-momentum/codebases/results/raw/grid_cifar10_bn_ema_lr3.2_b0.95_s0/w1_layer3.0.conv1_G.npz;/work/02/gs26/s26001/river-valley-momentum/codebases/results/raw/grid_cifar10_bn_ema_lr3.2_b0.95_s0/w1_linear_G.npz",
  "w0_conv1_hfer0.5": 0.33297539002320853,
  "w0_conv1_hfer0.6": 0.2605324749041383,
  "w0_conv1_hfer0.7": 0.1933130801191948,
  "w0_conv1_hfer0.6_hann": 0.2580634541062151,
  "w0_conv1_msr": 0.000765466787166723,
  "gnorm_w0_conv1": 0.15282392366254927,
  "w0_layer2.0.conv1_hfer0.5": 0.4283673746566064,
  "w0_layer2.0.conv1_hfer0.6": 0.3412908645610746,
  "w0_layer2.0.conv1_hfer0.7": 0.2548629163796727,
  "w0_layer2.0.conv1_hfer0.6_hann": 0.34749171937600787,
  "w0_layer2.0.conv1_msr": 0.0007679674406097797,
  "gnorm_w0_layer2.0.conv1": 0.1018948956722382,
  "w0_layer3.0.conv1_hfer0.5": 0.45501008237467505,
  "w0_layer3.0.conv1_hfer0.6": 0.3628577487990188,
  "w0_layer3.0.conv1_hfer0.7": 0.2722845457214639,
  "w0_layer3.0.conv1_hfer0.6_hann": 0.36204381521874196,
  "w0_layer3.0.conv1_msr": 0.000767370966649289,
  "gnorm_w0_layer3.0.conv1": 0.13972476917395987,
  "w0_linear_hfer0.5": 0.34736912310459744,
  "w0_linear_hfer0.6": 0.277828961100108,
  "w0_linear_hfer0.7": 0.20618637745530424,
  "w0_linear_hfer0.6_hann": 0.2745442733973139,
  "w0_linear_msr": 0.0007672842204356618,
  "gnorm_w0_linear": 0.15713740325506773,
  "w1_conv1_hfer0.5": 0.39055756644320294,
  "w1_conv1_hfer0.6": 0.31092557937305515,
  "w1_conv1_hfer0.7": 0.23726956912434408,
  "w1_conv1_hfer0.6_hann": 0.30920914679435485,
  "w1_conv1_msr": 0.0007612363247482541,
  "gnorm_w1_conv1": 0.10369070465165878,
  "w1_layer2.0.conv1_hfer0.5": 0.4782598384227052,
  "w1_layer2.0.conv1_hfer0.6": 0.3815159471588657,
  "w1_layer2.0.conv1_hfer0.7": 0.2866490449532021,
  "w1_layer2.0.conv1_hfer0.6_hann": 0.3818724484607182,
  "w1_layer2.0.conv1_msr": 0.0007675598312915877,
  "gnorm_w1_layer2.0.conv1": 0.0880152828740404,
  "w1_layer3.0.conv1_hfer0.5": 0.48902062210047786,
  "w1_layer3.0.conv1_hfer0.6": 0.390647722120127,
  "w1_layer3.0.conv1_hfer0.7": 0.29338253292143324,
  "w1_layer3.0.conv1_hfer0.6_hann": 0.39081054966178036,
  "w1_layer3.0.conv1_msr": 0.0007670872094992675,
  "gnorm_w1_layer3.0.conv1": 0.19068987265671553,
  "w1_linear_hfer0.5": 0.40316560731234413,
  "w1_linear_hfer0.6": 0.3247312404925879,
  "w1_linear_hfer0.7": 0.24227766310842686,
  "w1_linear_hfer0.6_hann": 0.3233060768377986,
  "w1_linear_msr": 0.0007698201042944261,
  "gnorm_w1_linear": 0.10505502607607664,
  "w2_conv1_hfer0.5": 0.4592223614806749,
  "w2_conv1_hfer0.6": 0.36791005943484206,
  "w2_conv1_hfer0.7": 0.2682866891840583,
  "w2_conv1_hfer0.6_hann": 0.3629194177388773,
  "w2_conv1_msr": 0.0007803505481634887,
  "gnorm_w2_conv1": 0.06241539664757817,
  "w2_layer2.0.conv1_hfer0.5": 0.4917540762504382,
  "w2_layer2.0.conv1_hfer0.6": 0.39329670214740525,
  "w2_layer2.0.conv1_hfer0.7": 0.2958876075438391,
  "w2_layer2.0.conv1_hfer0.6_hann": 0.39345976748387,
  "w2_layer2.0.conv1_msr": 0.0007689007234779967,
  "gnorm_w2_layer2.0.conv1": 0.05944447969010123,
  "w2_layer3.0.conv1_hfer0.5": 0.49666479819576376,
  "w2_layer3.0.conv1_hfer0.6": 0.3969405953146027,
  "w2_layer3.0.conv1_hfer0.7": 0.29816532759575953,
  "w2_layer3.0.conv1_hfer0.6_hann": 0.3969509126290723,
  "w2_layer3.0.conv1_msr": 0.0007690607200970365,
  "gnorm_w2_layer3.0.conv1": 0.137615735447999,
  "w2_linear_hfer0.5": 0.439983932766306,
  "w2_linear_hfer0.6": 0.35173964161744625,
  "w2_linear_hfer0.7": 0.2607062882319454,
  "w2_linear_hfer0.6_hann": 0.3482698939259797,
  "w2_linear_msr": 0.0007714405986374084,
  "gnorm_w2_linear": 0.05945704017186959,
  "shfer_w0_all": 0.33027222720512456,
  "shfer_w0_stem": 0.2672550396226513,
  "shfer_w0_layer1": 0.3305753843325566,
  "shfer_w0_layer2": 0.3472332913896926,
  "shfer_w0_layer3": 0.35921983698104937,
  "shfer_w0_layer4": 0.3323831252945352,
  "shfer_w0_head": 0.27185937713686703,
  "shfer_w1_all": 0.3824965440868157,
  "shfer_w1_stem": 0.3179339167526775,
  "shfer_w1_layer1": 0.3682321193615834,
  "shfer_w1_layer2": 0.38224468629087394,
  "shfer_w1_layer3": 0.39191975551964425,
  "shfer_w1_layer4": 0.3825789365173183,
  "shfer_w1_head": 0.32377163721157115,
  "shfer_w2_all": 0.393424251532204,
  "shfer_w2_stem": 0.37062985842236107,
  "shfer_w2_layer1": 0.3882672918281064,
  "shfer_w2_layer2": 0.3946845183471671,
  "shfer_w2_layer3": 0.399069585506646,
  "shfer_w2_layer4": 0.39190358258017455,
  "shfer_w2_head": 0.351172944285505
}