{
  "diverged": false,
  "n_steps": 10000,
  "spikes": 1144,
  "train_loss_tail": 0.010179018312774133,
  "val_loss": 1.0325143798828125,
  "val_acc": 0.8321,
  "lam_tail": 5.897420883178711,
  "chi_tail": 0.04717936706542973,
  "sharpness_threshold": 497.49999999999955,
  "secs": 1208.1,
  "hfer_w1_mid": 0.39357937241073415,
  "raw_paths": "",
  "w0_conv1_hfer0.5": 0.4168880550717133,
  "w0_conv1_hfer0.6": 0.3318948684345498,
  "w0_conv1_hfer0.7": 0.24905116027093024,
  "w0_conv1_hfer0.6_hann": 0.3394798661117779,
  "w0_conv1_msr": 3.080386593264976e-05,
  "gnorm_w0_conv1": 0.24400583374502804,
  "w0_layer2.0.conv1_hfer0.5": 0.46186591953926237,
  "w0_layer2.0.conv1_hfer0.6": 0.3692784396475566,
  "w0_layer2.0.conv1_hfer0.7": 0.2774465767722817,
  "w0_layer2.0.conv1_hfer0.6_hann": 0.3694277360809702,
  "w0_layer2.0.conv1_msr": 3.061808947038218e-05,
  "gnorm_w0_layer2.0.conv1": 0.18222612075341577,
  "w0_layer3.0.conv1_hfer0.5": 0.4715195916531779,
  "w0_layer3.0.conv1_hfer0.6": 0.3772126169533519,
  "w0_layer3.0.conv1_hfer0.7": 0.28293971124647466,
  "w0_layer3.0.conv1_hfer0.6_hann": 0.3758197513368074,
  "w0_layer3.0.conv1_msr": 3.0492102201314542e-05,
  "gnorm_w0_layer3.0.conv1": 0.2990053779727468,
  "w0_linear_hfer0.5": 0.3662308982305226,
  "w0_linear_hfer0.6": 0.2952825077276232,
  "w0_linear_hfer0.7": 0.21930896052221216,
  "w0_linear_hfer0.6_hann": 0.289378119917701,
  "w0_linear_msr": 2.9801416114077502e-05,
  "gnorm_w0_linear": 0.32094598644491845,
  "w1_conv1_hfer0.5": 0.4708807863327526,
  "w1_conv1_hfer0.6": 0.37722651519332606,
  "w1_conv1_hfer0.7": 0.28495905006089395,
  "w1_conv1_hfer0.6_hann": 0.37068316105760335,
  "w1_conv1_msr": 3.047883838704954e-05,
  "gnorm_w1_conv1": 0.1324970348898809,
  "w1_layer2.0.conv1_hfer0.5": 0.4886242347103965,
  "w1_layer2.0.conv1_hfer0.6": 0.39040150271149815,
  "w1_layer2.0.conv1_hfer0.7": 0.2938171729271895,
  "w1_layer2.0.conv1_hfer0.6_hann": 0.39064174987968975,
  "w1_layer2.0.conv1_msr": 3.052404595375572e-05,
  "gnorm_w1_layer2.0.conv1": 0.1364866895949263,
  "w1_layer3.0.conv1_hfer0.5": 0.4922983150000721,
  "w1_layer3.0.conv1_hfer0.6": 0.39357937241073415,
  "w1_layer3.0.conv1_hfer0.7": 0.29572618063441475,
  "w1_layer3.0.conv1_hfer0.6_hann": 0.39394489125123333,
  "w1_layer3.0.conv1_msr": 3.056002287755893e-05,
  "gnorm_w1_layer3.0.conv1": 0.2664002778437616,
  "w1_linear_hfer0.5": 0.419715667831814,
  "w1_linear_hfer0.6": 0.3334472954921033,
  "w1_linear_hfer0.7": 0.24728833062258593,
  "w1_linear_hfer0.6_hann": 0.3348205049053424,
  "w1_linear_msr": 3.029734670904422e-05,
  "gnorm_w1_linear": 0.14054565860950782,
  "w2_conv1_hfer0.5": 0.48315201964551363,
  "w2_conv1_hfer0.6": 0.3886338017516357,
  "w2_conv1_hfer0.7": 0.29418848121911745,
  "w2_conv1_hfer0.6_hann": 0.3906133762668127,
  "w2_conv1_msr": 3.05935337712592e-05,
  "gnorm_w2_conv1": 0.07631835438572897,
  "w2_layer2.0.conv1_hfer0.5": 0.4961730617078577,
  "w2_layer2.0.conv1_hfer0.6": 0.3970088290540343,
  "w2_layer2.0.conv1_hfer0.7": 0.2983038947733937,
  "w2_layer2.0.conv1_hfer0.6_hann": 0.3978898270277584,
  "w2_layer2.0.conv1_msr": 3.084615277062658e-05,
  "gnorm_w2_layer2.0.conv1": 0.08352085107736906,
  "w2_layer3.0.conv1_hfer0.5": 0.4985007580890019,
  "w2_layer3.0.conv1_hfer0.6": 0.3982137324913726,
  "w2_layer3.0.conv1_hfer0.7": 0.2990215475562165,
  "w2_layer3.0.conv1_hfer0.6_hann": 0.39807147178248325,
  "w2_layer3.0.conv1_msr": 3.085693625522506e-05,
  "gnorm_w2_layer3.0.conv1": 0.17071642086734512,
  "w2_linear_hfer0.5": 0.47291103134785967,
  "w2_linear_hfer0.6": 0.37796000827777065,
  "w2_linear_hfer0.7": 0.2842117719190655,
  "w2_linear_hfer0.6_hann": 0.3837227642315042,
  "w2_linear_msr": 3.1314237417977915e-05,
  "gnorm_w2_linear": 0.06892068904915868,
  "shfer_w0_all": 0.36204900627840975,
  "shfer_w0_stem": 0.3338015889838635,
  "shfer_w0_layer1": 0.3586996705027706,
  "shfer_w0_layer2": 0.36821454700242146,
  "shfer_w0_layer3": 0.37475525760625444,
  "shfer_w0_layer4": 0.36614653333822444,
  "shfer_w0_head": 0.2967242092942088,
  "shfer_w1_all": 0.38845165599567316,
  "shfer_w1_stem": 0.3783961964503975,
  "shfer_w1_layer1": 0.38542906099881846,
  "shfer_w1_layer2": 0.3892596693754901,
  "shfer_w1_layer3": 0.3932616987416725,
  "shfer_w1_layer4": 0.3906833808980509,
  "shfer_w1_head": 0.33167534195926784,
  "shfer_w2_all": 0.395736387220624,
  "shfer_w2_stem": 0.38505130576696667,
  "shfer_w2_layer1": 0.3944132406241484,
  "shfer_w2_layer2": 0.3980089356418377,
  "shfer_w2_layer3": 0.39778125765728517,
  "shfer_w2_layer4": 0.3960594455928904,
  "shfer_w2_head": 0.3775522906743447
}