{
  "diverged": false,
  "n_steps": 10000,
  "spikes": 367,
  "train_loss_tail": 0.001915199759765528,
  "val_loss": 2.08124111328125,
  "val_acc": 0.5653,
  "lam_tail": 0.39028170704841614,
  "chi_tail": 0.0019514085352420824,
  "sharpness_threshold": 779.9999999999992,
  "secs": 1292.8,
  "hfer_w1_mid": 0.39712685898643113,
  "raw_paths": "",
  "w0_conv1_hfer0.5": 0.4133610546718901,
  "w0_conv1_hfer0.6": 0.3296825470194608,
  "w0_conv1_hfer0.7": 0.24671504797811833,
  "w0_conv1_hfer0.6_hann": 0.32966633092959297,
  "w0_conv1_msr": 0.0007738585574297052,
  "gnorm_w0_conv1": 0.7951667224579198,
  "w0_layer2.0.conv1_hfer0.5": 0.46460542081561584,
  "w0_layer2.0.conv1_hfer0.6": 0.37068052695015913,
  "w0_layer2.0.conv1_hfer0.7": 0.278578601762167,
  "w0_layer2.0.conv1_hfer0.6_hann": 0.37275950067581826,
  "w0_layer2.0.conv1_msr": 0.000766628284427245,
  "gnorm_w0_layer2.0.conv1": 0.696728062319114,
  "w0_layer3.0.conv1_hfer0.5": 0.4809322621691581,
  "w0_layer3.0.conv1_hfer0.6": 0.384094289682472,
  "w0_layer3.0.conv1_hfer0.7": 0.2883272683561188,
  "w0_layer3.0.conv1_hfer0.6_hann": 0.3854277085597138,
  "w0_layer3.0.conv1_msr": 0.0007660718300499718,
  "gnorm_w0_layer3.0.conv1": 1.1917319976896608,
  "w0_linear_hfer0.5": 0.4426421184825128,
  "w0_linear_hfer0.6": 0.35378300094100945,
  "w0_linear_hfer0.7": 0.2658381125126725,
  "w0_linear_hfer0.6_hann": 0.35476818382774894,
  "w0_linear_msr": 0.0007668766059894599,
  "gnorm_w0_linear": 1.3874889814075742,
  "w1_conv1_hfer0.5": 0.47759532376977404,
  "w1_conv1_hfer0.6": 0.3785248493061688,
  "w1_conv1_hfer0.7": 0.2831510262596413,
  "w1_conv1_hfer0.6_hann": 0.3931769075591927,
  "w1_conv1_msr": 0.0007720735882071587,
  "gnorm_w1_conv1": 0.12364932147406174,
  "w1_layer2.0.conv1_hfer0.5": 0.4958893432400939,
  "w1_layer2.0.conv1_hfer0.6": 0.39658602720309954,
  "w1_layer2.0.conv1_hfer0.7": 0.2978414517101782,
  "w1_layer2.0.conv1_hfer0.6_hann": 0.3985357187196287,
  "w1_layer2.0.conv1_msr": 0.0007771511686959402,
  "gnorm_w1_layer2.0.conv1": 0.12147906688896473,
  "w1_layer3.0.conv1_hfer0.5": 0.49731202122977297,
  "w1_layer3.0.conv1_hfer0.6": 0.39712685898643113,
  "w1_layer3.0.conv1_hfer0.7": 0.2979294745226747,
  "w1_layer3.0.conv1_hfer0.6_hann": 0.3984398386847459,
  "w1_layer3.0.conv1_msr": 0.0007774937756216761,
  "gnorm_w1_layer3.0.conv1": 0.2389530673302007,
  "w1_linear_hfer0.5": 0.4857558388477538,
  "w1_linear_hfer0.6": 0.3897493735596207,
  "w1_linear_hfer0.7": 0.2928538953445787,
  "w1_linear_hfer0.6_hann": 0.3928747499263032,
  "w1_linear_msr": 0.0007764225760759489,
  "gnorm_w1_linear": 0.16065802331588858,
  "w2_conv1_hfer0.5": 0.5007919037300167,
  "w2_conv1_hfer0.6": 0.3984165561053135,
  "w2_conv1_hfer0.7": 0.299692599753501,
  "w2_conv1_hfer0.6_hann": 0.40158203304318885,
  "w2_conv1_msr": 0.0007637718013031237,
  "gnorm_w2_conv1": 0.015143496472199033,
  "w2_layer2.0.conv1_hfer0.5": 0.5023133830872734,
  "w2_layer2.0.conv1_hfer0.6": 0.40021666567538844,
  "w2_layer2.0.conv1_hfer0.7": 0.30103307758035636,
  "w2_layer2.0.conv1_hfer0.6_hann": 0.4006550558281884,
  "w2_layer2.0.conv1_msr": 0.0007645246072998297,
  "gnorm_w2_layer2.0.conv1": 0.016511419730308986,
  "w2_layer3.0.conv1_hfer0.5": 0.5022079662319617,
  "w2_layer3.0.conv1_hfer0.6": 0.39992340598644754,
  "w2_layer3.0.conv1_hfer0.7": 0.30094410566298924,
  "w2_layer3.0.conv1_hfer0.6_hann": 0.4004353794766435,
  "w2_layer3.0.conv1_msr": 0.0007644680303069302,
  "gnorm_w2_layer3.0.conv1": 0.03364308560304438,
  "w2_linear_hfer0.5": 0.502361017544439,
  "w2_linear_hfer0.6": 0.3968200842378641,
  "w2_linear_hfer0.7": 0.3000466628283442,
  "w2_linear_hfer0.6_hann": 0.3980826202398792,
  "w2_linear_msr": 0.0007636746956085827,
  "gnorm_w2_linear": 0.04233748026323406,
  "shfer_w0_all": 0.3799890723309217,
  "shfer_w0_stem": 0.3285574502587309,
  "shfer_w0_layer1": 0.35717787286730396,
  "shfer_w0_layer2": 0.3778322918625207,
  "shfer_w0_layer3": 0.3875774404811162,
  "shfer_w0_layer4": 0.38838281567465466,
  "shfer_w0_head": 0.35128581777602,
  "shfer_w1_all": 0.39892586741317854,
  "shfer_w1_stem": 0.3806209955732572,
  "shfer_w1_layer1": 0.3876666041616811,
  "shfer_w1_layer2": 0.3940573289492476,
  "shfer_w1_layer3": 0.397687411216219,
  "shfer_w1_layer4": 0.39934676680781095,
  "shfer_w1_head": 0.38953864019994033,
  "shfer_w2_all": 0.40005664332446295,
  "shfer_w2_stem": 0.3989162439368145,
  "shfer_w2_layer1": 0.39920878313619634,
  "shfer_w2_layer2": 0.3983098953628436,
  "shfer_w2_layer3": 0.39927453283089964,
  "shfer_w2_layer4": 0.4016848809642334,
  "shfer_w2_head": 0.39713121793554695
}