{
  "diverged": false,
  "n_steps": 10000,
  "spikes": 1005,
  "train_loss_tail": 0.00013308832721668296,
  "val_loss": 0.8340813110351563,
  "val_acc": 0.8301,
  "lam_tail": 0.7040901184082031,
  "chi_tail": 0.0017602252960205093,
  "sharpness_threshold": 1559.9999999999984,
  "secs": 1245.1,
  "hfer_w1_mid": 0.39866805230818475,
  "raw_paths": "",
  "w0_conv1_hfer0.5": 0.4406806577707732,
  "w0_conv1_hfer0.6": 0.3533054249593037,
  "w0_conv1_hfer0.7": 0.2673305013572513,
  "w0_conv1_hfer0.6_hann": 0.3575001165446641,
  "w0_conv1_msr": 0.0007655500708433205,
  "gnorm_w0_conv1": 0.7597007244739674,
  "w0_layer2.0.conv1_hfer0.5": 0.48277076990331136,
  "w0_layer2.0.conv1_hfer0.6": 0.385934562400739,
  "w0_layer2.0.conv1_hfer0.7": 0.28989282841696945,
  "w0_layer2.0.conv1_hfer0.6_hann": 0.3882726077736416,
  "w0_layer2.0.conv1_msr": 0.0007685796765125888,
  "gnorm_w0_layer2.0.conv1": 0.7761609380417791,
  "w0_layer3.0.conv1_hfer0.5": 0.488910431270496,
  "w0_layer3.0.conv1_hfer0.6": 0.3906761852218052,
  "w0_layer3.0.conv1_hfer0.7": 0.29343984377265936,
  "w0_layer3.0.conv1_hfer0.6_hann": 0.39216178432971893,
  "w0_layer3.0.conv1_msr": 0.000767275771239114,
  "gnorm_w0_layer3.0.conv1": 1.2926121770012189,
  "w0_linear_hfer0.5": 0.39658604415826043,
  "w0_linear_hfer0.6": 0.3115899363065064,
  "w0_linear_hfer0.7": 0.23518863821198838,
  "w0_linear_hfer0.6_hann": 0.32074524579330954,
  "w0_linear_msr": 0.0007671965354921512,
  "gnorm_w0_linear": 0.6998624225548546,
  "w1_conv1_hfer0.5": 0.4859656358976846,
  "w1_conv1_hfer0.6": 0.38807207807281274,
  "w1_conv1_hfer0.7": 0.29119761145260986,
  "w1_conv1_hfer0.6_hann": 0.3923810787151083,
  "w1_conv1_msr": 0.000772961052573471,
  "gnorm_w1_conv1": 0.22796608741834704,
  "w1_layer2.0.conv1_hfer0.5": 0.49752939398366464,
  "w1_layer2.0.conv1_hfer0.6": 0.3980094946020038,
  "w1_layer2.0.conv1_hfer0.7": 0.2993829443082165,
  "w1_layer2.0.conv1_hfer0.6_hann": 0.3978206098381328,
  "w1_layer2.0.conv1_msr": 0.0007686176966669916,
  "gnorm_w1_layer2.0.conv1": 0.25721942156475947,
  "w1_layer3.0.conv1_hfer0.5": 0.4985062799810829,
  "w1_layer3.0.conv1_hfer0.6": 0.39866805230818475,
  "w1_layer3.0.conv1_hfer0.7": 0.2996721247421261,
  "w1_layer3.0.conv1_hfer0.6_hann": 0.39873561787221923,
  "w1_layer3.0.conv1_msr": 0.0007693982224034621,
  "gnorm_w1_layer3.0.conv1": 0.46484655427141264,
  "w1_linear_hfer0.5": 0.47176461096399375,
  "w1_linear_hfer0.6": 0.38343509796234293,
  "w1_linear_hfer0.7": 0.29242206944455496,
  "w1_linear_hfer0.6_hann": 0.37945401460262107,
  "w1_linear_msr": 0.000768531995900503,
  "gnorm_w1_linear": 0.13138140198029272,
  "w2_conv1_hfer0.5": 0.5040971364037014,
  "w2_conv1_hfer0.6": 0.4031420185318015,
  "w2_conv1_hfer0.7": 0.3026243500555495,
  "w2_conv1_hfer0.6_hann": 0.4056697758959013,
  "w2_conv1_msr": 0.0007737718690532609,
  "gnorm_w2_conv1": 0.00564112183773074,
  "w2_layer2.0.conv1_hfer0.5": 0.5018961219338457,
  "w2_layer2.0.conv1_hfer0.6": 0.40025164415712694,
  "w2_layer2.0.conv1_hfer0.7": 0.3008357302653106,
  "w2_layer2.0.conv1_hfer0.6_hann": 0.4009775796043109,
  "w2_layer2.0.conv1_msr": 0.000780177249188018,
  "gnorm_w2_layer2.0.conv1": 0.0067171900941913896,
  "w2_layer3.0.conv1_hfer0.5": 0.5019811926547212,
  "w2_layer3.0.conv1_hfer0.6": 0.40003438355651877,
  "w2_layer3.0.conv1_hfer0.7": 0.3007343195240943,
  "w2_layer3.0.conv1_hfer0.6_hann": 0.40071253739659957,
  "w2_layer3.0.conv1_msr": 0.0007779826208758571,
  "gnorm_w2_layer3.0.conv1": 0.01235607412216423,
  "w2_linear_hfer0.5": 0.5015888966096836,
  "w2_linear_hfer0.6": 0.4007079573252619,
  "w2_linear_hfer0.7": 0.30270756663189197,
  "w2_linear_hfer0.6_hann": 0.3975426689056336,
  "w2_linear_msr": 0.000773778220719861,
  "gnorm_w2_linear": 0.0035478156149598575,
  "shfer_w0_all": 0.38603689046106154,
  "shfer_w0_stem": 0.3545512185731699,
  "shfer_w0_layer1": 0.37630197331772897,
  "shfer_w0_layer2": 0.3877376266054016,
  "shfer_w0_layer3": 0.3896791144520906,
  "shfer_w0_layer4": 0.3873295376671724,
  "shfer_w0_head": 0.31232819173286686,
  "shfer_w1_all": 0.3963954179907494,
  "shfer_w1_stem": 0.39045080305863017,
  "shfer_w1_layer1": 0.39558707682710614,
  "shfer_w1_layer2": 0.39872447957297247,
  "shfer_w1_layer3": 0.3995543801856848,
  "shfer_w1_layer4": 0.39675316142042066,
  "shfer_w1_head": 0.38411485506094317,
  "shfer_w2_all": 0.40056367419987177,
  "shfer_w2_stem": 0.40413202761027456,
  "shfer_w2_layer1": 0.40021674151446773,
  "shfer_w2_layer2": 0.40179881595746314,
  "shfer_w2_layer3": 0.4002560210228223,
  "shfer_w2_layer4": 0.39907263219241773,
  "shfer_w2_head": 0.40197714503441356
}