{
  "diverged": false,
  "n_steps": 10000,
  "spikes": 437,
  "train_loss_tail": 0.001902023851929698,
  "val_loss": 2.130709033203125,
  "val_acc": 0.5784,
  "lam_tail": 0.22835443913936615,
  "chi_tail": 0.004567088782787322,
  "sharpness_threshold": 190.00000000000003,
  "secs": 1280.8,
  "hfer_w1_mid": 0.3972628937490124,
  "raw_paths": "",
  "w0_conv1_hfer0.5": 0.4234300537033343,
  "w0_conv1_hfer0.6": 0.33687685853044563,
  "w0_conv1_hfer0.7": 0.25112483938104097,
  "w0_conv1_hfer0.6_hann": 0.33438782626149843,
  "w0_conv1_msr": 0.0032291226606889615,
  "gnorm_w0_conv1": 0.534749548385722,
  "w0_layer2.0.conv1_hfer0.5": 0.46754825523245724,
  "w0_layer2.0.conv1_hfer0.6": 0.37276910334960073,
  "w0_layer2.0.conv1_hfer0.7": 0.28023718681984144,
  "w0_layer2.0.conv1_hfer0.6_hann": 0.37518617091410716,
  "w0_layer2.0.conv1_msr": 0.0032130019027512393,
  "gnorm_w0_layer2.0.conv1": 0.47721059034402846,
  "w0_layer3.0.conv1_hfer0.5": 0.4818422672963158,
  "w0_layer3.0.conv1_hfer0.6": 0.3845695591843527,
  "w0_layer3.0.conv1_hfer0.7": 0.2888982566700443,
  "w0_layer3.0.conv1_hfer0.6_hann": 0.38570849167075294,
  "w0_layer3.0.conv1_msr": 0.0032124535052216515,
  "gnorm_w0_layer3.0.conv1": 0.835327412979923,
  "w0_linear_hfer0.5": 0.43676414016117493,
  "w0_linear_hfer0.6": 0.347943376787354,
  "w0_linear_hfer0.7": 0.2615190982149688,
  "w0_linear_hfer0.6_hann": 0.35106881902494946,
  "w0_linear_msr": 0.003214330543353273,
  "gnorm_w0_linear": 1.1790659420338785,
  "w1_conv1_hfer0.5": 0.485867747383184,
  "w1_conv1_hfer0.6": 0.38306788072561804,
  "w1_conv1_hfer0.7": 0.2916409271989604,
  "w1_conv1_hfer0.6_hann": 0.38993983909577046,
  "w1_conv1_msr": 0.0032119239189890214,
  "gnorm_w1_conv1": 0.09140436055253622,
  "w1_layer2.0.conv1_hfer0.5": 0.49615151706585786,
  "w1_layer2.0.conv1_hfer0.6": 0.3954321512273467,
  "w1_layer2.0.conv1_hfer0.7": 0.2970449289576961,
  "w1_layer2.0.conv1_hfer0.6_hann": 0.39684075649124445,
  "w1_layer2.0.conv1_msr": 0.003230900639333327,
  "gnorm_w1_layer2.0.conv1": 0.09076529569613283,
  "w1_layer3.0.conv1_hfer0.5": 0.49748794074388175,
  "w1_layer3.0.conv1_hfer0.6": 0.3972628937490124,
  "w1_layer3.0.conv1_hfer0.7": 0.2986936165687866,
  "w1_layer3.0.conv1_hfer0.6_hann": 0.39853125867996564,
  "w1_layer3.0.conv1_msr": 0.0032288733016947444,
  "gnorm_w1_layer3.0.conv1": 0.1836575049843322,
  "w1_linear_hfer0.5": 0.48811934685884417,
  "w1_linear_hfer0.6": 0.3904825485348119,
  "w1_linear_hfer0.7": 0.29333446390870316,
  "w1_linear_hfer0.6_hann": 0.38782565310019596,
  "w1_linear_msr": 0.003237773406828496,
  "gnorm_w1_linear": 0.15519750696200021,
  "w2_conv1_hfer0.5": 0.5011250678143344,
  "w2_conv1_hfer0.6": 0.4006074199163847,
  "w2_conv1_hfer0.7": 0.2967265372910728,
  "w2_conv1_hfer0.6_hann": 0.398441383277949,
  "w2_conv1_msr": 0.0032199294070546112,
  "gnorm_w2_conv1": 0.013887188255168955,
  "w2_layer2.0.conv1_hfer0.5": 0.5012420322503887,
  "w2_layer2.0.conv1_hfer0.6": 0.4014868628249292,
  "w2_layer2.0.conv1_hfer0.7": 0.3016187755303738,
  "w2_layer2.0.conv1_hfer0.6_hann": 0.4002189172688516,
  "w2_layer2.0.conv1_msr": 0.0032078631583048814,
  "gnorm_w2_layer2.0.conv1": 0.013679408561003747,
  "w2_layer3.0.conv1_hfer0.5": 0.5013722054685469,
  "w2_layer3.0.conv1_hfer0.6": 0.4019933438406347,
  "w2_layer3.0.conv1_hfer0.7": 0.30194085647573377,
  "w2_layer3.0.conv1_hfer0.6_hann": 0.4007088058867478,
  "w2_layer3.0.conv1_msr": 0.0032087340629423622,
  "gnorm_w2_layer3.0.conv1": 0.027154305237982606,
  "w2_linear_hfer0.5": 0.5004728972195392,
  "w2_linear_hfer0.6": 0.39907750070042153,
  "w2_linear_hfer0.7": 0.3007982456737376,
  "w2_linear_hfer0.6_hann": 0.3992640051447446,
  "w2_linear_msr": 0.0032158718300163793,
  "gnorm_w2_linear": 0.041639711922092905,
  "shfer_w0_all": 0.38045676084322166,
  "shfer_w0_stem": 0.3360568875685912,
  "shfer_w0_layer1": 0.36288139737221264,
  "shfer_w0_layer2": 0.3788145518436944,
  "shfer_w0_layer3": 0.3872535538624588,
  "shfer_w0_layer4": 0.38639321661246145,
  "shfer_w0_head": 0.34551919859872177,
  "shfer_w1_all": 0.3947151701075247,
  "shfer_w1_stem": 0.38406567717773243,
  "shfer_w1_layer1": 0.3960028200304598,
  "shfer_w1_layer2": 0.39569458207555,
  "shfer_w1_layer3": 0.39798218855749434,
  "shfer_w1_layer4": 0.398151053208329,
  "shfer_w1_head": 0.39055696866877626,
  "shfer_w2_all": 0.4027692955572078,
  "shfer_w2_stem": 0.40027289701164825,
  "shfer_w2_layer1": 0.40243419355456117,
  "shfer_w2_layer2": 0.40136652900224473,
  "shfer_w2_layer3": 0.4025495613209243,
  "shfer_w2_layer4": 0.40099492519690666,
  "shfer_w2_head": 0.39868229871370625
}