{
  "loss0": 10.870269775390625,
  "loss_end": 8.786670684814453,
  "val_loss": 8.94356107711792,
  "diverged": false,
  "spikes": 0,
  "lam_last": 29.668302536010742,
  "chi_last": 0.1483415126800537,
  "n_raw_windows": 4,
  "n_lb_windows": 4,
  "n_sketch_steps": 16,
  "n_lb_align": 2,
  "n_eig": 1,
  "eig_top": 22.34227446580884,
  "instrumentation_ok": true,
  "secs": 62.7,
  "gate_pass": true
}