{
  "diverged": false,
  "n_steps": 10000,
  "spikes": 1080,
  "train_loss_tail": 0.00014538578531937674,
  "val_loss": 0.910809423828125,
  "val_acc": 0.8179,
  "lam_tail": 4.832298278808594,
  "chi_tail": 0.002416149139404299,
  "sharpness_threshold": 7959.999999999993,
  "secs": 1232.2,
  "hfer_w1_mid": 0.3966456324060139,
  "raw_paths": "",
  "w0_conv1_hfer0.5": 0.43470470549496143,
  "w0_conv1_hfer0.6": 0.3484064365282805,
  "w0_conv1_hfer0.7": 0.2644791965111589,
  "w0_conv1_hfer0.6_hann": 0.352801353961797,
  "w0_conv1_msr": 3.050619948160022e-05,
  "gnorm_w0_conv1": 0.7874140255687727,
  "w0_layer2.0.conv1_hfer0.5": 0.47795602245072055,
  "w0_layer2.0.conv1_hfer0.6": 0.382294239099232,
  "w0_layer2.0.conv1_hfer0.7": 0.2874281521878984,
  "w0_layer2.0.conv1_hfer0.6_hann": 0.3829874077879348,
  "w0_layer2.0.conv1_msr": 3.059593872340873e-05,
  "gnorm_w0_layer2.0.conv1": 0.8003539515638624,
  "w0_layer3.0.conv1_hfer0.5": 0.48599309973212784,
  "w0_layer3.0.conv1_hfer0.6": 0.38838406710468554,
  "w0_layer3.0.conv1_hfer0.7": 0.29178921911898775,
  "w0_layer3.0.conv1_hfer0.6_hann": 0.3888458252019881,
  "w0_layer3.0.conv1_msr": 3.0526627595935824e-05,
  "gnorm_w0_layer3.0.conv1": 1.341052461337842,
  "w0_linear_hfer0.5": 0.4026654692411951,
  "w0_linear_hfer0.6": 0.32155702818150433,
  "w0_linear_hfer0.7": 0.24403360856771938,
  "w0_linear_hfer0.6_hann": 0.329642677192733,
  "w0_linear_msr": 3.063075550745779e-05,
  "gnorm_w0_linear": 0.8018433050128771,
  "w1_conv1_hfer0.5": 0.4805548457778294,
  "w1_conv1_hfer0.6": 0.38579058672624683,
  "w1_conv1_hfer0.7": 0.2883269836376866,
  "w1_conv1_hfer0.6_hann": 0.3874331232079331,
  "w1_conv1_msr": 3.1465432261174674e-05,
  "gnorm_w1_conv1": 0.3167750892506199,
  "w1_layer2.0.conv1_hfer0.5": 0.4953198841838701,
  "w1_layer2.0.conv1_hfer0.6": 0.39596660050401605,
  "w1_layer2.0.conv1_hfer0.7": 0.2978674641518613,
  "w1_layer2.0.conv1_hfer0.6_hann": 0.3964018004791859,
  "w1_layer2.0.conv1_msr": 3.078619987237695e-05,
  "gnorm_w1_layer2.0.conv1": 0.3550789998993681,
  "w1_layer3.0.conv1_hfer0.5": 0.49623819916449474,
  "w1_layer3.0.conv1_hfer0.6": 0.3966456324060139,
  "w1_layer3.0.conv1_hfer0.7": 0.2981824855090331,
  "w1_layer3.0.conv1_hfer0.6_hann": 0.3968955560053981,
  "w1_layer3.0.conv1_msr": 3.076594568044929e-05,
  "gnorm_w1_layer3.0.conv1": 0.6515506297426853,
  "w1_linear_hfer0.5": 0.47896468804126546,
  "w1_linear_hfer0.6": 0.3795675116470794,
  "w1_linear_hfer0.7": 0.2878579956130508,
  "w1_linear_hfer0.6_hann": 0.38683748336240775,
  "w1_linear_msr": 3.0381140712064717e-05,
  "gnorm_w1_linear": 0.2023281229459341,
  "w2_conv1_hfer0.5": 0.5018490232814601,
  "w2_conv1_hfer0.6": 0.4013517073823964,
  "w2_conv1_hfer0.7": 0.30341459731737347,
  "w2_conv1_hfer0.6_hann": 0.39835123978678083,
  "w2_conv1_msr": 3.697874833863315e-05,
  "gnorm_w2_conv1": 0.018465727904362947,
  "w2_layer2.0.conv1_hfer0.5": 0.5012008923172397,
  "w2_layer2.0.conv1_hfer0.6": 0.4006708697906243,
  "w2_layer2.0.conv1_hfer0.7": 0.30147921060493643,
  "w2_layer2.0.conv1_hfer0.6_hann": 0.3986958291777119,
  "w2_layer2.0.conv1_msr": 3.672264352800233e-05,
  "gnorm_w2_layer2.0.conv1": 0.021215097844232863,
  "w2_layer3.0.conv1_hfer0.5": 0.5006144898794193,
  "w2_layer3.0.conv1_hfer0.6": 0.39986840272918356,
  "w2_layer3.0.conv1_hfer0.7": 0.30051732990581714,
  "w2_layer3.0.conv1_hfer0.6_hann": 0.39937199935066514,
  "w2_layer3.0.conv1_msr": 3.673675829576371e-05,
  "gnorm_w2_layer3.0.conv1": 0.04062193375163326,
  "w2_linear_hfer0.5": 0.49190351131779314,
  "w2_linear_hfer0.6": 0.3914019211258687,
  "w2_linear_hfer0.7": 0.29510250050362075,
  "w2_linear_hfer0.6_hann": 0.39180618179741045,
  "w2_linear_msr": 3.626692693066468e-05,
  "gnorm_w2_linear": 0.009839616594444732,
  "shfer_w0_all": 0.3804041349348537,
  "shfer_w0_stem": 0.3476995943556647,
  "shfer_w0_layer1": 0.37253661138967686,
  "shfer_w0_layer2": 0.38161036363342915,
  "shfer_w0_layer3": 0.3878535252570917,
  "shfer_w0_layer4": 0.3841551424536191,
  "shfer_w0_head": 0.3209712674605718,
  "shfer_w1_all": 0.39579902530590905,
  "shfer_w1_stem": 0.3852701282883174,
  "shfer_w1_layer1": 0.3905004238324474,
  "shfer_w1_layer2": 0.3954940197129977,
  "shfer_w1_layer3": 0.39497074274247884,
  "shfer_w1_layer4": 0.39724103187096277,
  "shfer_w1_head": 0.3784212786470575,
  "shfer_w2_all": 0.39365871886992193,
  "shfer_w2_stem": 0.3985589246887291,
  "shfer_w2_layer1": 0.40224033439196355,
  "shfer_w2_layer2": 0.40180601566777,
  "shfer_w2_layer3": 0.39633662542440595,
  "shfer_w2_layer4": 0.39257863097839035,
  "shfer_w2_head": 0.39136019652602955
}