{
  "diverged": false,
  "n_steps": 10000,
  "spikes": 446,
  "train_loss_tail": 0.002310450862685684,
  "val_loss": 1.1520609497070313,
  "val_acc": 0.787,
  "lam_tail": 2.7431743144989014,
  "chi_tail": 2.194539451599121,
  "sharpness_threshold": 2.5,
  "secs": 1224.1,
  "hfer_w1_mid": 0.5116699785402005,
  "raw_paths": "",
  "w0_conv1_hfer0.5": 0.6964190041118948,
  "w0_conv1_hfer0.6": 0.5949081552143836,
  "w0_conv1_hfer0.7": 0.4778015390655079,
  "w0_conv1_hfer0.6_hann": 0.5968086874905267,
  "w0_conv1_msr": 1.0,
  "gnorm_w0_conv1": 0.2432203735555193,
  "w0_layer2.0.conv1_hfer0.5": 0.7211315212813377,
  "w0_layer2.0.conv1_hfer0.6": 0.6283731722814617,
  "w0_layer2.0.conv1_hfer0.7": 0.5161746656783541,
  "w0_layer2.0.conv1_hfer0.6_hann": 0.6382951120498319,
  "w0_layer2.0.conv1_msr": 1.0,
  "gnorm_w0_layer2.0.conv1": 0.09442324777917184,
  "w0_layer3.0.conv1_hfer0.5": 0.7098477674984478,
  "w0_layer3.0.conv1_hfer0.6": 0.6150299218220635,
  "w0_layer3.0.conv1_hfer0.7": 0.5027649692803582,
  "w0_layer3.0.conv1_hfer0.6_hann": 0.6252729136941768,
  "w0_layer3.0.conv1_msr": 1.0,
  "gnorm_w0_layer3.0.conv1": 0.17927937067948546,
  "w0_linear_hfer0.5": 0.7737816708789604,
  "w0_linear_hfer0.6": 0.6824900950106533,
  "w0_linear_hfer0.7": 0.5606101280616158,
  "w0_linear_hfer0.6_hann": 0.6770599505072421,
  "w0_linear_msr": 1.0,
  "gnorm_w0_linear": 0.22381378588156917,
  "w1_conv1_hfer0.5": 0.664146828934914,
  "w1_conv1_hfer0.6": 0.5489383535641972,
  "w1_conv1_hfer0.7": 0.4264660883717128,
  "w1_conv1_hfer0.6_hann": 0.5459153090440494,
  "w1_conv1_msr": 1.0,
  "gnorm_w1_conv1": 0.20574373194834786,
  "w1_layer2.0.conv1_hfer0.5": 0.6458660823101596,
  "w1_layer2.0.conv1_hfer0.6": 0.5445199056309765,
  "w1_layer2.0.conv1_hfer0.7": 0.4336995085257704,
  "w1_layer2.0.conv1_hfer0.6_hann": 0.5462339669769409,
  "w1_layer2.0.conv1_msr": 1.0,
  "gnorm_w1_layer2.0.conv1": 0.13674802757121662,
  "w1_layer3.0.conv1_hfer0.5": 0.6136343585385202,
  "w1_layer3.0.conv1_hfer0.6": 0.5116699785402005,
  "w1_layer3.0.conv1_hfer0.7": 0.40248594537808335,
  "w1_layer3.0.conv1_hfer0.6_hann": 0.5115510446089431,
  "w1_layer3.0.conv1_msr": 1.0,
  "gnorm_w1_layer3.0.conv1": 0.2631913831719167,
  "w1_linear_hfer0.5": 0.8302148658288948,
  "w1_linear_hfer0.6": 0.7511345239023726,
  "w1_linear_hfer0.7": 0.6371498828982015,
  "w1_linear_hfer0.6_hann": 0.7516422217198715,
  "w1_linear_msr": 1.0,
  "gnorm_w1_linear": 0.19122742350742025,
  "w2_conv1_hfer0.5": 0.5977270773418113,
  "w2_conv1_hfer0.6": 0.48166911825289516,
  "w2_conv1_hfer0.7": 0.36862806096996487,
  "w2_conv1_hfer0.6_hann": 0.49708391751861253,
  "w2_conv1_msr": 1.0,
  "gnorm_w2_conv1": 0.09901083396903317,
  "w2_layer2.0.conv1_hfer0.5": 0.574369069328187,
  "w2_layer2.0.conv1_hfer0.6": 0.47093412959598263,
  "w2_layer2.0.conv1_hfer0.7": 0.36318782531863864,
  "w2_layer2.0.conv1_hfer0.6_hann": 0.4610027600870674,
  "w2_layer2.0.conv1_msr": 1.0,
  "gnorm_w2_layer2.0.conv1": 0.07422278294591891,
  "w2_layer3.0.conv1_hfer0.5": 0.5502457642838358,
  "w2_layer3.0.conv1_hfer0.6": 0.4470042644879902,
  "w2_layer3.0.conv1_hfer0.7": 0.3431094921011983,
  "w2_layer3.0.conv1_hfer0.6_hann": 0.436459117760841,
  "w2_layer3.0.conv1_msr": 1.0,
  "gnorm_w2_layer3.0.conv1": 0.15858321036068354,
  "w2_linear_hfer0.5": 0.7669649261847034,
  "w2_linear_hfer0.6": 0.6829705021727799,
  "w2_linear_hfer0.7": 0.565305702688919,
  "w2_linear_hfer0.6_hann": 0.6318027526945983,
  "w2_linear_msr": 1.0,
  "gnorm_w2_linear": 0.09050707018880917,
  "shfer_w0_all": 0.6484052522761934,
  "shfer_w0_stem": 0.6016357001862389,
  "shfer_w0_layer1": 0.6472091968380618,
  "shfer_w0_layer2": 0.6381566598369486,
  "shfer_w0_layer3": 0.616041466095953,
  "shfer_w0_layer4": 0.6720012482405584,
  "shfer_w0_head": 0.7021475102345451,
  "shfer_w1_all": 0.5536555893029601,
  "shfer_w1_stem": 0.5591839656363662,
  "shfer_w1_layer1": 0.5640106075691815,
  "shfer_w1_layer2": 0.552313315382904,
  "shfer_w1_layer3": 0.5124677851053258,
  "shfer_w1_layer4": 0.5684105280449023,
  "shfer_w1_head": 0.7637303182972625,
  "shfer_w2_all": 0.47445366881286416,
  "shfer_w2_stem": 0.48939761859079695,
  "shfer_w2_layer1": 0.4868839721774877,
  "shfer_w2_layer2": 0.4763548172337242,
  "shfer_w2_layer3": 0.4447431778293858,
  "shfer_w2_layer4": 0.47736413625328783,
  "shfer_w2_head": 0.6810620618488178
}