{
  "diverged": false,
  "n_steps": 10000,
  "spikes": 1321,
  "train_loss_tail": 0.007834423226799118,
  "val_loss": 1.001022723388672,
  "val_acc": 0.8369,
  "lam_tail": 17.762332916259766,
  "chi_tail": 0.035524665832519564,
  "sharpness_threshold": 1989.9999999999982,
  "secs": 1193.1,
  "hfer_w1_mid": 0.3947936086067326,
  "raw_paths": "",
  "w0_conv1_hfer0.5": 0.4272724282609411,
  "w0_conv1_hfer0.6": 0.3446727175883115,
  "w0_conv1_hfer0.7": 0.2586053904882657,
  "w0_conv1_hfer0.6_hann": 0.3496924359684086,
  "w0_conv1_msr": 3.130879872780376e-05,
  "gnorm_w0_conv1": 0.4793541022060297,
  "w0_layer2.0.conv1_hfer0.5": 0.4658098557412694,
  "w0_layer2.0.conv1_hfer0.6": 0.3731765683361594,
  "w0_layer2.0.conv1_hfer0.7": 0.28074519284103583,
  "w0_layer2.0.conv1_hfer0.6_hann": 0.37397723722438847,
  "w0_layer2.0.conv1_msr": 3.0935056702296796e-05,
  "gnorm_w0_layer2.0.conv1": 0.37268579073180524,
  "w0_layer3.0.conv1_hfer0.5": 0.47646721589366997,
  "w0_layer3.0.conv1_hfer0.6": 0.38087522738715784,
  "w0_layer3.0.conv1_hfer0.7": 0.2862649792390694,
  "w0_layer3.0.conv1_hfer0.6_hann": 0.3810248187392677,
  "w0_layer3.0.conv1_msr": 3.051967486032827e-05,
  "gnorm_w0_layer3.0.conv1": 0.6182816328826625,
  "w0_linear_hfer0.5": 0.33920678152423694,
  "w0_linear_hfer0.6": 0.26757384760290776,
  "w0_linear_hfer0.7": 0.20087789125144231,
  "w0_linear_hfer0.6_hann": 0.2724817919113914,
  "w0_linear_msr": 3.1194354343303756e-05,
  "gnorm_w0_linear": 0.775626101149333,
  "w1_conv1_hfer0.5": 0.4777094000562035,
  "w1_conv1_hfer0.6": 0.3800495366607077,
  "w1_conv1_hfer0.7": 0.2855874063896803,
  "w1_conv1_hfer0.6_hann": 0.3789916244147797,
  "w1_conv1_msr": 3.1646702867434246e-05,
  "gnorm_w1_conv1": 0.23096313754469242,
  "w1_layer2.0.conv1_hfer0.5": 0.4902974038437271,
  "w1_layer2.0.conv1_hfer0.6": 0.3915156241967188,
  "w1_layer2.0.conv1_hfer0.7": 0.2935968333656171,
  "w1_layer2.0.conv1_hfer0.6_hann": 0.3913044742835673,
  "w1_layer2.0.conv1_msr": 3.109314050513883e-05,
  "gnorm_w1_layer2.0.conv1": 0.22079305186656975,
  "w1_layer3.0.conv1_hfer0.5": 0.4938133515472885,
  "w1_layer3.0.conv1_hfer0.6": 0.3947936086067326,
  "w1_layer3.0.conv1_hfer0.7": 0.29640146114621346,
  "w1_layer3.0.conv1_hfer0.6_hann": 0.39504928229466013,
  "w1_layer3.0.conv1_msr": 3.100550060752771e-05,
  "gnorm_w1_layer3.0.conv1": 0.4198682236620467,
  "w1_linear_hfer0.5": 0.4334826772980363,
  "w1_linear_hfer0.6": 0.3478915734964624,
  "w1_linear_hfer0.7": 0.2573245737910842,
  "w1_linear_hfer0.6_hann": 0.36113218341167463,
  "w1_linear_msr": 3.170939534387514e-05,
  "gnorm_w1_linear": 0.2407768944945773,
  "w2_conv1_hfer0.5": 0.48585271011875725,
  "w2_conv1_hfer0.6": 0.38775243083989036,
  "w2_conv1_hfer0.7": 0.2911386229744887,
  "w2_conv1_hfer0.6_hann": 0.3864539740692192,
  "w2_conv1_msr": 3.0416324772978823e-05,
  "gnorm_w2_conv1": 0.15258487257990355,
  "w2_layer2.0.conv1_hfer0.5": 0.4954981025785056,
  "w2_layer2.0.conv1_hfer0.6": 0.39553520500898326,
  "w2_layer2.0.conv1_hfer0.7": 0.29674811030047277,
  "w2_layer2.0.conv1_hfer0.6_hann": 0.3951080930167419,
  "w2_layer2.0.conv1_msr": 3.0425374268662067e-05,
  "gnorm_w2_layer2.0.conv1": 0.15262634768731995,
  "w2_layer3.0.conv1_hfer0.5": 0.49800659503181816,
  "w2_layer3.0.conv1_hfer0.6": 0.3978567329808246,
  "w2_layer3.0.conv1_hfer0.7": 0.2988994019062903,
  "w2_layer3.0.conv1_hfer0.6_hann": 0.39725416298579613,
  "w2_layer3.0.conv1_msr": 3.0418651357722746e-05,
  "gnorm_w2_layer3.0.conv1": 0.29868135138615914,
  "w2_linear_hfer0.5": 0.47073019149435535,
  "w2_linear_hfer0.6": 0.37264047059553823,
  "w2_linear_hfer0.7": 0.28302854481528067,
  "w2_linear_hfer0.6_hann": 0.36369067277389894,
  "w2_linear_msr": 3.0010374882133924e-05,
  "gnorm_w2_linear": 0.1317253384466846,
  "shfer_w0_all": 0.3640592523499047,
  "shfer_w0_stem": 0.34332748820048464,
  "shfer_w0_layer1": 0.36309059607708183,
  "shfer_w0_layer2": 0.37521065374945456,
  "shfer_w0_layer3": 0.37960571287547096,
  "shfer_w0_layer4": 0.37213369666143337,
  "shfer_w0_head": 0.2704997900102156,
  "shfer_w1_all": 0.3923780909397812,
  "shfer_w1_stem": 0.37860815391450425,
  "shfer_w1_layer1": 0.3898293127997284,
  "shfer_w1_layer2": 0.3906819133110905,
  "shfer_w1_layer3": 0.3950750705055113,
  "shfer_w1_layer4": 0.392642333429684,
  "shfer_w1_head": 0.35372246489750425,
  "shfer_w2_all": 0.39601863762957895,
  "shfer_w2_stem": 0.38823892548609557,
  "shfer_w2_layer1": 0.3933747330535384,
  "shfer_w2_layer2": 0.39436568848299985,
  "shfer_w2_layer3": 0.3966293830857281,
  "shfer_w2_layer4": 0.39667569455152996,
  "shfer_w2_head": 0.3721019047293252
}