{
  "diverged": false,
  "n_steps": 10000,
  "spikes": 438,
  "train_loss_tail": 0.025684308351716027,
  "val_loss": 1.3388930419921874,
  "val_acc": 0.7601,
  "lam_tail": 1.4499261379241943,
  "chi_tail": 0.4639763641357421,
  "sharpness_threshold": 11.875000000000002,
  "secs": 829.8,
  "hfer_w1_mid": 0.3857851961272302,
  "raw_paths": "",
  "w0_conv1_hfer0.5": 0.3766961655424217,
  "w0_conv1_hfer0.6": 0.29806213519840485,
  "w0_conv1_hfer0.7": 0.2261534968653445,
  "w0_conv1_hfer0.6_hann": 0.295893329184272,
  "w0_conv1_msr": 0.32135150317246863,
  "gnorm_w0_conv1": 0.11348858074852099,
  "w0_layer2.0.conv1_hfer0.5": 0.45593875380835575,
  "w0_layer2.0.conv1_hfer0.6": 0.3636173606482535,
  "w0_layer2.0.conv1_hfer0.7": 0.2723736915868739,
  "w0_layer2.0.conv1_hfer0.6_hann": 0.36202234129132094,
  "w0_layer2.0.conv1_msr": 0.3214909471248336,
  "gnorm_w0_layer2.0.conv1": 0.0673849528164187,
  "w0_layer3.0.conv1_hfer0.5": 0.4833125020278769,
  "w0_layer3.0.conv1_hfer0.6": 0.3857851961272302,
  "w0_layer3.0.conv1_hfer0.7": 0.28944152049641414,
  "w0_layer3.0.conv1_hfer0.6_hann": 0.38520276531362196,
  "w0_layer3.0.conv1_msr": 0.321500873910595,
  "gnorm_w0_layer3.0.conv1": 0.14771706904999532,
  "w0_linear_hfer0.5": 0.39164743258673523,
  "w0_linear_hfer0.6": 0.3117015063027941,
  "w0_linear_hfer0.7": 0.23302026119728286,
  "w0_linear_hfer0.6_hann": 0.30645633175163645,
  "w0_linear_msr": 0.32298357967329394,
  "gnorm_w0_linear": 0.10706349199037822
}