{
  "diverged": false,
  "n_steps": 10000,
  "spikes": 548,
  "train_loss_tail": 0.0010633349086274393,
  "val_loss": 2.3906289306640627,
  "val_acc": 0.5721,
  "lam_tail": 0.10175137221813202,
  "chi_tail": 0.002035027444362642,
  "sharpness_threshold": 194.9999999999998,
  "secs": 1267.4,
  "hfer_w1_mid": 0.39550078579493564,
  "raw_paths": "",
  "w0_conv1_hfer0.5": 0.4157157614730271,
  "w0_conv1_hfer0.6": 0.33070989671290685,
  "w0_conv1_hfer0.7": 0.24799274924192363,
  "w0_conv1_hfer0.6_hann": 0.3335297670613595,
  "w0_conv1_msr": 0.0007639364773575629,
  "gnorm_w0_conv1": 0.3943523542725572,
  "w0_layer2.0.conv1_hfer0.5": 0.460820255183364,
  "w0_layer2.0.conv1_hfer0.6": 0.36811657489361743,
  "w0_layer2.0.conv1_hfer0.7": 0.2771229265358351,
  "w0_layer2.0.conv1_hfer0.6_hann": 0.3709012374672025,
  "w0_layer2.0.conv1_msr": 0.0007651281352111995,
  "gnorm_w0_layer2.0.conv1": 0.32867860069953475,
  "w0_layer3.0.conv1_hfer0.5": 0.47774785997229124,
  "w0_layer3.0.conv1_hfer0.6": 0.38149587742539687,
  "w0_layer3.0.conv1_hfer0.7": 0.2866166999810481,
  "w0_layer3.0.conv1_hfer0.6_hann": 0.3828037148828192,
  "w0_layer3.0.conv1_msr": 0.0007659114296298983,
  "gnorm_w0_layer3.0.conv1": 0.5817648047295827,
  "w0_linear_hfer0.5": 0.4420275804019508,
  "w0_linear_hfer0.6": 0.3528114916777291,
  "w0_linear_hfer0.7": 0.2652727354666299,
  "w0_linear_hfer0.6_hann": 0.35463375584737056,
  "w0_linear_msr": 0.00076748347000425,
  "gnorm_w0_linear": 0.9046837983369354,
  "w1_conv1_hfer0.5": 0.4745563613734478,
  "w1_conv1_hfer0.6": 0.37770794568778776,
  "w1_conv1_hfer0.7": 0.2860504693143346,
  "w1_conv1_hfer0.6_hann": 0.37948659414143215,
  "w1_conv1_msr": 0.0007645895970845015,
  "gnorm_w1_conv1": 0.12101703141401232,
  "w1_layer2.0.conv1_hfer0.5": 0.49227855578197166,
  "w1_layer2.0.conv1_hfer0.6": 0.39281442093842583,
  "w1_layer2.0.conv1_hfer0.7": 0.29538710624801295,
  "w1_layer2.0.conv1_hfer0.6_hann": 0.394336249639699,
  "w1_layer2.0.conv1_msr": 0.0007702560968155908,
  "gnorm_w1_layer2.0.conv1": 0.11843960414203092,
  "w1_layer3.0.conv1_hfer0.5": 0.4951839625586573,
  "w1_layer3.0.conv1_hfer0.6": 0.39550078579493564,
  "w1_layer3.0.conv1_hfer0.7": 0.29720777080868643,
  "w1_layer3.0.conv1_hfer0.6_hann": 0.3976262653680853,
  "w1_layer3.0.conv1_msr": 0.0007702191594518422,
  "gnorm_w1_layer3.0.conv1": 0.2459275051238141,
  "w1_linear_hfer0.5": 0.47649719420581377,
  "w1_linear_hfer0.6": 0.379705277256223,
  "w1_linear_hfer0.7": 0.28567213515079676,
  "w1_linear_hfer0.6_hann": 0.3854444531643743,
  "w1_linear_msr": 0.0007718204248927532,
  "gnorm_w1_linear": 0.22684230085546092,
  "w2_conv1_hfer0.5": 0.5190611681427686,
  "w2_conv1_hfer0.6": 0.4193494960355091,
  "w2_conv1_hfer0.7": 0.31076300000126583,
  "w2_conv1_hfer0.6_hann": 0.409189858305004,
  "w2_conv1_msr": 0.0007657101179218802,
  "gnorm_w2_conv1": 0.007736893097549848,
  "w2_layer2.0.conv1_hfer0.5": 0.5033340960598099,
  "w2_layer2.0.conv1_hfer0.6": 0.40281513302569505,
  "w2_layer2.0.conv1_hfer0.7": 0.3018280590625514,
  "w2_layer2.0.conv1_hfer0.6_hann": 0.40111016367882274,
  "w2_layer2.0.conv1_msr": 0.000764258106153652,
  "gnorm_w2_layer2.0.conv1": 0.007998592395100769,
  "w2_layer3.0.conv1_hfer0.5": 0.5014024088997265,
  "w2_layer3.0.conv1_hfer0.6": 0.4003323025367544,
  "w2_layer3.0.conv1_hfer0.7": 0.29988692617113205,
  "w2_layer3.0.conv1_hfer0.6_hann": 0.4001578511017906,
  "w2_layer3.0.conv1_msr": 0.0007644509026425743,
  "gnorm_w2_layer3.0.conv1": 0.016900622834888922,
  "w2_linear_hfer0.5": 0.49881270014017737,
  "w2_linear_hfer0.6": 0.3994207160617726,
  "w2_linear_hfer0.7": 0.2998191238267264,
  "w2_linear_hfer0.6_hann": 0.39969212403564885,
  "w2_linear_msr": 0.0007700577733672797,
  "gnorm_w2_linear": 0.028717920471681268,
  "shfer_w0_all": 0.3761985394612276,
  "shfer_w0_stem": 0.3310251137566922,
  "shfer_w0_layer1": 0.3583821023161646,
  "shfer_w0_layer2": 0.37398316335933013,
  "shfer_w0_layer3": 0.3847008260320105,
  "shfer_w0_layer4": 0.38376574479364267,
  "shfer_w0_head": 0.35114690979123375,
  "shfer_w1_all": 0.3944014401052878,
  "shfer_w1_stem": 0.37543597103323256,
  "shfer_w1_layer1": 0.389094888152352,
  "shfer_w1_layer2": 0.3917287115061896,
  "shfer_w1_layer3": 0.3989163570657542,
  "shfer_w1_layer4": 0.3943722437938669,
  "shfer_w1_head": 0.38133393587068093,
  "shfer_w2_all": 0.3989772965095583,
  "shfer_w2_stem": 0.42071733607365014,
  "shfer_w2_layer1": 0.40203943414601984,
  "shfer_w2_layer2": 0.4058654977300273,
  "shfer_w2_layer3": 0.4019494647546327,
  "shfer_w2_layer4": 0.4004398086108921,
  "shfer_w2_head": 0.3998126816815554
}