{
  "diverged": false,
  "n_steps": 10000,
  "spikes": 1187,
  "train_loss_tail": 0.00011374812993017259,
  "val_loss": 0.8308138732910156,
  "val_acc": 0.8423,
  "lam_tail": 0.21297311782836914,
  "chi_tail": 0.010648655891418458,
  "sharpness_threshold": 60.0,
  "secs": 1230.3,
  "hfer_w1_mid": 0.40016686571182,
  "raw_paths": "",
  "w0_conv1_hfer0.5": 0.5015430731847258,
  "w0_conv1_hfer0.6": 0.39599827771167845,
  "w0_conv1_hfer0.7": 0.29686623874300766,
  "w0_conv1_hfer0.6_hann": 0.3923159285315412,
  "w0_conv1_msr": 0.12619307119358458,
  "gnorm_w0_conv1": 0.4858295907229916,
  "w0_layer2.0.conv1_hfer0.5": 0.499709630685306,
  "w0_layer2.0.conv1_hfer0.6": 0.3977774242585555,
  "w0_layer2.0.conv1_hfer0.7": 0.297550670591662,
  "w0_layer2.0.conv1_hfer0.6_hann": 0.3981093690774682,
  "w0_layer2.0.conv1_msr": 0.1261823540611018,
  "gnorm_w0_layer2.0.conv1": 0.5222999085842721,
  "w0_layer3.0.conv1_hfer0.5": 0.49972421277844853,
  "w0_layer3.0.conv1_hfer0.6": 0.3983874471783894,
  "w0_layer3.0.conv1_hfer0.7": 0.298630261725512,
  "w0_layer3.0.conv1_hfer0.6_hann": 0.398262011249742,
  "w0_layer3.0.conv1_msr": 0.1261432198801286,
  "gnorm_w0_layer3.0.conv1": 0.8727772127813318,
  "w0_linear_hfer0.5": 0.5065141968740536,
  "w0_linear_hfer0.6": 0.39184234905090054,
  "w0_linear_hfer0.7": 0.2891192651408047,
  "w0_linear_hfer0.6_hann": 0.3859172575290206,
  "w0_linear_msr": 0.12649783580988536,
  "gnorm_w0_linear": 0.6271776839615951,
  "w1_conv1_hfer0.5": 0.4958090996444375,
  "w1_conv1_hfer0.6": 0.3966600040938461,
  "w1_conv1_hfer0.7": 0.2978563955446737,
  "w1_conv1_hfer0.6_hann": 0.39906412286088233,
  "w1_conv1_msr": 0.1260450524001918,
  "gnorm_w1_conv1": 0.21035772692387616,
  "w1_layer2.0.conv1_hfer0.5": 0.49956663008638214,
  "w1_layer2.0.conv1_hfer0.6": 0.39918408528600546,
  "w1_layer2.0.conv1_hfer0.7": 0.2993994863138651,
  "w1_layer2.0.conv1_hfer0.6_hann": 0.3992540685447252,
  "w1_layer2.0.conv1_msr": 0.12612864766848145,
  "gnorm_w1_layer2.0.conv1": 0.23461138836728354,
  "w1_layer3.0.conv1_hfer0.5": 0.5004624499825011,
  "w1_layer3.0.conv1_hfer0.6": 0.40016686571182,
  "w1_layer3.0.conv1_hfer0.7": 0.3004260239662436,
  "w1_layer3.0.conv1_hfer0.6_hann": 0.39985698570047007,
  "w1_layer3.0.conv1_msr": 0.12611006181718395,
  "gnorm_w1_layer3.0.conv1": 0.42434958800189126,
  "w1_linear_hfer0.5": 0.4883655066787078,
  "w1_linear_hfer0.6": 0.38763440891439965,
  "w1_linear_hfer0.7": 0.29033288821571007,
  "w1_linear_hfer0.6_hann": 0.38478791258672973,
  "w1_linear_msr": 0.12601866297503614,
  "gnorm_w1_linear": 0.16361070857351143,
  "w2_conv1_hfer0.5": 0.5044998266704165,
  "w2_conv1_hfer0.6": 0.4063765886506439,
  "w2_conv1_hfer0.7": 0.3030358968818211,
  "w2_conv1_hfer0.6_hann": 0.40123199805199317,
  "w2_conv1_msr": 0.12609656434663993,
  "gnorm_w2_conv1": 0.008256236703206556,
  "w2_layer2.0.conv1_hfer0.5": 0.500792876437005,
  "w2_layer2.0.conv1_hfer0.6": 0.40007495385757674,
  "w2_layer2.0.conv1_hfer0.7": 0.3009023069450687,
  "w2_layer2.0.conv1_hfer0.6_hann": 0.39972222093648657,
  "w2_layer2.0.conv1_msr": 0.12600849366072683,
  "gnorm_w2_layer2.0.conv1": 0.009329174106258073,
  "w2_layer3.0.conv1_hfer0.5": 0.5009002263048582,
  "w2_layer3.0.conv1_hfer0.6": 0.4003746267744425,
  "w2_layer3.0.conv1_hfer0.7": 0.3008391751479476,
  "w2_layer3.0.conv1_hfer0.6_hann": 0.40017026022899443,
  "w2_layer3.0.conv1_msr": 0.12603436165914042,
  "gnorm_w2_layer3.0.conv1": 0.01631122516135876,
  "w2_linear_hfer0.5": 0.5007546424340209,
  "w2_linear_hfer0.6": 0.39957443867019643,
  "w2_linear_hfer0.7": 0.30418541776239477,
  "w2_linear_hfer0.6_hann": 0.3972916145807048,
  "w2_linear_msr": 0.1256723511894001,
  "gnorm_w2_linear": 0.005286744217210042,
  "shfer_w0_all": 0.39512084361304944,
  "shfer_w0_stem": 0.3936609442695841,
  "shfer_w0_layer1": 0.3970671725050458,
  "shfer_w0_layer2": 0.39753131397888025,
  "shfer_w0_layer3": 0.39710242203100005,
  "shfer_w0_layer4": 0.3946519836468278,
  "shfer_w0_head": 0.3944674421593525,
  "shfer_w1_all": 0.4001947472667564,
  "shfer_w1_stem": 0.3973060974990666,
  "shfer_w1_layer1": 0.3989704905235555,
  "shfer_w1_layer2": 0.3981256734137192,
  "shfer_w1_layer3": 0.399759669638767,
  "shfer_w1_layer4": 0.4010450508295783,
  "shfer_w1_head": 0.3889443515934179,
  "shfer_w2_all": 0.4009091170602027,
  "shfer_w2_stem": 0.40580339498798673,
  "shfer_w2_layer1": 0.40079603821664844,
  "shfer_w2_layer2": 0.39809362950551247,
  "shfer_w2_layer3": 0.4010336031742522,
  "shfer_w2_layer4": 0.39880019558591906,
  "shfer_w2_head": 0.39891470896225073
}