{
  "diverged": false,
  "n_steps": 10000,
  "spikes": 413,
  "train_loss_tail": 0.0013805343094281852,
  "val_loss": 2.094804821777344,
  "val_acc": 0.5675,
  "lam_tail": 0.5365115404129028,
  "chi_tail": 0.005365115404129027,
  "sharpness_threshold": 380.00000000000006,
  "secs": 1277.2,
  "hfer_w1_mid": 0.39806202772417126,
  "raw_paths": "",
  "w0_conv1_hfer0.5": 0.4196561013841628,
  "w0_conv1_hfer0.6": 0.3344460041818277,
  "w0_conv1_hfer0.7": 0.2500297586670645,
  "w0_conv1_hfer0.6_hann": 0.34181877547997747,
  "w0_conv1_msr": 0.0032234622427032024,
  "gnorm_w0_conv1": 0.7790913318108452,
  "w0_layer2.0.conv1_hfer0.5": 0.4702510748288929,
  "w0_layer2.0.conv1_hfer0.6": 0.3755639339033,
  "w0_layer2.0.conv1_hfer0.7": 0.28167821686931144,
  "w0_layer2.0.conv1_hfer0.6_hann": 0.37800891557924915,
  "w0_layer2.0.conv1_msr": 0.003218721813848396,
  "gnorm_w0_layer2.0.conv1": 0.6958996248152373,
  "w0_layer3.0.conv1_hfer0.5": 0.4837604980728196,
  "w0_layer3.0.conv1_hfer0.6": 0.3859950162581184,
  "w0_layer3.0.conv1_hfer0.7": 0.2900246183961448,
  "w0_layer3.0.conv1_hfer0.6_hann": 0.38719503736964467,
  "w0_layer3.0.conv1_msr": 0.0032147092124956683,
  "gnorm_w0_layer3.0.conv1": 1.2053419911206935,
  "w0_linear_hfer0.5": 0.4481196912226798,
  "w0_linear_hfer0.6": 0.3584689341677384,
  "w0_linear_hfer0.7": 0.27003654020676027,
  "w0_linear_hfer0.6_hann": 0.36090365851261347,
  "w0_linear_msr": 0.0032163847698365292,
  "gnorm_w0_linear": 1.3390320986427748,
  "w1_conv1_hfer0.5": 0.49245758019825336,
  "w1_conv1_hfer0.6": 0.3942416131229127,
  "w1_conv1_hfer0.7": 0.299981800646497,
  "w1_conv1_hfer0.6_hann": 0.3939546698318645,
  "w1_conv1_msr": 0.0032253540751086087,
  "gnorm_w1_conv1": 0.10752019418480174,
  "w1_layer2.0.conv1_hfer0.5": 0.496780776050506,
  "w1_layer2.0.conv1_hfer0.6": 0.3967712973885681,
  "w1_layer2.0.conv1_hfer0.7": 0.2978026169517339,
  "w1_layer2.0.conv1_hfer0.6_hann": 0.3972470577994721,
  "w1_layer2.0.conv1_msr": 0.0032331495252262074,
  "gnorm_w1_layer2.0.conv1": 0.10726496877473367,
  "w1_layer3.0.conv1_hfer0.5": 0.4983656480187195,
  "w1_layer3.0.conv1_hfer0.6": 0.39806202772417126,
  "w1_layer3.0.conv1_hfer0.7": 0.29913094745506563,
  "w1_layer3.0.conv1_hfer0.6_hann": 0.3987276831417233,
  "w1_layer3.0.conv1_msr": 0.0032335659488464254,
  "gnorm_w1_layer3.0.conv1": 0.21205306407606692,
  "w1_linear_hfer0.5": 0.48525089141758315,
  "w1_linear_hfer0.6": 0.3889205450585807,
  "w1_linear_hfer0.7": 0.2913378665448105,
  "w1_linear_hfer0.6_hann": 0.39221273724508,
  "w1_linear_msr": 0.0032271406765453964,
  "gnorm_w1_linear": 0.13883144081539786,
  "w2_conv1_hfer0.5": 0.4992217031318023,
  "w2_conv1_hfer0.6": 0.3968141155769407,
  "w2_conv1_hfer0.7": 0.30002120437839036,
  "w2_conv1_hfer0.6_hann": 0.39489102073332993,
  "w2_conv1_msr": 0.003198710299488594,
  "gnorm_w2_conv1": 0.01702115459650861,
  "w2_layer2.0.conv1_hfer0.5": 0.5010912630834712,
  "w2_layer2.0.conv1_hfer0.6": 0.3996785531889469,
  "w2_layer2.0.conv1_hfer0.7": 0.30211802957826334,
  "w2_layer2.0.conv1_hfer0.6_hann": 0.3984045273143415,
  "w2_layer2.0.conv1_msr": 0.0032041488723933234,
  "gnorm_w2_layer2.0.conv1": 0.018374874481388897,
  "w2_layer3.0.conv1_hfer0.5": 0.5012191217053976,
  "w2_layer3.0.conv1_hfer0.6": 0.4000253944407664,
  "w2_layer3.0.conv1_hfer0.7": 0.3026426201527062,
  "w2_layer3.0.conv1_hfer0.6_hann": 0.3987556162964236,
  "w2_layer3.0.conv1_msr": 0.0032041164567573974,
  "gnorm_w2_layer3.0.conv1": 0.03673586384313054,
  "w2_linear_hfer0.5": 0.49498897963679656,
  "w2_linear_hfer0.6": 0.3953383718518767,
  "w2_linear_hfer0.7": 0.2980027966901407,
  "w2_linear_hfer0.6_hann": 0.383565374383226,
  "w2_linear_msr": 0.003211212580549307,
  "gnorm_w2_linear": 0.04688923557047986,
  "shfer_w0_all": 0.3826327267677424,
  "shfer_w0_stem": 0.33476975425547845,
  "shfer_w0_layer1": 0.36502592615571683,
  "shfer_w0_layer2": 0.3781941710501442,
  "shfer_w0_layer3": 0.3878821113461066,
  "shfer_w0_layer4": 0.3896441824651607,
  "shfer_w0_head": 0.35850054982477836,
  "shfer_w1_all": 0.3998645558936946,
  "shfer_w1_stem": 0.3938242602524007,
  "shfer_w1_layer1": 0.3954587808075581,
  "shfer_w1_layer2": 0.3980111446479418,
  "shfer_w1_layer3": 0.3988842871780561,
  "shfer_w1_layer4": 0.3998077785119494,
  "shfer_w1_head": 0.3908737574419519,
  "shfer_w2_all": 0.3986730283091562,
  "shfer_w2_stem": 0.3984178701682512,
  "shfer_w2_layer1": 0.399078006848927,
  "shfer_w2_layer2": 0.40120034102775737,
  "shfer_w2_layer3": 0.4000081690490552,
  "shfer_w2_layer4": 0.4008831123012889,
  "shfer_w2_head": 0.39586936227738706
}