{
  "diverged": false,
  "n_steps": 10000,
  "spikes": 1572,
  "train_loss_tail": 0.0009692922743597592,
  "val_loss": 0.9398219055175782,
  "val_acc": 0.8439,
  "lam_tail": 3.603557586669922,
  "chi_tail": 0.03603557586669925,
  "sharpness_threshold": 389.9999999999996,
  "secs": 1206.8,
  "hfer_w1_mid": 0.3961061253685993,
  "raw_paths": "",
  "w0_conv1_hfer0.5": 0.44449945729379475,
  "w0_conv1_hfer0.6": 0.3554495832833061,
  "w0_conv1_hfer0.7": 0.26880077951362713,
  "w0_conv1_hfer0.6_hann": 0.3563368059806576,
  "w0_conv1_msr": 0.0007721030777186162,
  "gnorm_w0_conv1": 0.4115045458853183,
  "w0_layer2.0.conv1_hfer0.5": 0.47608893781937345,
  "w0_layer2.0.conv1_hfer0.6": 0.3806578163791324,
  "w0_layer2.0.conv1_hfer0.7": 0.2861462818848548,
  "w0_layer2.0.conv1_hfer0.6_hann": 0.3824349632853541,
  "w0_layer2.0.conv1_msr": 0.0007672028011350588,
  "gnorm_w0_layer2.0.conv1": 0.3933176396095457,
  "w0_layer3.0.conv1_hfer0.5": 0.482975995572812,
  "w0_layer3.0.conv1_hfer0.6": 0.38583330626803547,
  "w0_layer3.0.conv1_hfer0.7": 0.28955692996449345,
  "w0_layer3.0.conv1_hfer0.6_hann": 0.38643462201400364,
  "w0_layer3.0.conv1_msr": 0.0007671407155876782,
  "gnorm_w0_layer3.0.conv1": 0.625379601020119,
  "w0_linear_hfer0.5": 0.35446491924010837,
  "w0_linear_hfer0.6": 0.28413939574152064,
  "w0_linear_hfer0.7": 0.2141342270724739,
  "w0_linear_hfer0.6_hann": 0.28661628020014646,
  "w0_linear_msr": 0.0007657613457739348,
  "gnorm_w0_linear": 0.653667526238108,
  "w1_conv1_hfer0.5": 0.4876917425140537,
  "w1_conv1_hfer0.6": 0.3899997771468529,
  "w1_conv1_hfer0.7": 0.29232711714548454,
  "w1_conv1_hfer0.6_hann": 0.39283003970594743,
  "w1_conv1_msr": 0.0007668646873940761,
  "gnorm_w1_conv1": 0.1963755581091612,
  "w1_layer2.0.conv1_hfer0.5": 0.4947149083207675,
  "w1_layer2.0.conv1_hfer0.6": 0.3951331605612227,
  "w1_layer2.0.conv1_hfer0.7": 0.2971544890108054,
  "w1_layer2.0.conv1_hfer0.6_hann": 0.39476116104497255,
  "w1_layer2.0.conv1_msr": 0.000766473736879078,
  "gnorm_w1_layer2.0.conv1": 0.20719259199913515,
  "w1_layer3.0.conv1_hfer0.5": 0.4957623977040688,
  "w1_layer3.0.conv1_hfer0.6": 0.3961061253685993,
  "w1_layer3.0.conv1_hfer0.7": 0.2974797977056724,
  "w1_layer3.0.conv1_hfer0.6_hann": 0.3962761838058063,
  "w1_layer3.0.conv1_msr": 0.0007669288892419208,
  "gnorm_w1_layer3.0.conv1": 0.36790473289513903,
  "w1_linear_hfer0.5": 0.45295453855018836,
  "w1_linear_hfer0.6": 0.3617678365105163,
  "w1_linear_hfer0.7": 0.2745850352418934,
  "w1_linear_hfer0.6_hann": 0.36065113561097434,
  "w1_linear_msr": 0.0007633187225502627,
  "gnorm_w1_linear": 0.1937274936324595,
  "w2_conv1_hfer0.5": 0.4874769751231937,
  "w2_conv1_hfer0.6": 0.3879224612553436,
  "w2_conv1_hfer0.7": 0.29194196412981127,
  "w2_conv1_hfer0.6_hann": 0.3892747911810491,
  "w2_conv1_msr": 0.000771917031399363,
  "gnorm_w2_conv1": 0.10992316657257618,
  "w2_layer2.0.conv1_hfer0.5": 0.49784469145357363,
  "w2_layer2.0.conv1_hfer0.6": 0.39704689885284206,
  "w2_layer2.0.conv1_hfer0.7": 0.29856885875616007,
  "w2_layer2.0.conv1_hfer0.6_hann": 0.39727122141483406,
  "w2_layer2.0.conv1_msr": 0.0007660450183722457,
  "gnorm_w2_layer2.0.conv1": 0.11935339711029241,
  "w2_layer3.0.conv1_hfer0.5": 0.4990583799721048,
  "w2_layer3.0.conv1_hfer0.6": 0.39869054967416256,
  "w2_layer3.0.conv1_hfer0.7": 0.2994716701093469,
  "w2_layer3.0.conv1_hfer0.6_hann": 0.39846882878859097,
  "w2_layer3.0.conv1_msr": 0.0007665155024270075,
  "gnorm_w2_layer3.0.conv1": 0.21525401117995066,
  "w2_linear_hfer0.5": 0.479609626384541,
  "w2_linear_hfer0.6": 0.3887423983397558,
  "w2_linear_hfer0.7": 0.29394681335686623,
  "w2_linear_hfer0.6_hann": 0.38155871234088046,
  "w2_linear_msr": 0.0007628152768822516,
  "gnorm_w2_linear": 0.09128261527865389,
  "shfer_w0_all": 0.3724801119387206,
  "shfer_w0_stem": 0.3588050608241684,
  "shfer_w0_layer1": 0.3716420685481696,
  "shfer_w0_layer2": 0.38163156854690256,
  "shfer_w0_layer3": 0.38510621459674443,
  "shfer_w0_layer4": 0.3797369953494209,
  "shfer_w0_head": 0.2850257287206632,
  "shfer_w1_all": 0.39514971210776223,
  "shfer_w1_stem": 0.3907621025075256,
  "shfer_w1_layer1": 0.3925374410787498,
  "shfer_w1_layer2": 0.3970199743148265,
  "shfer_w1_layer3": 0.3916052107348064,
  "shfer_w1_layer4": 0.3980843728491758,
  "shfer_w1_head": 0.36072968356649476,
  "shfer_w2_all": 0.39697606583505796,
  "shfer_w2_stem": 0.3885743925003456,
  "shfer_w2_layer1": 0.3961660087587901,
  "shfer_w2_layer2": 0.3980849274834911,
  "shfer_w2_layer3": 0.3983113429910755,
  "shfer_w2_layer4": 0.39875607331913,
  "shfer_w2_head": 0.39100382634941605
}