{
  "diverged": false,
  "n_steps": 10000,
  "spikes": 1207,
  "train_loss_tail": 0.0011495320401445498,
  "val_loss": 1.0807803161621095,
  "val_acc": 0.8275,
  "lam_tail": 7.795077800750732,
  "chi_tail": 1.5590155601501465,
  "sharpness_threshold": 15.0,
  "secs": 1208.2,
  "hfer_w1_mid": 0.39886757332683936,
  "raw_paths": "",
  "w0_conv1_hfer0.5": 0.5032037310795879,
  "w0_conv1_hfer0.6": 0.3934873080304847,
  "w0_conv1_hfer0.7": 0.29249838145232465,
  "w0_conv1_hfer0.6_hann": 0.3861221114937819,
  "w0_conv1_msr": 0.12632146988562717,
  "gnorm_w0_conv1": 0.33936307848952324,
  "w0_layer2.0.conv1_hfer0.5": 0.495720205264996,
  "w0_layer2.0.conv1_hfer0.6": 0.3933179213900214,
  "w0_layer2.0.conv1_hfer0.7": 0.2932432065971586,
  "w0_layer2.0.conv1_hfer0.6_hann": 0.3936525060741074,
  "w0_layer2.0.conv1_msr": 0.1262901031421417,
  "gnorm_w0_layer2.0.conv1": 0.2003881467936302,
  "w0_layer3.0.conv1_hfer0.5": 0.49952486931776463,
  "w0_layer3.0.conv1_hfer0.6": 0.3971419068903111,
  "w0_layer3.0.conv1_hfer0.7": 0.2966476766165294,
  "w0_layer3.0.conv1_hfer0.6_hann": 0.39687162766500883,
  "w0_layer3.0.conv1_msr": 0.12625189852565424,
  "gnorm_w0_layer3.0.conv1": 0.4231973790533446,
  "w0_linear_hfer0.5": 0.5048141619124232,
  "w0_linear_hfer0.6": 0.3843756596965744,
  "w0_linear_hfer0.7": 0.2847254465919213,
  "w0_linear_hfer0.6_hann": 0.3806919081828972,
  "w0_linear_msr": 0.1266763949333535,
  "gnorm_w0_linear": 0.41393597559336853,
  "w1_conv1_hfer0.5": 0.49509445595616375,
  "w1_conv1_hfer0.6": 0.39773964221063707,
  "w1_conv1_hfer0.7": 0.29579769523936933,
  "w1_conv1_hfer0.6_hann": 0.4001738471141432,
  "w1_conv1_msr": 0.12616354727780685,
  "gnorm_w1_conv1": 0.18359537173602178,
  "w1_layer2.0.conv1_hfer0.5": 0.49963687159978026,
  "w1_layer2.0.conv1_hfer0.6": 0.3991126797905851,
  "w1_layer2.0.conv1_hfer0.7": 0.2999684819133389,
  "w1_layer2.0.conv1_hfer0.6_hann": 0.39978127349997994,
  "w1_layer2.0.conv1_msr": 0.1260508010014016,
  "gnorm_w1_layer2.0.conv1": 0.12845270299709466,
  "w1_layer3.0.conv1_hfer0.5": 0.49953125435187185,
  "w1_layer3.0.conv1_hfer0.6": 0.39886757332683936,
  "w1_layer3.0.conv1_hfer0.7": 0.2995865797447279,
  "w1_layer3.0.conv1_hfer0.6_hann": 0.3992686047923239,
  "w1_layer3.0.conv1_msr": 0.12606647171378657,
  "gnorm_w1_layer3.0.conv1": 0.2983774860832246,
  "w1_linear_hfer0.5": 0.4986457410157821,
  "w1_linear_hfer0.6": 0.39362015901373243,
  "w1_linear_hfer0.7": 0.2965672717733739,
  "w1_linear_hfer0.6_hann": 0.39683357066264646,
  "w1_linear_msr": 0.12611804452876174,
  "gnorm_w1_linear": 0.16875065242251752,
  "w2_conv1_hfer0.5": 0.5030039222276126,
  "w2_conv1_hfer0.6": 0.40557643823701084,
  "w2_conv1_hfer0.7": 0.3024258773376231,
  "w2_conv1_hfer0.6_hann": 0.4020188617492975,
  "w2_conv1_msr": 0.12619412264168434,
  "gnorm_w2_conv1": 0.09242770232455548,
  "w2_layer2.0.conv1_hfer0.5": 0.4999660698603578,
  "w2_layer2.0.conv1_hfer0.6": 0.3997835749754001,
  "w2_layer2.0.conv1_hfer0.7": 0.30056630332260076,
  "w2_layer2.0.conv1_hfer0.6_hann": 0.39920901920776597,
  "w2_layer2.0.conv1_msr": 0.12598335542715083,
  "gnorm_w2_layer2.0.conv1": 0.0675356905819919,
  "w2_layer3.0.conv1_hfer0.5": 0.5006836305854796,
  "w2_layer3.0.conv1_hfer0.6": 0.4006379867778656,
  "w2_layer3.0.conv1_hfer0.7": 0.3008518690774889,
  "w2_layer3.0.conv1_hfer0.6_hann": 0.40054653297060955,
  "w2_layer3.0.conv1_msr": 0.12603592474270264,
  "gnorm_w2_layer3.0.conv1": 0.15907945034117094,
  "w2_linear_hfer0.5": 0.490190126711833,
  "w2_linear_hfer0.6": 0.38677528339236444,
  "w2_linear_hfer0.7": 0.2886644813813647,
  "w2_linear_hfer0.6_hann": 0.38966671965514627,
  "w2_linear_msr": 0.1262376811389425,
  "gnorm_w2_linear": 0.07347708843455256,
  "shfer_w0_all": 0.3948748318407863,
  "shfer_w0_stem": 0.3924925625478169,
  "shfer_w0_layer1": 0.39585763533223783,
  "shfer_w0_layer2": 0.39226180606036415,
  "shfer_w0_layer3": 0.39909449289675636,
  "shfer_w0_layer4": 0.39741077064249153,
  "shfer_w0_head": 0.3870217002109989,
  "shfer_w1_all": 0.3988461934341504,
  "shfer_w1_stem": 0.397911452345335,
  "shfer_w1_layer1": 0.3977130086237337,
  "shfer_w1_layer2": 0.40056324140928046,
  "shfer_w1_layer3": 0.3988840458418298,
  "shfer_w1_layer4": 0.4009694277824149,
  "shfer_w1_head": 0.39364945125329737,
  "shfer_w2_all": 0.3982106788594089,
  "shfer_w2_stem": 0.4043399606675264,
  "shfer_w2_layer1": 0.39809289673049886,
  "shfer_w2_layer2": 0.39972255912227,
  "shfer_w2_layer3": 0.39889438226403073,
  "shfer_w2_layer4": 0.3979009055681142,
  "shfer_w2_head": 0.38774748264722825
}