{
  "diverged": false,
  "n_steps": 10000,
  "spikes": 1385,
  "train_loss_tail": 0.002253947012795834,
  "val_loss": 0.965381640625,
  "val_acc": 0.8436,
  "lam_tail": 8.231399536132812,
  "chi_tail": 0.32925598144531243,
  "sharpness_threshold": 95.00000000000001,
  "secs": 1239.5,
  "hfer_w1_mid": 0.39628573306270026,
  "raw_paths": "/work/02/gs26/s26001/river-valley-momentum/codebases/results/raw/grid_cifar10_bn_ema_lr0.4_b0.9_s0/w1_layer3.0.conv1_G.npz;/work/02/gs26/s26001/river-valley-momentum/codebases/results/raw/grid_cifar10_bn_ema_lr0.4_b0.9_s0/w1_linear_G.npz",
  "w0_conv1_hfer0.5": 0.4492042545220528,
  "w0_conv1_hfer0.6": 0.3586271849439566,
  "w0_conv1_hfer0.7": 0.2705336254203036,
  "w0_conv1_hfer0.6_hann": 0.36196862548173386,
  "w0_conv1_msr": 0.0032150096036233527,
  "gnorm_w0_conv1": 0.27871811781178624,
  "w0_layer2.0.conv1_hfer0.5": 0.4759687022210594,
  "w0_layer2.0.conv1_hfer0.6": 0.38031107779321455,
  "w0_layer2.0.conv1_hfer0.7": 0.28622770834980404,
  "w0_layer2.0.conv1_hfer0.6_hann": 0.3819483376509423,
  "w0_layer2.0.conv1_msr": 0.0032149081868029948,
  "gnorm_w0_layer2.0.conv1": 0.27516034152102214,
  "w0_layer3.0.conv1_hfer0.5": 0.4828335095073144,
  "w0_layer3.0.conv1_hfer0.6": 0.38563139445113065,
  "w0_layer3.0.conv1_hfer0.7": 0.2894262115441736,
  "w0_layer3.0.conv1_hfer0.6_hann": 0.3867426307938562,
  "w0_layer3.0.conv1_msr": 0.0032157009917944263,
  "gnorm_w0_layer3.0.conv1": 0.4678803202123279,
  "w0_linear_hfer0.5": 0.37463571959357633,
  "w0_linear_hfer0.6": 0.2970162387990321,
  "w0_linear_hfer0.7": 0.22180184570507028,
  "w0_linear_hfer0.6_hann": 0.30191397743714776,
  "w0_linear_msr": 0.003213817425533754,
  "gnorm_w0_linear": 0.4109040132661002,
  "w1_conv1_hfer0.5": 0.4815981404931089,
  "w1_conv1_hfer0.6": 0.38620561214200255,
  "w1_conv1_hfer0.7": 0.29119107181420534,
  "w1_conv1_hfer0.6_hann": 0.3863954796103217,
  "w1_conv1_msr": 0.003216496802479852,
  "gnorm_w1_conv1": 0.16740939429313628,
  "w1_layer2.0.conv1_hfer0.5": 0.4925874261673376,
  "w1_layer2.0.conv1_hfer0.6": 0.39426823498286,
  "w1_layer2.0.conv1_hfer0.7": 0.2963203681147953,
  "w1_layer2.0.conv1_hfer0.6_hann": 0.3956984190376971,
  "w1_layer2.0.conv1_msr": 0.003215184370856474,
  "gnorm_w1_layer2.0.conv1": 0.18175984926254599,
  "w1_layer3.0.conv1_hfer0.5": 0.4956252500224484,
  "w1_layer3.0.conv1_hfer0.6": 0.39628573306270026,
  "w1_layer3.0.conv1_hfer0.7": 0.2976111443380666,
  "w1_layer3.0.conv1_hfer0.6_hann": 0.3964667648946737,
  "w1_layer3.0.conv1_msr": 0.003217907270645593,
  "gnorm_w1_layer3.0.conv1": 0.3466178501065209,
  "w1_linear_hfer0.5": 0.440621124724254,
  "w1_linear_hfer0.6": 0.3554755930536977,
  "w1_linear_hfer0.7": 0.2631237465244804,
  "w1_linear_hfer0.6_hann": 0.364984354905031,
  "w1_linear_msr": 0.003218956430591545,
  "gnorm_w1_linear": 0.1886221598546461,
  "w2_conv1_hfer0.5": 0.4888540558018054,
  "w2_conv1_hfer0.6": 0.38874942669523405,
  "w2_conv1_hfer0.7": 0.2921433326040139,
  "w2_conv1_hfer0.6_hann": 0.37857866129975537,
  "w2_conv1_msr": 0.003200607735450409,
  "gnorm_w2_conv1": 0.1017403146597369,
  "w2_layer2.0.conv1_hfer0.5": 0.4977968222030972,
  "w2_layer2.0.conv1_hfer0.6": 0.397978218597185,
  "w2_layer2.0.conv1_hfer0.7": 0.29929592512495085,
  "w2_layer2.0.conv1_hfer0.6_hann": 0.39801673646374786,
  "w2_layer2.0.conv1_msr": 0.003209685859321711,
  "gnorm_w2_layer2.0.conv1": 0.11435379980645179,
  "w2_layer3.0.conv1_hfer0.5": 0.49879318256761346,
  "w2_layer3.0.conv1_hfer0.6": 0.39879856409324765,
  "w2_layer3.0.conv1_hfer0.7": 0.29961643008090233,
  "w2_layer3.0.conv1_hfer0.6_hann": 0.3987861401239032,
  "w2_layer3.0.conv1_msr": 0.003210720182715498,
  "gnorm_w2_layer3.0.conv1": 0.22197661099349505,
  "w2_linear_hfer0.5": 0.47306492819788803,
  "w2_linear_hfer0.6": 0.38188805880216203,
  "w2_linear_hfer0.7": 0.2884523174134757,
  "w2_linear_hfer0.6_hann": 0.3763492118522006,
  "w2_linear_msr": 0.003206764242018263,
  "gnorm_w2_linear": 0.101245563841965,
  "shfer_w0_all": 0.37496623501468707,
  "shfer_w0_stem": 0.3576043099907886,
  "shfer_w0_layer1": 0.3780760328169173,
  "shfer_w0_layer2": 0.3807502151049057,
  "shfer_w0_layer3": 0.38529599262722436,
  "shfer_w0_layer4": 0.37924237054941706,
  "shfer_w0_head": 0.2963015714543097,
  "shfer_w1_all": 0.3939060019901729,
  "shfer_w1_stem": 0.3885752572012689,
  "shfer_w1_layer1": 0.39342512203355445,
  "shfer_w1_layer2": 0.39354367826922143,
  "shfer_w1_layer3": 0.39569265109168894,
  "shfer_w1_layer4": 0.39402715357149726,
  "shfer_w1_head": 0.3524745002125402,
  "shfer_w2_all": 0.3988081703593838,
  "shfer_w2_stem": 0.38924473498522516,
  "shfer_w2_layer1": 0.39550430015612537,
  "shfer_w2_layer2": 0.39829770224013367,
  "shfer_w2_layer3": 0.3985059857359957,
  "shfer_w2_layer4": 0.4009279601438561,
  "shfer_w2_head": 0.382622606089987
}