{
  "gate_pass": false,
  "gate_a": true,
  "gate_b": false,
  "gate_c": true,
  "gate_d": false,
  "gate_e": true,
  "white_baseline": 0.40188911802099797,
  "hfer0": {
    "0.05": 0.8210121712635612,
    "0.1": 0.823344013172969,
    "0.2": 0.8380741996571367,
    "0.4": NaN
  },
  "benefit": {
    "0.05": 0.007661580517982942,
    "0.1": 0.03494121539123888,
    "0.2": 0.11920538154647604,
    "0.4": 0.2178895763683573
  },
  "rho_rows": [
    -0.5428571428571428,
    -0.08571428571428572,
    0.37142857142857144
  ],
  "muon_gaps": {
    "0.05": 0.022913312681433123,
    "0.2": 0.0346115280009095
  },
  "muon_detail": {
    "0.05": {
      "0.5": {
        "pre": {
          "final_loss": 2.2875044345855713,
          "val_loss": 2.331972830295563,
          "diverged": false,
          "hfer": 0.6965825699784778,
          "misalign": 0.9258061870932579
        },
        "post": {
          "final_loss": 2.3137269020080566,
          "val_loss": 2.350137610435486,
          "diverged": false,
          "hfer": 0.7537946032128986,
          "misalign": 0.9690948948264122
        }
      },
      "0.9": {
        "pre": {
          "final_loss": 2.271512508392334,
          "val_loss": 2.3224026203155517,
          "diverged": false,
          "hfer": 0.6773301995396929,
          "misalign": 0.8666783273220062
        },
        "post": {
          "final_loss": 2.3247809410095215,
          "val_loss": 2.3516927647590635,
          "diverged": false,
          "hfer": 0.7655542003282998,
          "misalign": 0.9280338287353516
        }
      },
      "0.95": {
        "pre": {
          "final_loss": 2.2674334049224854,
          "val_loss": 2.3238789415359498,
          "diverged": false,
          "hfer": 0.6896494707436092,
          "misalign": 0.8101321458816528
        },
        "post": {
          "final_loss": 2.3212766647338867,
          "val_loss": 2.3526390957832337,
          "diverged": false,
          "hfer": 0.7705684073141894,
          "misalign": 0.9013138189911842
        }
      },
      "polar": 2.306497573852539
    },
    "0.2": {
      "0.5": {
        "pre": {
          "final_loss": 2.1927809715270996,
          "val_loss": 2.2869066309928896,
          "diverged": false,
          "hfer": 0.5679518365370312,
          "misalign": 0.908028781414032
        },
        "post": {
          "final_loss": 2.2922849655151367,
          "val_loss": 2.363168363571167,
          "diverged": false,
          "hfer": 0.5123237971018173,
          "misalign": 0.9761183485388756
        }
      },
      "0.9": {
        "pre": {
          "final_loss": 2.254448890686035,
          "val_loss": 2.3212719106674196,
          "diverged": false,
          "hfer": 0.7454053968893616,
          "misalign": 0.8587423264980316
        },
        "post": {
          "final_loss": 2.1283183097839355,
          "val_loss": 2.210081470012665,
          "diverged": false,
          "hfer": 0.5363075458577727,
          "misalign": 0.9571407102048397
        }
      },
      "0.95": {
        "pre": {
          "final_loss": 2.4517407417297363,
          "val_loss": 2.457466585636139,
          "diverged": false,
          "hfer": 0.9222002815915821,
          "misalign": 0.6574153900146484
        },
        "post": {
          "final_loss": 2.5396416187286377,
          "val_loss": 2.453120536804199,
          "diverged": false,
          "hfer": 0.7117644106767016,
          "misalign": 0.9411497712135315
        }
      },
      "polar": 2.2427144050598145
    }
  },
  "mean_val_best": {
    "0.05": 2.3946667265892034,
    "0.1": 2.2892220362027484,
    "0.2": 2.1672274080912275,
    "0.4": 2.018066957394282
  }
}