{
  "diverged": false,
  "n_steps": 10000,
  "spikes": 83,
  "train_loss_tail": 0.06270775624737143,
  "val_loss": 1.6139478759765624,
  "val_acc": 0.6921,
  "lam_tail": 0.8562453389167786,
  "chi_tail": 1.3699925422668457,
  "sharpness_threshold": 1.875,
  "secs": 839.2,
  "hfer_w1_mid": 0.392812776489687,
  "raw_paths": "",
  "w0_conv1_hfer0.5": 0.497518767359682,
  "w0_conv1_hfer0.6": 0.3925396737669603,
  "w0_conv1_hfer0.7": 0.28733362517320493,
  "w0_conv1_hfer0.6_hann": 0.3810606491779847,
  "w0_conv1_msr": 0.5072592058866644,
  "gnorm_w0_conv1": 0.056596034230397704,
  "w0_layer2.0.conv1_hfer0.5": 0.5009063566937086,
  "w0_layer2.0.conv1_hfer0.6": 0.39901643106200185,
  "w0_layer2.0.conv1_hfer0.7": 0.2988605113833258,
  "w0_layer2.0.conv1_hfer0.6_hann": 0.39636148227463114,
  "w0_layer2.0.conv1_msr": 0.5044185638357979,
  "gnorm_w0_layer2.0.conv1": 0.026605369419387598,
  "w0_layer3.0.conv1_hfer0.5": 0.49523772565401963,
  "w0_layer3.0.conv1_hfer0.6": 0.392812776489687,
  "w0_layer3.0.conv1_hfer0.7": 0.2920812458468247,
  "w0_layer3.0.conv1_hfer0.6_hann": 0.3938760486798267,
  "w0_layer3.0.conv1_msr": 0.5056916562496252,
  "gnorm_w0_layer3.0.conv1": 0.14763858308335118,
  "w0_linear_hfer0.5": 0.5096577480841699,
  "w0_linear_hfer0.6": 0.39365374444009243,
  "w0_linear_hfer0.7": 0.2865431549182564,
  "w0_linear_hfer0.6_hann": 0.3889197333540191,
  "w0_linear_msr": 0.5079144445719603,
  "gnorm_w0_linear": 0.1376147040698251
}