{
  "diverged": false,
  "n_steps": 10000,
  "spikes": 92,
  "train_loss_tail": 0.0706453254558146,
  "val_loss": 1.2465911743164062,
  "val_acc": 0.7416,
  "lam_tail": 0.851745069026947,
  "chi_tail": 2.7255842208862306,
  "sharpness_threshold": 0.625,
  "secs": 1297.4,
  "hfer_w1_mid": 0.4563960305213754,
  "raw_paths": "",
  "w0_conv1_hfer0.5": 0.7532351668714857,
  "w0_conv1_hfer0.6": 0.6456340571848492,
  "w0_conv1_hfer0.7": 0.5148738997241239,
  "w0_conv1_hfer0.6_hann": 0.6485211728681294,
  "w0_conv1_msr": 1.0,
  "gnorm_w0_conv1": 0.12129098753482218,
  "w0_layer2.0.conv1_hfer0.5": 0.6439345046700654,
  "w0_layer2.0.conv1_hfer0.6": 0.5377277429246141,
  "w0_layer2.0.conv1_hfer0.7": 0.41748623148562286,
  "w0_layer2.0.conv1_hfer0.6_hann": 0.5503046564910647,
  "w0_layer2.0.conv1_msr": 1.0,
  "gnorm_w0_layer2.0.conv1": 0.058069716365001356,
  "w0_layer3.0.conv1_hfer0.5": 0.6269013492600621,
  "w0_layer3.0.conv1_hfer0.6": 0.5173061929455585,
  "w0_layer3.0.conv1_hfer0.7": 0.39753929006995575,
  "w0_layer3.0.conv1_hfer0.6_hann": 0.5218326616800425,
  "w0_layer3.0.conv1_msr": 1.0,
  "gnorm_w0_layer3.0.conv1": 0.06777866016490273,
  "w0_linear_hfer0.5": 0.7926691058619514,
  "w0_linear_hfer0.6": 0.6870194271159389,
  "w0_linear_hfer0.7": 0.5513367261620068,
  "w0_linear_hfer0.6_hann": 0.6913271421960602,
  "w0_linear_msr": 1.0,
  "gnorm_w0_linear": 0.17124008175766983,
  "w1_conv1_hfer0.5": 0.7193306040095439,
  "w1_conv1_hfer0.6": 0.6056904347771682,
  "w1_conv1_hfer0.7": 0.4730661961306148,
  "w1_conv1_hfer0.6_hann": 0.6110781736496921,
  "w1_conv1_msr": 1.0,
  "gnorm_w1_conv1": 0.1269315052168021,
  "w1_layer2.0.conv1_hfer0.5": 0.5780834047803829,
  "w1_layer2.0.conv1_hfer0.6": 0.4687533467118566,
  "w1_layer2.0.conv1_hfer0.7": 0.3529449548838634,
  "w1_layer2.0.conv1_hfer0.6_hann": 0.4678056048444194,
  "w1_layer2.0.conv1_msr": 1.0,
  "gnorm_w1_layer2.0.conv1": 0.06085310087051734,
  "w1_layer3.0.conv1_hfer0.5": 0.5652708639992892,
  "w1_layer3.0.conv1_hfer0.6": 0.4563960305213754,
  "w1_layer3.0.conv1_hfer0.7": 0.3463580522005586,
  "w1_layer3.0.conv1_hfer0.6_hann": 0.45833433362966713,
  "w1_layer3.0.conv1_msr": 1.0,
  "gnorm_w1_layer3.0.conv1": 0.0826080353930497,
  "w1_linear_hfer0.5": 0.720639208211509,
  "w1_linear_hfer0.6": 0.6105569936180968,
  "w1_linear_hfer0.7": 0.48211709963692556,
  "w1_linear_hfer0.6_hann": 0.6000570861000641,
  "w1_linear_msr": 1.0,
  "gnorm_w1_linear": 0.12635524355486946,
  "w2_conv1_hfer0.5": 0.6344187597147922,
  "w2_conv1_hfer0.6": 0.5165819506473193,
  "w2_conv1_hfer0.7": 0.3827514497839782,
  "w2_conv1_hfer0.6_hann": 0.516635138826842,
  "w2_conv1_msr": 1.0,
  "gnorm_w2_conv1": 0.09017636377620532,
  "w2_layer2.0.conv1_hfer0.5": 0.536184016869523,
  "w2_layer2.0.conv1_hfer0.6": 0.43259303881887756,
  "w2_layer2.0.conv1_hfer0.7": 0.3229795809665849,
  "w2_layer2.0.conv1_hfer0.6_hann": 0.4305237955088343,
  "w2_layer2.0.conv1_msr": 1.0,
  "gnorm_w2_layer2.0.conv1": 0.05082542833886554,
  "w2_layer3.0.conv1_hfer0.5": 0.5240287350034455,
  "w2_layer3.0.conv1_hfer0.6": 0.4197792691738874,
  "w2_layer3.0.conv1_hfer0.7": 0.3148167493654518,
  "w2_layer3.0.conv1_hfer0.6_hann": 0.42136956216302757,
  "w2_layer3.0.conv1_msr": 1.0,
  "gnorm_w2_layer3.0.conv1": 0.0751189033643503,
  "w2_linear_hfer0.5": 0.6373498057007719,
  "w2_linear_hfer0.6": 0.5214702317098534,
  "w2_linear_hfer0.7": 0.4050095815720384,
  "w2_linear_hfer0.6_hann": 0.5140227238031408,
  "w2_linear_msr": 1.0,
  "gnorm_w2_linear": 0.07779170672282142,
  "shfer_w0_all": 0.6051123322096272,
  "shfer_w0_stem": 0.6353007108759328,
  "shfer_w0_layer1": 0.5546432108209328,
  "shfer_w0_layer2": 0.5488410039756676,
  "shfer_w0_layer3": 0.5125098746339068,
  "shfer_w0_layer4": 0.6130473907323172,
  "shfer_w0_head": 0.7042199381799528,
  "shfer_w1_all": 0.4882557012959645,
  "shfer_w1_stem": 0.5979759634037227,
  "shfer_w1_layer1": 0.4902275563597906,
  "shfer_w1_layer2": 0.47308043684362955,
  "shfer_w1_layer3": 0.4519301195543352,
  "shfer_w1_layer4": 0.4647974602930457,
  "shfer_w1_head": 0.6365081137635865,
  "shfer_w2_all": 0.42799783819287746,
  "shfer_w2_stem": 0.5135489067251131,
  "shfer_w2_layer1": 0.44561787533564756,
  "shfer_w2_layer2": 0.433400562200933,
  "shfer_w2_layer3": 0.4178228782892831,
  "shfer_w2_layer4": 0.41640491296038795,
  "shfer_w2_head": 0.5327829448853908
}