{
  "diverged": false,
  "n_steps": 10000,
  "spikes": 582,
  "train_loss_tail": 0.0012608339051366783,
  "val_loss": 2.4618285888671876,
  "val_acc": 0.5525,
  "lam_tail": 0.11450257152318954,
  "chi_tail": 0.04580102860927582,
  "sharpness_threshold": 5.0,
  "secs": 1272.1,
  "hfer_w1_mid": 0.4037505022123516,
  "raw_paths": "",
  "w0_conv1_hfer0.5": 0.6348856653740693,
  "w0_conv1_hfer0.6": 0.5222158882397807,
  "w0_conv1_hfer0.7": 0.4019392071270979,
  "w0_conv1_hfer0.6_hann": 0.5135385183132447,
  "w0_conv1_msr": 1.0,
  "gnorm_w0_conv1": 0.377678358390617,
  "w0_layer2.0.conv1_hfer0.5": 0.5631224598213295,
  "w0_layer2.0.conv1_hfer0.6": 0.45469179350709005,
  "w0_layer2.0.conv1_hfer0.7": 0.3457197919565058,
  "w0_layer2.0.conv1_hfer0.6_hann": 0.4501197145729424,
  "w0_layer2.0.conv1_msr": 1.0,
  "gnorm_w0_layer2.0.conv1": 0.26892765795474016,
  "w0_layer3.0.conv1_hfer0.5": 0.5325030944831072,
  "w0_layer3.0.conv1_hfer0.6": 0.42684084396866523,
  "w0_layer3.0.conv1_hfer0.7": 0.3217639506433932,
  "w0_layer3.0.conv1_hfer0.6_hann": 0.4255623578649088,
  "w0_layer3.0.conv1_msr": 1.0,
  "gnorm_w0_layer3.0.conv1": 0.5379832169718954,
  "w0_linear_hfer0.5": 0.5961045711312472,
  "w0_linear_hfer0.6": 0.4814088687476155,
  "w0_linear_hfer0.7": 0.3644629274858812,
  "w0_linear_hfer0.6_hann": 0.4754133903651191,
  "w0_linear_msr": 1.0,
  "gnorm_w0_linear": 0.8728216345665372,
  "w1_conv1_hfer0.5": 0.5304875984695653,
  "w1_conv1_hfer0.6": 0.4167751300419899,
  "w1_conv1_hfer0.7": 0.3080738006700158,
  "w1_conv1_hfer0.6_hann": 0.4111365581152375,
  "w1_conv1_msr": 1.0,
  "gnorm_w1_conv1": 0.1095760575480416,
  "w1_layer2.0.conv1_hfer0.5": 0.5109516227045793,
  "w1_layer2.0.conv1_hfer0.6": 0.40857323117077055,
  "w1_layer2.0.conv1_hfer0.7": 0.3070615931871908,
  "w1_layer2.0.conv1_hfer0.6_hann": 0.40693130877788736,
  "w1_layer2.0.conv1_msr": 1.0,
  "gnorm_w1_layer2.0.conv1": 0.0928452702636745,
  "w1_layer3.0.conv1_hfer0.5": 0.5055536136753183,
  "w1_layer3.0.conv1_hfer0.6": 0.4037505022123516,
  "w1_layer3.0.conv1_hfer0.7": 0.30313136370658117,
  "w1_layer3.0.conv1_hfer0.6_hann": 0.40300700106744003,
  "w1_layer3.0.conv1_msr": 1.0,
  "gnorm_w1_layer3.0.conv1": 0.20526327545770465,
  "w1_linear_hfer0.5": 0.5217750735434505,
  "w1_linear_hfer0.6": 0.41685585361251015,
  "w1_linear_hfer0.7": 0.3114380163322464,
  "w1_linear_hfer0.6_hann": 0.4108966063936986,
  "w1_linear_msr": 1.0,
  "gnorm_w1_linear": 0.20245032700433094,
  "w2_conv1_hfer0.5": 0.4989098858799267,
  "w2_conv1_hfer0.6": 0.4000621618194022,
  "w2_conv1_hfer0.7": 0.3002566858626821,
  "w2_conv1_hfer0.6_hann": 0.40485278285803766,
  "w2_conv1_msr": 1.0,
  "gnorm_w2_conv1": 0.00841334547486294,
  "w2_layer2.0.conv1_hfer0.5": 0.498225321010912,
  "w2_layer2.0.conv1_hfer0.6": 0.40069381710622415,
  "w2_layer2.0.conv1_hfer0.7": 0.3001219780922898,
  "w2_layer2.0.conv1_hfer0.6_hann": 0.4031295681946133,
  "w2_layer2.0.conv1_msr": 1.0,
  "gnorm_w2_layer2.0.conv1": 0.007229631366103081,
  "w2_layer3.0.conv1_hfer0.5": 0.498226976994637,
  "w2_layer3.0.conv1_hfer0.6": 0.40056749281711385,
  "w2_layer3.0.conv1_hfer0.7": 0.29956427123646406,
  "w2_layer3.0.conv1_hfer0.6_hann": 0.40280811922799736,
  "w2_layer3.0.conv1_msr": 1.0,
  "gnorm_w2_layer3.0.conv1": 0.015806245301408058,
  "w2_linear_hfer0.5": 0.5010641134369288,
  "w2_linear_hfer0.6": 0.39996007522240623,
  "w2_linear_hfer0.7": 0.29704254190058277,
  "w2_linear_hfer0.6_hann": 0.4038235265032887,
  "w2_linear_msr": 1.0,
  "gnorm_w2_linear": 0.026711217809519523,
  "shfer_w0_all": 0.4315373319500702,
  "shfer_w0_stem": 0.521211033910426,
  "shfer_w0_layer1": 0.4740836742688027,
  "shfer_w0_layer2": 0.4412310307070393,
  "shfer_w0_layer3": 0.41999551339727753,
  "shfer_w0_layer4": 0.41983961885336457,
  "shfer_w0_head": 0.4809595380866339,
  "shfer_w1_all": 0.4027737763559289,
  "shfer_w1_stem": 0.4181726394712854,
  "shfer_w1_layer1": 0.4111750547503758,
  "shfer_w1_layer2": 0.4105808540799742,
  "shfer_w1_layer3": 0.4034112886479941,
  "shfer_w1_layer4": 0.40097115900405994,
  "shfer_w1_head": 0.41644140425676357,
  "shfer_w2_all": 0.40122721664452177,
  "shfer_w2_stem": 0.39976456173907543,
  "shfer_w2_layer1": 0.40037114738283414,
  "shfer_w2_layer2": 0.4008301364439813,
  "shfer_w2_layer3": 0.39835401473635623,
  "shfer_w2_layer4": 0.4010682182367059,
  "shfer_w2_head": 0.40067657208591756
}