{
  "diverged": false,
  "n_steps": 10000,
  "spikes": 1099,
  "train_loss_tail": 0.008133747773914365,
  "val_loss": 1.0887596557617187,
  "val_acc": 0.8272,
  "lam_tail": 1.4418056011199951,
  "chi_tail": 0.046137779235839886,
  "sharpness_threshold": 124.37499999999989,
  "secs": 1302.0,
  "hfer_w1_mid": 0.39303303627384073,
  "raw_paths": "/work/02/gs26/s26001/river-valley-momentum/codebases/results/raw/grid_cifar10_bn_ema_lr3.2_b0.99_s0/w1_layer3.0.conv1_G.npz;/work/02/gs26/s26001/river-valley-momentum/codebases/results/raw/grid_cifar10_bn_ema_lr3.2_b0.99_s0/w1_linear_G.npz",
  "w0_conv1_hfer0.5": 0.4171722193378899,
  "w0_conv1_hfer0.6": 0.3296184138269216,
  "w0_conv1_hfer0.7": 0.2475720118937913,
  "w0_conv1_hfer0.6_hann": 0.3378834716930157,
  "w0_conv1_msr": 3.0270880268586155e-05,
  "gnorm_w0_conv1": 0.11958825183276359,
  "w0_layer2.0.conv1_hfer0.5": 0.45269276604477554,
  "w0_layer2.0.conv1_hfer0.6": 0.36212363034528083,
  "w0_layer2.0.conv1_hfer0.7": 0.27195606844092596,
  "w0_layer2.0.conv1_hfer0.6_hann": 0.36388373635024024,
  "w0_layer2.0.conv1_msr": 3.053157092414104e-05,
  "gnorm_w0_layer2.0.conv1": 0.07906137501927298,
  "w0_layer3.0.conv1_hfer0.5": 0.46213690598286644,
  "w0_layer3.0.conv1_hfer0.6": 0.36968979245951505,
  "w0_layer3.0.conv1_hfer0.7": 0.27773932673832197,
  "w0_layer3.0.conv1_hfer0.6_hann": 0.36974166470153086,
  "w0_layer3.0.conv1_msr": 3.0630337569024684e-05,
  "gnorm_w0_layer3.0.conv1": 0.12752577058662884,
  "w0_linear_hfer0.5": 0.3501516646456142,
  "w0_linear_hfer0.6": 0.279731719016344,
  "w0_linear_hfer0.7": 0.20950024053802843,
  "w0_linear_hfer0.6_hann": 0.2938038307860003,
  "w0_linear_msr": 3.064660500313662e-05,
  "gnorm_w0_linear": 0.1644657207070284,
  "w1_conv1_hfer0.5": 0.4664597921912142,
  "w1_conv1_hfer0.6": 0.3710407239816025,
  "w1_conv1_hfer0.7": 0.2752416088638589,
  "w1_conv1_hfer0.6_hann": 0.3749800204873036,
  "w1_conv1_msr": 3.216179274041216e-05,
  "gnorm_w1_conv1": 0.058748851158014655,
  "w1_layer2.0.conv1_hfer0.5": 0.4871165747402832,
  "w1_layer2.0.conv1_hfer0.6": 0.3896114410189409,
  "w1_layer2.0.conv1_hfer0.7": 0.291770296859363,
  "w1_layer2.0.conv1_hfer0.6_hann": 0.39180939206216986,
  "w1_layer2.0.conv1_msr": 3.080546962534704e-05,
  "gnorm_w1_layer2.0.conv1": 0.05698196417884952,
  "w1_layer3.0.conv1_hfer0.5": 0.4918187417092241,
  "w1_layer3.0.conv1_hfer0.6": 0.39303303627384073,
  "w1_layer3.0.conv1_hfer0.7": 0.29462562542109694,
  "w1_layer3.0.conv1_hfer0.6_hann": 0.39419975221088094,
  "w1_layer3.0.conv1_msr": 3.073575593976126e-05,
  "gnorm_w1_layer3.0.conv1": 0.11415676750233532,
  "w1_linear_hfer0.5": 0.4136377678482257,
  "w1_linear_hfer0.6": 0.33385024554796505,
  "w1_linear_hfer0.7": 0.24834930953035694,
  "w1_linear_hfer0.6_hann": 0.33739778071844545,
  "w1_linear_msr": 3.0875310928527654e-05,
  "gnorm_w1_linear": 0.07293066821941054,
  "w2_conv1_hfer0.5": 0.48498264064223695,
  "w2_conv1_hfer0.6": 0.38730042864656106,
  "w2_conv1_hfer0.7": 0.28823136242202574,
  "w2_conv1_hfer0.6_hann": 0.3940646814288943,
  "w2_conv1_msr": 3.237471878748825e-05,
  "gnorm_w2_conv1": 0.030884215187336233,
  "w2_layer2.0.conv1_hfer0.5": 0.4959520408356962,
  "w2_layer2.0.conv1_hfer0.6": 0.3955611358925192,
  "w2_layer2.0.conv1_hfer0.7": 0.29678832671708855,
  "w2_layer2.0.conv1_hfer0.6_hann": 0.39598579396785366,
  "w2_layer2.0.conv1_msr": 3.0857531661823344e-05,
  "gnorm_w2_layer2.0.conv1": 0.03205587917240318,
  "w2_layer3.0.conv1_hfer0.5": 0.49743957215100854,
  "w2_layer3.0.conv1_hfer0.6": 0.3972406338314739,
  "w2_layer3.0.conv1_hfer0.7": 0.2982563214806707,
  "w2_layer3.0.conv1_hfer0.6_hann": 0.39777874211207137,
  "w2_layer3.0.conv1_msr": 3.068835913070258e-05,
  "gnorm_w2_layer3.0.conv1": 0.06733250210306617,
  "w2_linear_hfer0.5": 0.47485879590449676,
  "w2_linear_hfer0.6": 0.3774488783135281,
  "w2_linear_hfer0.7": 0.28316867373913085,
  "w2_linear_hfer0.6_hann": 0.377708750554043,
  "w2_linear_msr": 3.134887587748794e-05,
  "gnorm_w2_linear": 0.033164000018485434,
  "shfer_w0_all": 0.3456964844105988,
  "shfer_w0_stem": 0.32826805501175627,
  "shfer_w0_layer1": 0.3559002671951513,
  "shfer_w0_layer2": 0.36178541474412323,
  "shfer_w0_layer3": 0.3652591964057128,
  "shfer_w0_layer4": 0.3501814197817404,
  "shfer_w0_head": 0.27293600531273715,
  "shfer_w1_all": 0.3896139641766279,
  "shfer_w1_stem": 0.37138656122659364,
  "shfer_w1_layer1": 0.38689214013187473,
  "shfer_w1_layer2": 0.38861067535949395,
  "shfer_w1_layer3": 0.3923923235629671,
  "shfer_w1_layer4": 0.3902409759909422,
  "shfer_w1_head": 0.33388215365806156,
  "shfer_w2_all": 0.39465961795174287,
  "shfer_w2_stem": 0.38837574018727233,
  "shfer_w2_layer1": 0.4001763595949358,
  "shfer_w2_layer2": 0.39427680606320975,
  "shfer_w2_layer3": 0.39633333773184515,
  "shfer_w2_layer4": 0.3961846747362202,
  "shfer_w2_head": 0.37500693365695875
}