{
  "diverged": false,
  "n_steps": 10000,
  "spikes": 359,
  "train_loss_tail": 0.002179017825750634,
  "val_loss": 2.17828076171875,
  "val_acc": 0.5572,
  "lam_tail": 1.568852424621582,
  "chi_tail": 0.0015688524246215835,
  "sharpness_threshold": 3979.9999999999964,
  "secs": 1258.8,
  "hfer_w1_mid": 0.39476953397045894,
  "raw_paths": "",
  "w0_conv1_hfer0.5": 0.39354416233374695,
  "w0_conv1_hfer0.6": 0.3132583652122175,
  "w0_conv1_hfer0.7": 0.23576228878381564,
  "w0_conv1_hfer0.6_hann": 0.31812638020780654,
  "w0_conv1_msr": 3.089563511433289e-05,
  "gnorm_w0_conv1": 0.9352819371348171,
  "w0_layer2.0.conv1_hfer0.5": 0.4571069524086327,
  "w0_layer2.0.conv1_hfer0.6": 0.3653286597367022,
  "w0_layer2.0.conv1_hfer0.7": 0.2743166222858754,
  "w0_layer2.0.conv1_hfer0.6_hann": 0.3673092671969396,
  "w0_layer2.0.conv1_msr": 3.0694894424313606e-05,
  "gnorm_w0_layer2.0.conv1": 0.6822155874131056,
  "w0_layer3.0.conv1_hfer0.5": 0.47445236163201165,
  "w0_layer3.0.conv1_hfer0.6": 0.3790732544724265,
  "w0_layer3.0.conv1_hfer0.7": 0.28435671882034524,
  "w0_layer3.0.conv1_hfer0.6_hann": 0.37941187846580193,
  "w0_layer3.0.conv1_msr": 3.0627296703875644e-05,
  "gnorm_w0_layer3.0.conv1": 1.1319853610755382,
  "w0_linear_hfer0.5": 0.44185542485110035,
  "w0_linear_hfer0.6": 0.353366271159282,
  "w0_linear_hfer0.7": 0.2659692818265801,
  "w0_linear_hfer0.6_hann": 0.35459504119982804,
  "w0_linear_msr": 3.059266634089964e-05,
  "gnorm_w0_linear": 1.6340601772992058,
  "w1_conv1_hfer0.5": 0.4624610217747493,
  "w1_conv1_hfer0.6": 0.3701594041628813,
  "w1_conv1_hfer0.7": 0.2784682341176014,
  "w1_conv1_hfer0.6_hann": 0.3833126179923407,
  "w1_conv1_msr": 3.084018531822973e-05,
  "gnorm_w1_conv1": 0.2626467475550308,
  "w1_layer2.0.conv1_hfer0.5": 0.4873896506971837,
  "w1_layer2.0.conv1_hfer0.6": 0.38965897670896554,
  "w1_layer2.0.conv1_hfer0.7": 0.29236101773981477,
  "w1_layer2.0.conv1_hfer0.6_hann": 0.3929281638676032,
  "w1_layer2.0.conv1_msr": 3.163782500841314e-05,
  "gnorm_w1_layer2.0.conv1": 0.24282383990771825,
  "w1_layer3.0.conv1_hfer0.5": 0.49405778135374595,
  "w1_layer3.0.conv1_hfer0.6": 0.39476953397045894,
  "w1_layer3.0.conv1_hfer0.7": 0.2964116715255675,
  "w1_layer3.0.conv1_hfer0.6_hann": 0.3963675084125697,
  "w1_layer3.0.conv1_msr": 3.161793619924776e-05,
  "gnorm_w1_layer3.0.conv1": 0.4837756526838661,
  "w1_linear_hfer0.5": 0.47029357555112755,
  "w1_linear_hfer0.6": 0.376306667561141,
  "w1_linear_hfer0.7": 0.2820296184083023,
  "w1_linear_hfer0.6_hann": 0.3795831665920936,
  "w1_linear_msr": 3.1752633172245256e-05,
  "gnorm_w1_linear": 0.35739970426324086,
  "w2_conv1_hfer0.5": 0.49902136330923885,
  "w2_conv1_hfer0.6": 0.39599792974056686,
  "w2_conv1_hfer0.7": 0.3009593709487879,
  "w2_conv1_hfer0.6_hann": 0.397278396442849,
  "w2_conv1_msr": 3.077729960888173e-05,
  "gnorm_w2_conv1": 0.027255121655359447,
  "w2_layer2.0.conv1_hfer0.5": 0.5011810532094438,
  "w2_layer2.0.conv1_hfer0.6": 0.39895828423740853,
  "w2_layer2.0.conv1_hfer0.7": 0.30160006726682004,
  "w2_layer2.0.conv1_hfer0.6_hann": 0.39942890296567946,
  "w2_layer2.0.conv1_msr": 3.099338165368117e-05,
  "gnorm_w2_layer2.0.conv1": 0.024819163882119494,
  "w2_layer3.0.conv1_hfer0.5": 0.5013741876083515,
  "w2_layer3.0.conv1_hfer0.6": 0.39907655403760195,
  "w2_layer3.0.conv1_hfer0.7": 0.3015663922280429,
  "w2_layer3.0.conv1_hfer0.6_hann": 0.39946164893527863,
  "w2_layer3.0.conv1_msr": 3.0507761452603473e-05,
  "gnorm_w2_layer3.0.conv1": 0.049825013247856334,
  "w2_linear_hfer0.5": 0.500657647094969,
  "w2_linear_hfer0.6": 0.3971639042237257,
  "w2_linear_hfer0.7": 0.30172678735225916,
  "w2_linear_hfer0.6_hann": 0.39865573774255336,
  "w2_linear_msr": 2.9926420000040424e-05,
  "gnorm_w2_linear": 0.052874622725254554,
  "shfer_w0_all": 0.3755075660791677,
  "shfer_w0_stem": 0.3135667743161286,
  "shfer_w0_layer1": 0.3526583898923962,
  "shfer_w0_layer2": 0.3712638189660952,
  "shfer_w0_layer3": 0.3803024670838079,
  "shfer_w0_layer4": 0.3843697004275784,
  "shfer_w0_head": 0.35382520759030855,
  "shfer_w1_all": 0.39185352894259134,
  "shfer_w1_stem": 0.371398005322524,
  "shfer_w1_layer1": 0.38381024119981755,
  "shfer_w1_layer2": 0.39183162762312035,
  "shfer_w1_layer3": 0.39436185344562774,
  "shfer_w1_layer4": 0.39243396053547874,
  "shfer_w1_head": 0.37467811262435985,
  "shfer_w2_all": 0.40035806242302063,
  "shfer_w2_stem": 0.3937370980691717,
  "shfer_w2_layer1": 0.39991510505192823,
  "shfer_w2_layer2": 0.39793384300820844,
  "shfer_w2_layer3": 0.39965063349388374,
  "shfer_w2_layer4": 0.3997137994759263,
  "shfer_w2_head": 0.39705507540574214
}