{
  "diverged": false,
  "n_steps": 10000,
  "spikes": 400,
  "train_loss_tail": 0.024965260614873842,
  "val_loss": 1.1520862060546875,
  "val_acc": 0.7914,
  "lam_tail": 2.0726122856140137,
  "chi_tail": 1.6580898284912111,
  "sharpness_threshold": 3.75,
  "secs": 832.4,
  "hfer_w1_mid": 0.3959211960958438,
  "raw_paths": "",
  "w0_conv1_hfer0.5": 0.5143546157374963,
  "w0_conv1_hfer0.6": 0.3935980957370057,
  "w0_conv1_hfer0.7": 0.2913044174722611,
  "w0_conv1_hfer0.6_hann": 0.39231564468862123,
  "w0_conv1_msr": 0.505345643099239,
  "gnorm_w0_conv1": 0.17970194611892917,
  "w0_layer2.0.conv1_hfer0.5": 0.49976218048357135,
  "w0_layer2.0.conv1_hfer0.6": 0.39703381618733286,
  "w0_layer2.0.conv1_hfer0.7": 0.29593660167151264,
  "w0_layer2.0.conv1_hfer0.6_hann": 0.3932767930239049,
  "w0_layer2.0.conv1_msr": 0.5052072337459215,
  "gnorm_w0_layer2.0.conv1": 0.09540795802803648,
  "w0_layer3.0.conv1_hfer0.5": 0.49895761334592637,
  "w0_layer3.0.conv1_hfer0.6": 0.3959211960958438,
  "w0_layer3.0.conv1_hfer0.7": 0.29615125948306414,
  "w0_layer3.0.conv1_hfer0.6_hann": 0.3953031280822777,
  "w0_layer3.0.conv1_msr": 0.5049001732387933,
  "gnorm_w0_layer3.0.conv1": 0.17127068717110003,
  "w0_linear_hfer0.5": 0.4971145684478761,
  "w0_linear_hfer0.6": 0.384753593980489,
  "w0_linear_hfer0.7": 0.2805270110633707,
  "w0_linear_hfer0.6_hann": 0.3789098250540191,
  "w0_linear_msr": 0.5078285678279448,
  "gnorm_w0_linear": 0.14289381675040408
}