{
  "diverged": false,
  "n_steps": 10000,
  "spikes": 755,
  "train_loss_tail": 0.01378173981566215,
  "val_loss": 1.4741307006835938,
  "val_acc": 0.7645,
  "lam_tail": 5.459190368652344,
  "chi_tail": 4.367352294921875,
  "sharpness_threshold": 2.5,
  "secs": 1272.5,
  "hfer_w1_mid": 0.4113305889436209,
  "raw_paths": "",
  "w0_conv1_hfer0.5": 0.7016162666754315,
  "w0_conv1_hfer0.6": 0.5857634530846996,
  "w0_conv1_hfer0.7": 0.457583604990165,
  "w0_conv1_hfer0.6_hann": 0.5798420535622604,
  "w0_conv1_msr": 1.0,
  "gnorm_w0_conv1": 0.2429082788336415,
  "w0_layer2.0.conv1_hfer0.5": 0.6140621810814377,
  "w0_layer2.0.conv1_hfer0.6": 0.5017542023507293,
  "w0_layer2.0.conv1_hfer0.7": 0.383992852680079,
  "w0_layer2.0.conv1_hfer0.6_hann": 0.5034213999195015,
  "w0_layer2.0.conv1_msr": 1.0,
  "gnorm_w0_layer2.0.conv1": 0.11896653599132859,
  "w0_layer3.0.conv1_hfer0.5": 0.5575909451807541,
  "w0_layer3.0.conv1_hfer0.6": 0.45027938883822377,
  "w0_layer3.0.conv1_hfer0.7": 0.3409241997238582,
  "w0_layer3.0.conv1_hfer0.6_hann": 0.44982328186476545,
  "w0_layer3.0.conv1_msr": 1.0,
  "gnorm_w0_layer3.0.conv1": 0.23580224606354028,
  "w0_linear_hfer0.5": 0.7218047797031723,
  "w0_linear_hfer0.6": 0.6033139781739397,
  "w0_linear_hfer0.7": 0.46739661590927417,
  "w0_linear_hfer0.6_hann": 0.5972099582688944,
  "w0_linear_msr": 1.0,
  "gnorm_w0_linear": 0.24904739114168326,
  "w1_conv1_hfer0.5": 0.5977303450719753,
  "w1_conv1_hfer0.6": 0.48443606891118773,
  "w1_conv1_hfer0.7": 0.3644539216231173,
  "w1_conv1_hfer0.6_hann": 0.4807312447772601,
  "w1_conv1_msr": 1.0,
  "gnorm_w1_conv1": 0.1712448476251433,
  "w1_layer2.0.conv1_hfer0.5": 0.5313601670519249,
  "w1_layer2.0.conv1_hfer0.6": 0.425144948874784,
  "w1_layer2.0.conv1_hfer0.7": 0.31979447686212553,
  "w1_layer2.0.conv1_hfer0.6_hann": 0.4224979043925563,
  "w1_layer2.0.conv1_msr": 1.0,
  "gnorm_w1_layer2.0.conv1": 0.08965982468253808,
  "w1_layer3.0.conv1_hfer0.5": 0.5140746178750881,
  "w1_layer3.0.conv1_hfer0.6": 0.4113305889436209,
  "w1_layer3.0.conv1_hfer0.7": 0.3087311520315496,
  "w1_layer3.0.conv1_hfer0.6_hann": 0.4106971391743257,
  "w1_layer3.0.conv1_msr": 1.0,
  "gnorm_w1_layer3.0.conv1": 0.21295209713533006,
  "w1_linear_hfer0.5": 0.5971821408463204,
  "w1_linear_hfer0.6": 0.4764407179523727,
  "w1_linear_hfer0.7": 0.36158577636680816,
  "w1_linear_hfer0.6_hann": 0.4668299698414242,
  "w1_linear_msr": 1.0,
  "gnorm_w1_linear": 0.13435222816486425,
  "w2_conv1_hfer0.5": 0.5437270879831455,
  "w2_conv1_hfer0.6": 0.43861718736441235,
  "w2_conv1_hfer0.7": 0.3262189227161992,
  "w2_conv1_hfer0.6_hann": 0.4452744333531478,
  "w2_conv1_msr": 1.0,
  "gnorm_w2_conv1": 0.09695485764918393,
  "w2_layer2.0.conv1_hfer0.5": 0.5153756634755843,
  "w2_layer2.0.conv1_hfer0.6": 0.41311555813889456,
  "w2_layer2.0.conv1_hfer0.7": 0.30990528540422324,
  "w2_layer2.0.conv1_hfer0.6_hann": 0.4127646087475188,
  "w2_layer2.0.conv1_msr": 1.0,
  "gnorm_w2_layer2.0.conv1": 0.05364887570809493,
  "w2_layer3.0.conv1_hfer0.5": 0.5058835444418333,
  "w2_layer3.0.conv1_hfer0.6": 0.4047958207802722,
  "w2_layer3.0.conv1_hfer0.7": 0.3035596045986902,
  "w2_layer3.0.conv1_hfer0.6_hann": 0.4049341381888021,
  "w2_layer3.0.conv1_msr": 1.0,
  "gnorm_w2_layer3.0.conv1": 0.12703466790235085,
  "w2_linear_hfer0.5": 0.5405593588212626,
  "w2_linear_hfer0.6": 0.43301765417804755,
  "w2_linear_hfer0.7": 0.3249422633845831,
  "w2_linear_hfer0.6_hann": 0.42793211388956665,
  "w2_linear_msr": 1.0,
  "gnorm_w2_linear": 0.06774566171957508,
  "shfer_w0_all": 0.4734140516644967,
  "shfer_w0_stem": 0.5911621420329255,
  "shfer_w0_layer1": 0.5177770635521866,
  "shfer_w0_layer2": 0.48420690558261714,
  "shfer_w0_layer3": 0.4508526248262221,
  "shfer_w0_layer4": 0.4493596061501785,
  "shfer_w0_head": 0.6076311597923159,
  "shfer_w1_all": 0.41271563240743636,
  "shfer_w1_stem": 0.4844063301746029,
  "shfer_w1_layer1": 0.43299378006937045,
  "shfer_w1_layer2": 0.42247047736527665,
  "shfer_w1_layer3": 0.40910023920488264,
  "shfer_w1_layer4": 0.4100572343627004,
  "shfer_w1_head": 0.47799289325559796,
  "shfer_w2_all": 0.40708262540091156,
  "shfer_w2_stem": 0.4378433520262884,
  "shfer_w2_layer1": 0.4178414867327291,
  "shfer_w2_layer2": 0.41143066292911284,
  "shfer_w2_layer3": 0.40277228060730663,
  "shfer_w2_layer4": 0.4044593798947362,
  "shfer_w2_head": 0.4353762888028484
}