{
  "diverged": false,
  "n_steps": 10000,
  "spikes": 276,
  "train_loss_tail": 0.033252794563770297,
  "val_loss": 1.3389869750976562,
  "val_acc": 0.7503,
  "lam_tail": 1.2874351739883423,
  "chi_tail": 2.059896278381348,
  "sharpness_threshold": 1.875,
  "secs": 1288.8,
  "hfer_w1_mid": 0.39517681961176965,
  "raw_paths": "",
  "w0_conv1_hfer0.5": 0.5224171110221352,
  "w0_conv1_hfer0.6": 0.4027126312112732,
  "w0_conv1_hfer0.7": 0.2914962743935993,
  "w0_conv1_hfer0.6_hann": 0.3969071850335962,
  "w0_conv1_msr": 0.12725850922771964,
  "gnorm_w0_conv1": 0.14316243440093707,
  "w0_layer2.0.conv1_hfer0.5": 0.5057065631057338,
  "w0_layer2.0.conv1_hfer0.6": 0.39363114801551613,
  "w0_layer2.0.conv1_hfer0.7": 0.2878468867225645,
  "w0_layer2.0.conv1_hfer0.6_hann": 0.39891292908580084,
  "w0_layer2.0.conv1_msr": 0.12690033447198584,
  "gnorm_w0_layer2.0.conv1": 0.08550554401989682,
  "w0_layer3.0.conv1_hfer0.5": 0.5072791451208252,
  "w0_layer3.0.conv1_hfer0.6": 0.3986076900375941,
  "w0_layer3.0.conv1_hfer0.7": 0.29487033951397884,
  "w0_layer3.0.conv1_hfer0.6_hann": 0.398309427438872,
  "w0_layer3.0.conv1_msr": 0.12663334390026856,
  "gnorm_w0_layer3.0.conv1": 0.10996780477283283,
  "w0_linear_hfer0.5": 0.558057863653364,
  "w0_linear_hfer0.6": 0.40805947733072656,
  "w0_linear_hfer0.7": 0.29047033247062154,
  "w0_linear_hfer0.6_hann": 0.40443766975571227,
  "w0_linear_msr": 0.12766556794225417,
  "gnorm_w0_linear": 0.18272292128447967,
  "w1_conv1_hfer0.5": 0.5159620084485561,
  "w1_conv1_hfer0.6": 0.4037166670602683,
  "w1_conv1_hfer0.7": 0.3000409236338858,
  "w1_conv1_hfer0.6_hann": 0.4048274117200934,
  "w1_conv1_msr": 0.12667295262126718,
  "gnorm_w1_conv1": 0.14131603539699383,
  "w1_layer2.0.conv1_hfer0.5": 0.49879478415395007,
  "w1_layer2.0.conv1_hfer0.6": 0.39425803871646814,
  "w1_layer2.0.conv1_hfer0.7": 0.29283295285313166,
  "w1_layer2.0.conv1_hfer0.6_hann": 0.3926800470392896,
  "w1_layer2.0.conv1_msr": 0.12630043621044812,
  "gnorm_w1_layer2.0.conv1": 0.07622260561212375,
  "w1_layer3.0.conv1_hfer0.5": 0.49849523646180205,
  "w1_layer3.0.conv1_hfer0.6": 0.39517681961176965,
  "w1_layer3.0.conv1_hfer0.7": 0.2952299756366449,
  "w1_layer3.0.conv1_hfer0.6_hann": 0.3953041945818614,
  "w1_layer3.0.conv1_msr": 0.1262199678952951,
  "gnorm_w1_layer3.0.conv1": 0.14497700153435394,
  "w1_linear_hfer0.5": 0.5037496738982644,
  "w1_linear_hfer0.6": 0.38532233054455456,
  "w1_linear_hfer0.7": 0.28499872232322065,
  "w1_linear_hfer0.6_hann": 0.3852361577719793,
  "w1_linear_msr": 0.12656957601243193,
  "gnorm_w1_linear": 0.11941721838377894,
  "w2_conv1_hfer0.5": 0.505351449345225,
  "w2_conv1_hfer0.6": 0.39584642931504793,
  "w2_conv1_hfer0.7": 0.2957547172008561,
  "w2_conv1_hfer0.6_hann": 0.3899323129941063,
  "w2_conv1_msr": 0.12627107890041886,
  "gnorm_w2_conv1": 0.08587298254352205,
  "w2_layer2.0.conv1_hfer0.5": 0.49967678581631075,
  "w2_layer2.0.conv1_hfer0.6": 0.3968989246153938,
  "w2_layer2.0.conv1_hfer0.7": 0.29645404730105546,
  "w2_layer2.0.conv1_hfer0.6_hann": 0.3942653538611171,
  "w2_layer2.0.conv1_msr": 0.12619173183464782,
  "gnorm_w2_layer2.0.conv1": 0.05058040508442632,
  "w2_layer3.0.conv1_hfer0.5": 0.5001565238345071,
  "w2_layer3.0.conv1_hfer0.6": 0.39939072122232144,
  "w2_layer3.0.conv1_hfer0.7": 0.29946252701313913,
  "w2_layer3.0.conv1_hfer0.6_hann": 0.39865439462598296,
  "w2_layer3.0.conv1_msr": 0.12613749765112267,
  "gnorm_w2_layer3.0.conv1": 0.10227673353146181,
  "w2_linear_hfer0.5": 0.5000361852408498,
  "w2_linear_hfer0.6": 0.3911979265257447,
  "w2_linear_hfer0.7": 0.2895254178848693,
  "w2_linear_hfer0.6_hann": 0.3948752500288654,
  "w2_linear_msr": 0.1265054142614342,
  "gnorm_w2_linear": 0.060540197922750394,
  "shfer_w0_all": 0.4034533468025806,
  "shfer_w0_stem": 0.4020489641924838,
  "shfer_w0_layer1": 0.38763504385751407,
  "shfer_w0_layer2": 0.39506865676606456,
  "shfer_w0_layer3": 0.4025653422454038,
  "shfer_w0_layer4": 0.40837757262987084,
  "shfer_w0_head": 0.40957065912120943,
  "shfer_w1_all": 0.39511040144760434,
  "shfer_w1_stem": 0.4006689917272374,
  "shfer_w1_layer1": 0.3938145681259816,
  "shfer_w1_layer2": 0.395131886061931,
  "shfer_w1_layer3": 0.3969803521764883,
  "shfer_w1_layer4": 0.39590441491345696,
  "shfer_w1_head": 0.3848880911272928,
  "shfer_w2_all": 0.3976331526017701,
  "shfer_w2_stem": 0.3960932396600304,
  "shfer_w2_layer1": 0.3944658097229618,
  "shfer_w2_layer2": 0.3978141403608438,
  "shfer_w2_layer3": 0.3986128717852656,
  "shfer_w2_layer4": 0.4004335938299568,
  "shfer_w2_head": 0.39035838165437015
}