{
  "diverged": false,
  "n_steps": 10000,
  "spikes": 728,
  "train_loss_tail": 0.009570405170205049,
  "val_loss": 1.2395589599609376,
  "val_acc": 0.792,
  "lam_tail": 5.597764492034912,
  "chi_tail": 4.47821159362793,
  "sharpness_threshold": 2.5,
  "secs": 1221.6,
  "hfer_w1_mid": 0.41576944628393736,
  "raw_paths": "",
  "w0_conv1_hfer0.5": 0.7282597531756767,
  "w0_conv1_hfer0.6": 0.6076179225596506,
  "w0_conv1_hfer0.7": 0.48398084640347977,
  "w0_conv1_hfer0.6_hann": 0.6159367365103124,
  "w0_conv1_msr": 1.0,
  "gnorm_w0_conv1": 0.25822032519539956,
  "w0_layer2.0.conv1_hfer0.5": 0.6153875058672358,
  "w0_layer2.0.conv1_hfer0.6": 0.5039440015109826,
  "w0_layer2.0.conv1_hfer0.7": 0.3881871137636104,
  "w0_layer2.0.conv1_hfer0.6_hann": 0.5064136793565754,
  "w0_layer2.0.conv1_msr": 1.0,
  "gnorm_w0_layer2.0.conv1": 0.13459913736087614,
  "w0_layer3.0.conv1_hfer0.5": 0.5762877001988146,
  "w0_layer3.0.conv1_hfer0.6": 0.46727486224059356,
  "w0_layer3.0.conv1_hfer0.7": 0.356028753459116,
  "w0_layer3.0.conv1_hfer0.6_hann": 0.4683876043284085,
  "w0_layer3.0.conv1_msr": 1.0,
  "gnorm_w0_layer3.0.conv1": 0.21660404907221853,
  "w0_linear_hfer0.5": 0.7320042983708318,
  "w0_linear_hfer0.6": 0.6197589927701179,
  "w0_linear_hfer0.7": 0.48862645606981536,
  "w0_linear_hfer0.6_hann": 0.6207574422320843,
  "w0_linear_msr": 1.0,
  "gnorm_w0_linear": 0.27799422144003233,
  "w1_conv1_hfer0.5": 0.604063922142037,
  "w1_conv1_hfer0.6": 0.4891546544815861,
  "w1_conv1_hfer0.7": 0.3704545129144288,
  "w1_conv1_hfer0.6_hann": 0.48547057339416105,
  "w1_conv1_msr": 1.0,
  "gnorm_w1_conv1": 0.1691071697700343,
  "w1_layer2.0.conv1_hfer0.5": 0.5352157150789075,
  "w1_layer2.0.conv1_hfer0.6": 0.429733568874794,
  "w1_layer2.0.conv1_hfer0.7": 0.32251214231804065,
  "w1_layer2.0.conv1_hfer0.6_hann": 0.4279973720635611,
  "w1_layer2.0.conv1_msr": 1.0,
  "gnorm_w1_layer2.0.conv1": 0.12656599492372092,
  "w1_layer3.0.conv1_hfer0.5": 0.5194920673718808,
  "w1_layer3.0.conv1_hfer0.6": 0.41576944628393736,
  "w1_layer3.0.conv1_hfer0.7": 0.3126718217686124,
  "w1_layer3.0.conv1_hfer0.6_hann": 0.41437014955138957,
  "w1_layer3.0.conv1_msr": 1.0,
  "gnorm_w1_layer3.0.conv1": 0.24167360470152596,
  "w1_linear_hfer0.5": 0.640393681507624,
  "w1_linear_hfer0.6": 0.5247753494025843,
  "w1_linear_hfer0.7": 0.39070339430939294,
  "w1_linear_hfer0.6_hann": 0.511570488216216,
  "w1_linear_msr": 1.0,
  "gnorm_w1_linear": 0.16297254364559832,
  "w2_conv1_hfer0.5": 0.5294452873176693,
  "w2_conv1_hfer0.6": 0.42506547445285325,
  "w2_conv1_hfer0.7": 0.31834371814318596,
  "w2_conv1_hfer0.6_hann": 0.43457064181109106,
  "w2_conv1_msr": 1.0,
  "gnorm_w2_conv1": 0.08006909699831961,
  "w2_layer2.0.conv1_hfer0.5": 0.512019727194733,
  "w2_layer2.0.conv1_hfer0.6": 0.40955125151404537,
  "w2_layer2.0.conv1_hfer0.7": 0.30748048201293804,
  "w2_layer2.0.conv1_hfer0.6_hann": 0.41241709712724745,
  "w2_layer2.0.conv1_msr": 1.0,
  "gnorm_w2_layer2.0.conv1": 0.06571505421869323,
  "w2_layer3.0.conv1_hfer0.5": 0.5064111549491074,
  "w2_layer3.0.conv1_hfer0.6": 0.40524907557556406,
  "w2_layer3.0.conv1_hfer0.7": 0.30497212871963914,
  "w2_layer3.0.conv1_hfer0.6_hann": 0.40749199994629953,
  "w2_layer3.0.conv1_msr": 1.0,
  "gnorm_w2_layer3.0.conv1": 0.130979856191303,
  "w2_linear_hfer0.5": 0.5399035156734744,
  "w2_linear_hfer0.6": 0.43930407198462934,
  "w2_linear_hfer0.7": 0.3352557538537973,
  "w2_linear_hfer0.6_hann": 0.4469264033369328,
  "w2_linear_msr": 1.0,
  "gnorm_w2_linear": 0.06092846549278695,
  "shfer_w0_all": 0.48987387432681617,
  "shfer_w0_stem": 0.606401409079895,
  "shfer_w0_layer1": 0.5102761827608349,
  "shfer_w0_layer2": 0.48812478015013183,
  "shfer_w0_layer3": 0.4642547895163586,
  "shfer_w0_layer4": 0.4657187987108816,
  "shfer_w0_head": 0.6229496802152633,
  "shfer_w1_all": 0.4204316993615496,
  "shfer_w1_stem": 0.48713128360016766,
  "shfer_w1_layer1": 0.4371217976228668,
  "shfer_w1_layer2": 0.4257660536251282,
  "shfer_w1_layer3": 0.41220865618679736,
  "shfer_w1_layer4": 0.4164087616557553,
  "shfer_w1_head": 0.5236990832461892,
  "shfer_w2_all": 0.40532764400870963,
  "shfer_w2_stem": 0.424694165959116,
  "shfer_w2_layer1": 0.4114371103642137,
  "shfer_w2_layer2": 0.412261035928028,
  "shfer_w2_layer3": 0.4061075975225832,
  "shfer_w2_layer4": 0.40352732767635674,
  "shfer_w2_head": 0.439271305555019
}