{
  "diverged": false,
  "n_steps": 10000,
  "spikes": 1110,
  "train_loss_tail": 0.013638857293408364,
  "val_loss": 1.1197554992675782,
  "val_acc": 0.8069,
  "lam_tail": 8.738588333129883,
  "chi_tail": 3.495435333251953,
  "sharpness_threshold": 5.0,
  "secs": 1249.5,
  "hfer_w1_mid": 0.4067158378112505,
  "raw_paths": "/work/02/gs26/s26001/river-valley-momentum/codebases/results/raw/grid_cifar10_bn_ema_lr0.4_b0_s0/w1_layer3.0.conv1_G.npz;/work/02/gs26/s26001/river-valley-momentum/codebases/results/raw/grid_cifar10_bn_ema_lr0.4_b0_s0/w1_linear_G.npz",
  "w0_conv1_hfer0.5": 0.6499105182717091,
  "w0_conv1_hfer0.6": 0.5317969733864358,
  "w0_conv1_hfer0.7": 0.40451896226687223,
  "w0_conv1_hfer0.6_hann": 0.5237673276600073,
  "w0_conv1_msr": 1.0,
  "gnorm_w0_conv1": 0.3799484138517134,
  "w0_layer2.0.conv1_hfer0.5": 0.5547153299356179,
  "w0_layer2.0.conv1_hfer0.6": 0.44696014166847664,
  "w0_layer2.0.conv1_hfer0.7": 0.3376404542747908,
  "w0_layer2.0.conv1_hfer0.6_hann": 0.4427730453908397,
  "w0_layer2.0.conv1_msr": 1.0,
  "gnorm_w0_layer2.0.conv1": 0.2133614872645119,
  "w0_layer3.0.conv1_hfer0.5": 0.5361725901333046,
  "w0_layer3.0.conv1_hfer0.6": 0.43098538572763745,
  "w0_layer3.0.conv1_hfer0.7": 0.3246975459670475,
  "w0_layer3.0.conv1_hfer0.6_hann": 0.42938550481616117,
  "w0_layer3.0.conv1_msr": 1.0,
  "gnorm_w0_layer3.0.conv1": 0.39556854345742853,
  "w0_linear_hfer0.5": 0.7008666496590167,
  "w0_linear_hfer0.6": 0.5826274345308169,
  "w0_linear_hfer0.7": 0.45068884377343693,
  "w0_linear_hfer0.6_hann": 0.5770865003363032,
  "w0_linear_msr": 1.0,
  "gnorm_w0_linear": 0.3351478316049803,
  "w1_conv1_hfer0.5": 0.5539884905852082,
  "w1_conv1_hfer0.6": 0.44286398275843597,
  "w1_conv1_hfer0.7": 0.3289506311262547,
  "w1_conv1_hfer0.6_hann": 0.44294055236637714,
  "w1_conv1_msr": 1.0,
  "gnorm_w1_conv1": 0.21947007026108958,
  "w1_layer2.0.conv1_hfer0.5": 0.5127052827047799,
  "w1_layer2.0.conv1_hfer0.6": 0.4091448293229371,
  "w1_layer2.0.conv1_hfer0.7": 0.30752097687764346,
  "w1_layer2.0.conv1_hfer0.6_hann": 0.41029324732468336,
  "w1_layer2.0.conv1_msr": 1.0,
  "gnorm_w1_layer2.0.conv1": 0.15229653970521484,
  "w1_layer3.0.conv1_hfer0.5": 0.5086370330186594,
  "w1_layer3.0.conv1_hfer0.6": 0.4067158378112505,
  "w1_layer3.0.conv1_hfer0.7": 0.3057895506401454,
  "w1_layer3.0.conv1_hfer0.6_hann": 0.40689382882536546,
  "w1_layer3.0.conv1_msr": 1.0,
  "gnorm_w1_layer3.0.conv1": 0.3097143090347884,
  "w1_linear_hfer0.5": 0.575274431569352,
  "w1_linear_hfer0.6": 0.46334955650436765,
  "w1_linear_hfer0.7": 0.3485609765754986,
  "w1_linear_hfer0.6_hann": 0.455279775119842,
  "w1_linear_msr": 1.0,
  "gnorm_w1_linear": 0.16566676031115896,
  "w2_conv1_hfer0.5": 0.5197693901324711,
  "w2_conv1_hfer0.6": 0.4135819126376101,
  "w2_conv1_hfer0.7": 0.31182538990299463,
  "w2_conv1_hfer0.6_hann": 0.40960693911104984,
  "w2_conv1_msr": 1.0,
  "gnorm_w2_conv1": 0.12809961328171363,
  "w2_layer2.0.conv1_hfer0.5": 0.5059401531787433,
  "w2_layer2.0.conv1_hfer0.6": 0.4044208779436083,
  "w2_layer2.0.conv1_hfer0.7": 0.30316479990768014,
  "w2_layer2.0.conv1_hfer0.6_hann": 0.4039976151532018,
  "w2_layer2.0.conv1_msr": 1.0,
  "gnorm_w2_layer2.0.conv1": 0.09036554740003398,
  "w2_layer3.0.conv1_hfer0.5": 0.503264327060599,
  "w2_layer3.0.conv1_hfer0.6": 0.4023159485804513,
  "w2_layer3.0.conv1_hfer0.7": 0.3020770392289012,
  "w2_layer3.0.conv1_hfer0.6_hann": 0.40197422030911434,
  "w2_layer3.0.conv1_msr": 1.0,
  "gnorm_w2_layer3.0.conv1": 0.18720921428143397,
  "w2_linear_hfer0.5": 0.5276668263815384,
  "w2_linear_hfer0.6": 0.42254623367912797,
  "w2_linear_hfer0.7": 0.31651200013663516,
  "w2_linear_hfer0.6_hann": 0.4279910960684953,
  "w2_linear_msr": 1.0,
  "gnorm_w2_linear": 0.07971917705064686,
  "shfer_w0_all": 0.44235774277073286,
  "shfer_w0_stem": 0.5307025212134642,
  "shfer_w0_layer1": 0.48235374099709655,
  "shfer_w0_layer2": 0.44395058184661274,
  "shfer_w0_layer3": 0.42790196386306506,
  "shfer_w0_layer4": 0.4301749102380341,
  "shfer_w0_head": 0.5825027644290796,
  "shfer_w1_all": 0.4091774869358094,
  "shfer_w1_stem": 0.4389805012829839,
  "shfer_w1_layer1": 0.41617766279337154,
  "shfer_w1_layer2": 0.40777502237689267,
  "shfer_w1_layer3": 0.40468699610847936,
  "shfer_w1_layer4": 0.40964769965744097,
  "shfer_w1_head": 0.4641684342866831,
  "shfer_w2_all": 0.4011972660285938,
  "shfer_w2_stem": 0.4125431056895003,
  "shfer_w2_layer1": 0.40542134488830317,
  "shfer_w2_layer2": 0.4037062270824028,
  "shfer_w2_layer3": 0.40090300535661566,
  "shfer_w2_layer4": 0.401423579289809,
  "shfer_w2_head": 0.4240525466415556
}