{
  "diverged": false,
  "n_steps": 10000,
  "spikes": 1264,
  "train_loss_tail": 0.00012395145790287642,
  "val_loss": 0.8629836975097657,
  "val_acc": 0.8385,
  "lam_tail": 0.4363851547241211,
  "chi_tail": 0.0021819257736206076,
  "sharpness_threshold": 779.9999999999992,
  "secs": 1233.6,
  "hfer_w1_mid": 0.39638199277883085,
  "raw_paths": "",
  "w0_conv1_hfer0.5": 0.4515863849478054,
  "w0_conv1_hfer0.6": 0.3616874690663449,
  "w0_conv1_hfer0.7": 0.273034523625987,
  "w0_conv1_hfer0.6_hann": 0.3630718065280926,
  "w0_conv1_msr": 0.0007682804554245455,
  "gnorm_w0_conv1": 0.5578900076974109,
  "w0_layer2.0.conv1_hfer0.5": 0.4798393474667891,
  "w0_layer2.0.conv1_hfer0.6": 0.38342225765883203,
  "w0_layer2.0.conv1_hfer0.7": 0.2885561045002186,
  "w0_layer2.0.conv1_hfer0.6_hann": 0.38480376701564395,
  "w0_layer2.0.conv1_msr": 0.000767427786240652,
  "gnorm_w0_layer2.0.conv1": 0.5456823030174301,
  "w0_layer3.0.conv1_hfer0.5": 0.486648701107776,
  "w0_layer3.0.conv1_hfer0.6": 0.38876000597532306,
  "w0_layer3.0.conv1_hfer0.7": 0.292079738909089,
  "w0_layer3.0.conv1_hfer0.6_hann": 0.3899011016858261,
  "w0_layer3.0.conv1_msr": 0.0007667562537342544,
  "gnorm_w0_layer3.0.conv1": 0.9132451466271349,
  "w0_linear_hfer0.5": 0.38457584362124125,
  "w0_linear_hfer0.6": 0.30500186246317473,
  "w0_linear_hfer0.7": 0.2314073528690036,
  "w0_linear_hfer0.6_hann": 0.3087496892333965,
  "w0_linear_msr": 0.0007649552798965957,
  "gnorm_w0_linear": 0.7011130691277021,
  "w1_conv1_hfer0.5": 0.48699164787243016,
  "w1_conv1_hfer0.6": 0.3894338902945311,
  "w1_conv1_hfer0.7": 0.2922107254016636,
  "w1_conv1_hfer0.6_hann": 0.3896458889943018,
  "w1_conv1_msr": 0.0007663054152202291,
  "gnorm_w1_conv1": 0.2498745543907478,
  "w1_layer2.0.conv1_hfer0.5": 0.4941434893328461,
  "w1_layer2.0.conv1_hfer0.6": 0.3944663105434915,
  "w1_layer2.0.conv1_hfer0.7": 0.2969026303114011,
  "w1_layer2.0.conv1_hfer0.6_hann": 0.3946258766615378,
  "w1_layer2.0.conv1_msr": 0.0007660563915414763,
  "gnorm_w1_layer2.0.conv1": 0.2672653009095171,
  "w1_layer3.0.conv1_hfer0.5": 0.4962513602054809,
  "w1_layer3.0.conv1_hfer0.6": 0.39638199277883085,
  "w1_layer3.0.conv1_hfer0.7": 0.2977873169848575,
  "w1_layer3.0.conv1_hfer0.6_hann": 0.3964697768591938,
  "w1_layer3.0.conv1_msr": 0.0007659702876844724,
  "gnorm_w1_layer3.0.conv1": 0.49364930282964686,
  "w1_linear_hfer0.5": 0.4593894929418037,
  "w1_linear_hfer0.6": 0.361864015222902,
  "w1_linear_hfer0.7": 0.272682342841575,
  "w1_linear_hfer0.6_hann": 0.3625426285104935,
  "w1_linear_msr": 0.0007632165611205807,
  "gnorm_w1_linear": 0.2035289993267324,
  "w2_conv1_hfer0.5": 0.5017765982371941,
  "w2_conv1_hfer0.6": 0.4026892906126747,
  "w2_conv1_hfer0.7": 0.30139970868810073,
  "w2_conv1_hfer0.6_hann": 0.40473894798290794,
  "w2_conv1_msr": 0.0007672995258532415,
  "gnorm_w2_conv1": 0.010211067892491136,
  "w2_layer2.0.conv1_hfer0.5": 0.5002156812557118,
  "w2_layer2.0.conv1_hfer0.6": 0.40057645636800443,
  "w2_layer2.0.conv1_hfer0.7": 0.3011902415230681,
  "w2_layer2.0.conv1_hfer0.6_hann": 0.4011483531135977,
  "w2_layer2.0.conv1_msr": 0.0007698557972515606,
  "gnorm_w2_layer2.0.conv1": 0.011196817486506269,
  "w2_layer3.0.conv1_hfer0.5": 0.5006460473199419,
  "w2_layer3.0.conv1_hfer0.6": 0.4002373794083741,
  "w2_layer3.0.conv1_hfer0.7": 0.30067513280957825,
  "w2_layer3.0.conv1_hfer0.6_hann": 0.4004390959192322,
  "w2_layer3.0.conv1_msr": 0.0007701825805035711,
  "gnorm_w2_layer3.0.conv1": 0.021073873752065958,
  "w2_linear_hfer0.5": 0.5082861764468796,
  "w2_linear_hfer0.6": 0.3989588063278657,
  "w2_linear_hfer0.7": 0.2909453730940336,
  "w2_linear_hfer0.6_hann": 0.40138024438384445,
  "w2_linear_msr": 0.0007730652603124921,
  "gnorm_w2_linear": 0.006975294284619171,
  "shfer_w0_all": 0.3817052640562566,
  "shfer_w0_stem": 0.36405537709886754,
  "shfer_w0_layer1": 0.3780549755400124,
  "shfer_w0_layer2": 0.3854300803698104,
  "shfer_w0_layer3": 0.3878276106694034,
  "shfer_w0_layer4": 0.38366277684459904,
  "shfer_w0_head": 0.3047241879084804,
  "shfer_w1_all": 0.3943711948565891,
  "shfer_w1_stem": 0.38968229677448835,
  "shfer_w1_layer1": 0.3949829883819057,
  "shfer_w1_layer2": 0.3954781833190594,
  "shfer_w1_layer3": 0.39676850843760253,
  "shfer_w1_layer4": 0.3960724692867181,
  "shfer_w1_head": 0.36381880166984426,
  "shfer_w2_all": 0.40019423873499155,
  "shfer_w2_stem": 0.402816167519226,
  "shfer_w2_layer1": 0.3980763746378811,
  "shfer_w2_layer2": 0.40100526041269685,
  "shfer_w2_layer3": 0.3988922401731685,
  "shfer_w2_layer4": 0.3996845568040785,
  "shfer_w2_head": 0.39745027079775475
}