{
  "diverged": false,
  "n_steps": 10000,
  "spikes": 1440,
  "train_loss_tail": 0.0029490100040275137,
  "val_loss": 1.001007354736328,
  "val_acc": 0.8393,
  "lam_tail": 8.522062301635742,
  "chi_tail": 0.170441246032715,
  "sharpness_threshold": 194.9999999999998,
  "secs": 1215.0,
  "hfer_w1_mid": 0.39500259831559353,
  "raw_paths": "",
  "w0_conv1_hfer0.5": 0.44240174334909055,
  "w0_conv1_hfer0.6": 0.3532568731177781,
  "w0_conv1_hfer0.7": 0.2662247321948456,
  "w0_conv1_hfer0.6_hann": 0.3559938520765815,
  "w0_conv1_msr": 0.0007659830084278036,
  "gnorm_w0_conv1": 0.29896801690551905,
  "w0_layer2.0.conv1_hfer0.5": 0.47093786313134295,
  "w0_layer2.0.conv1_hfer0.6": 0.3759125106016475,
  "w0_layer2.0.conv1_hfer0.7": 0.2832670558921853,
  "w0_layer2.0.conv1_hfer0.6_hann": 0.3777028513805563,
  "w0_layer2.0.conv1_msr": 0.0007663541539986733,
  "gnorm_w0_layer2.0.conv1": 0.27190633975971473,
  "w0_layer3.0.conv1_hfer0.5": 0.4794108219810541,
  "w0_layer3.0.conv1_hfer0.6": 0.38309988752085056,
  "w0_layer3.0.conv1_hfer0.7": 0.2880206031888933,
  "w0_layer3.0.conv1_hfer0.6_hann": 0.3840740684171964,
  "w0_layer3.0.conv1_msr": 0.0007665117144064684,
  "gnorm_w0_layer3.0.conv1": 0.440123842069097,
  "w0_linear_hfer0.5": 0.34950028129480265,
  "w0_linear_hfer0.6": 0.2776904979475596,
  "w0_linear_hfer0.7": 0.20847337720452314,
  "w0_linear_hfer0.6_hann": 0.28546282532033956,
  "w0_linear_msr": 0.0007657659528767824,
  "gnorm_w0_linear": 0.46004445506982894,
  "w1_conv1_hfer0.5": 0.48209781652309697,
  "w1_conv1_hfer0.6": 0.38055974628121786,
  "w1_conv1_hfer0.7": 0.2827910229670871,
  "w1_conv1_hfer0.6_hann": 0.37980198111600505,
  "w1_conv1_msr": 0.0007668203885941775,
  "gnorm_w1_conv1": 0.16297100481760454,
  "w1_layer2.0.conv1_hfer0.5": 0.4913379431381421,
  "w1_layer2.0.conv1_hfer0.6": 0.3919837123186566,
  "w1_layer2.0.conv1_hfer0.7": 0.2942813470904826,
  "w1_layer2.0.conv1_hfer0.6_hann": 0.39269366792568244,
  "w1_layer2.0.conv1_msr": 0.0007665914184386863,
  "gnorm_w1_layer2.0.conv1": 0.16838088636082335,
  "w1_layer3.0.conv1_hfer0.5": 0.49453679471595846,
  "w1_layer3.0.conv1_hfer0.6": 0.39500259831559353,
  "w1_layer3.0.conv1_hfer0.7": 0.2965460437864494,
  "w1_layer3.0.conv1_hfer0.6_hann": 0.3950729861681636,
  "w1_layer3.0.conv1_msr": 0.0007667464485055787,
  "gnorm_w1_layer3.0.conv1": 0.31203463034733053,
  "w1_linear_hfer0.5": 0.43570576777478176,
  "w1_linear_hfer0.6": 0.34869884330623707,
  "w1_linear_hfer0.7": 0.2597977021858333,
  "w1_linear_hfer0.6_hann": 0.3591458413739263,
  "w1_linear_msr": 0.0007659540354666506,
  "gnorm_w1_linear": 0.16739328602771664,
  "w2_conv1_hfer0.5": 0.4987084589700346,
  "w2_conv1_hfer0.6": 0.40129676036526146,
  "w2_conv1_hfer0.7": 0.3030274572561524,
  "w2_conv1_hfer0.6_hann": 0.40554703143559867,
  "w2_conv1_msr": 0.0007692024385247174,
  "gnorm_w2_conv1": 0.07057557107676135,
  "w2_layer2.0.conv1_hfer0.5": 0.4981803473508311,
  "w2_layer2.0.conv1_hfer0.6": 0.39784670197394695,
  "w2_layer2.0.conv1_hfer0.7": 0.2989703621282996,
  "w2_layer2.0.conv1_hfer0.6_hann": 0.3973379836865429,
  "w2_layer2.0.conv1_msr": 0.0007739586435410905,
  "gnorm_w2_layer2.0.conv1": 0.07547525535267917,
  "w2_layer3.0.conv1_hfer0.5": 0.4994312770142663,
  "w2_layer3.0.conv1_hfer0.6": 0.3990410371831056,
  "w2_layer3.0.conv1_hfer0.7": 0.29948789701896206,
  "w2_layer3.0.conv1_hfer0.6_hann": 0.39893367971226984,
  "w2_layer3.0.conv1_msr": 0.0007741894136072787,
  "gnorm_w2_layer3.0.conv1": 0.14364483000989606,
  "w2_linear_hfer0.5": 0.4892188303317415,
  "w2_linear_hfer0.6": 0.39092451966949304,
  "w2_linear_hfer0.7": 0.29121028656357245,
  "w2_linear_hfer0.6_hann": 0.3957645400376822,
  "w2_linear_msr": 0.0007650857581003343,
  "gnorm_w2_linear": 0.05832841215362425,
  "shfer_w0_all": 0.3694598557036924,
  "shfer_w0_stem": 0.3547995891151437,
  "shfer_w0_layer1": 0.36698814603155205,
  "shfer_w0_layer2": 0.3778147283188598,
  "shfer_w0_layer3": 0.38124783912635846,
  "shfer_w0_layer4": 0.377047151786868,
  "shfer_w0_head": 0.2777366679868331,
  "shfer_w1_all": 0.3929615077083044,
  "shfer_w1_stem": 0.37844141887821303,
  "shfer_w1_layer1": 0.3881176879445378,
  "shfer_w1_layer2": 0.3947733042736174,
  "shfer_w1_layer3": 0.39603818329158064,
  "shfer_w1_layer4": 0.3925736433109652,
  "shfer_w1_head": 0.34848946344413556,
  "shfer_w2_all": 0.39988626947372335,
  "shfer_w2_stem": 0.4021915942482503,
  "shfer_w2_layer1": 0.3982103976665749,
  "shfer_w2_layer2": 0.39743500965485656,
  "shfer_w2_layer3": 0.3986324422716854,
  "shfer_w2_layer4": 0.39885510793326673,
  "shfer_w2_head": 0.3916079504274917
}