{
  "diverged": false,
  "n_steps": 10000,
  "spikes": 1527,
  "train_loss_tail": 0.00038786952065493095,
  "val_loss": 0.9220288330078125,
  "val_acc": 0.8448,
  "lam_tail": 3.045045852661133,
  "chi_tail": 0.06090091705322265,
  "sharpness_threshold": 190.00000000000003,
  "secs": 1213.7,
  "hfer_w1_mid": 0.3970760424056896,
  "raw_paths": "",
  "w0_conv1_hfer0.5": 0.45718754216290436,
  "w0_conv1_hfer0.6": 0.36489233864054793,
  "w0_conv1_hfer0.7": 0.27721138171852855,
  "w0_conv1_hfer0.6_hann": 0.3726584663805759,
  "w0_conv1_msr": 0.0032015208095771356,
  "gnorm_w0_conv1": 0.3831170888539178,
  "w0_layer2.0.conv1_hfer0.5": 0.481754062684602,
  "w0_layer2.0.conv1_hfer0.6": 0.38438853994385647,
  "w0_layer2.0.conv1_hfer0.7": 0.288962590998222,
  "w0_layer2.0.conv1_hfer0.6_hann": 0.3864079223135943,
  "w0_layer2.0.conv1_msr": 0.0032127725554647103,
  "gnorm_w0_layer2.0.conv1": 0.3799977613055215,
  "w0_layer3.0.conv1_hfer0.5": 0.485199578315898,
  "w0_layer3.0.conv1_hfer0.6": 0.3873593899312577,
  "w0_layer3.0.conv1_hfer0.7": 0.29140223433287354,
  "w0_layer3.0.conv1_hfer0.6_hann": 0.38873235276176427,
  "w0_layer3.0.conv1_msr": 0.0032126372302109674,
  "gnorm_w0_layer3.0.conv1": 0.6295803535057282,
  "w0_linear_hfer0.5": 0.3705055401005444,
  "w0_linear_hfer0.6": 0.29538754243571896,
  "w0_linear_hfer0.7": 0.2198754835513978,
  "w0_linear_hfer0.6_hann": 0.30516606632270854,
  "w0_linear_msr": 0.003219418490284433,
  "gnorm_w0_linear": 0.5892366803140451,
  "w1_conv1_hfer0.5": 0.49131275041128847,
  "w1_conv1_hfer0.6": 0.39524754955564606,
  "w1_conv1_hfer0.7": 0.29765177600033027,
  "w1_conv1_hfer0.6_hann": 0.39666974584056053,
  "w1_conv1_msr": 0.0032051444526088445,
  "gnorm_w1_conv1": 0.19637123403506368,
  "w1_layer2.0.conv1_hfer0.5": 0.49534921939345217,
  "w1_layer2.0.conv1_hfer0.6": 0.39621617769554685,
  "w1_layer2.0.conv1_hfer0.7": 0.29765874872235215,
  "w1_layer2.0.conv1_hfer0.6_hann": 0.39598257214772453,
  "w1_layer2.0.conv1_msr": 0.003210026745205608,
  "gnorm_w1_layer2.0.conv1": 0.2124213501611137,
  "w1_layer3.0.conv1_hfer0.5": 0.4967274205264532,
  "w1_layer3.0.conv1_hfer0.6": 0.3970760424056896,
  "w1_layer3.0.conv1_hfer0.7": 0.2980851409354425,
  "w1_layer3.0.conv1_hfer0.6_hann": 0.39737904693993364,
  "w1_layer3.0.conv1_msr": 0.003211004345831093,
  "gnorm_w1_layer3.0.conv1": 0.38147859376959176,
  "w1_linear_hfer0.5": 0.4582155622041618,
  "w1_linear_hfer0.6": 0.3693486254303496,
  "w1_linear_hfer0.7": 0.27579515454927495,
  "w1_linear_hfer0.6_hann": 0.3706967871416576,
  "w1_linear_msr": 0.0032169935438921366,
  "gnorm_w1_linear": 0.19192774420918968,
  "w2_conv1_hfer0.5": 0.49945096287838314,
  "w2_conv1_hfer0.6": 0.4030021159343858,
  "w2_conv1_hfer0.7": 0.30292167943151654,
  "w2_conv1_hfer0.6_hann": 0.4039797272360403,
  "w2_conv1_msr": 0.003238461254881463,
  "gnorm_w2_conv1": 0.06399046582202653,
  "w2_layer2.0.conv1_hfer0.5": 0.49919196196182203,
  "w2_layer2.0.conv1_hfer0.6": 0.3997537642676386,
  "w2_layer2.0.conv1_hfer0.7": 0.3005252762578093,
  "w2_layer2.0.conv1_hfer0.6_hann": 0.399591365357767,
  "w2_layer2.0.conv1_msr": 0.003231285252660323,
  "gnorm_w2_layer2.0.conv1": 0.0721596678383539,
  "w2_layer3.0.conv1_hfer0.5": 0.4998892091318049,
  "w2_layer3.0.conv1_hfer0.6": 0.3997003788792931,
  "w2_layer3.0.conv1_hfer0.7": 0.3000368935496489,
  "w2_layer3.0.conv1_hfer0.6_hann": 0.3999484985953539,
  "w2_layer3.0.conv1_msr": 0.0032282227055730377,
  "gnorm_w2_layer3.0.conv1": 0.13256687446770013,
  "w2_linear_hfer0.5": 0.48530295430823195,
  "w2_linear_hfer0.6": 0.38741128444257217,
  "w2_linear_hfer0.7": 0.2922449886141851,
  "w2_linear_hfer0.6_hann": 0.3884945223428461,
  "w2_linear_msr": 0.0032378896438130652,
  "gnorm_w2_linear": 0.05235626523409512,
  "shfer_w0_all": 0.37884171786898596,
  "shfer_w0_stem": 0.36397325639886213,
  "shfer_w0_layer1": 0.37786304156555856,
  "shfer_w0_layer2": 0.3853639045981993,
  "shfer_w0_layer3": 0.38646231407421516,
  "shfer_w0_layer4": 0.3788860629110461,
  "shfer_w0_head": 0.2943832073235341,
  "shfer_w1_all": 0.3982648769842719,
  "shfer_w1_stem": 0.3948347264374356,
  "shfer_w1_layer1": 0.3971843373508109,
  "shfer_w1_layer2": 0.39690215924765304,
  "shfer_w1_layer3": 0.3992786629760872,
  "shfer_w1_layer4": 0.3947285861551136,
  "shfer_w1_head": 0.36641637667974547,
  "shfer_w2_all": 0.39663220241268293,
  "shfer_w2_stem": 0.4019899028322666,
  "shfer_w2_layer1": 0.40065845684472656,
  "shfer_w2_layer2": 0.3987444009299,
  "shfer_w2_layer3": 0.3985426566277226,
  "shfer_w2_layer4": 0.39911809463118325,
  "shfer_w2_head": 0.3864593352156356
}