{
  "diverged": false,
  "n_steps": 10000,
  "spikes": 909,
  "train_loss_tail": 0.00013952129497920397,
  "val_loss": 0.8029388610839844,
  "val_acc": 0.8322,
  "lam_tail": 0.6372644901275635,
  "chi_tail": 0.00159316122531891,
  "sharpness_threshold": 1559.9999999999984,
  "secs": 1315.5,
  "hfer_w1_mid": 0.39847364895299486,
  "raw_paths": "/work/02/gs26/s26001/river-valley-momentum/codebases/results/raw/grid_cifar10_bn_ema_lr0.05_b0.95_s0/w1_layer3.0.conv1_G.npz;/work/02/gs26/s26001/river-valley-momentum/codebases/results/raw/grid_cifar10_bn_ema_lr0.05_b0.95_s0/w1_linear_G.npz",
  "w0_conv1_hfer0.5": 0.4454208360148942,
  "w0_conv1_hfer0.6": 0.35540703791063827,
  "w0_conv1_hfer0.7": 0.2650328560823352,
  "w0_conv1_hfer0.6_hann": 0.36481769835127725,
  "w0_conv1_msr": 0.0007682606340012775,
  "gnorm_w0_conv1": 0.7806980987539184,
  "w0_layer2.0.conv1_hfer0.5": 0.48307532002256987,
  "w0_layer2.0.conv1_hfer0.6": 0.38600231622666825,
  "w0_layer2.0.conv1_hfer0.7": 0.2894217142909547,
  "w0_layer2.0.conv1_hfer0.6_hann": 0.38807893208139566,
  "w0_layer2.0.conv1_msr": 0.0007686194398195007,
  "gnorm_w0_layer2.0.conv1": 0.7657745198831563,
  "w0_layer3.0.conv1_hfer0.5": 0.4881215565331164,
  "w0_layer3.0.conv1_hfer0.6": 0.3905114977011929,
  "w0_layer3.0.conv1_hfer0.7": 0.29298559858179574,
  "w0_layer3.0.conv1_hfer0.6_hann": 0.3921307045568151,
  "w0_layer3.0.conv1_msr": 0.0007679047535933664,
  "gnorm_w0_layer3.0.conv1": 1.2720131976205726,
  "w0_linear_hfer0.5": 0.3936980298690383,
  "w0_linear_hfer0.6": 0.3165245714040265,
  "w0_linear_hfer0.7": 0.23771908179529347,
  "w0_linear_hfer0.6_hann": 0.3432644034377865,
  "w0_linear_msr": 0.0007690888578250624,
  "gnorm_w0_linear": 0.7096526039784337,
  "w1_conv1_hfer0.5": 0.4905093542059051,
  "w1_conv1_hfer0.6": 0.3913725396914007,
  "w1_conv1_hfer0.7": 0.2991171335182042,
  "w1_conv1_hfer0.6_hann": 0.39813546566264113,
  "w1_conv1_msr": 0.0007696151850130518,
  "gnorm_w1_conv1": 0.21720587673196323,
  "w1_layer2.0.conv1_hfer0.5": 0.4974287405606514,
  "w1_layer2.0.conv1_hfer0.6": 0.3979763415335438,
  "w1_layer2.0.conv1_hfer0.7": 0.29974891220469935,
  "w1_layer2.0.conv1_hfer0.6_hann": 0.39865254930466254,
  "w1_layer2.0.conv1_msr": 0.0007673940071367131,
  "gnorm_w1_layer2.0.conv1": 0.23804005853460142,
  "w1_layer3.0.conv1_hfer0.5": 0.4981510793664247,
  "w1_layer3.0.conv1_hfer0.6": 0.39847364895299486,
  "w1_layer3.0.conv1_hfer0.7": 0.29937703858259623,
  "w1_layer3.0.conv1_hfer0.6_hann": 0.39935125300800656,
  "w1_layer3.0.conv1_msr": 0.0007673169223159609,
  "gnorm_w1_layer3.0.conv1": 0.42862854632078196,
  "w1_linear_hfer0.5": 0.47043734923946,
  "w1_linear_hfer0.6": 0.3755731291268859,
  "w1_linear_hfer0.7": 0.27496961201466996,
  "w1_linear_hfer0.6_hann": 0.37917005978875207,
  "w1_linear_msr": 0.0007689522720767913,
  "gnorm_w1_linear": 0.1255616553628285,
  "w2_conv1_hfer0.5": 0.5021442489924682,
  "w2_conv1_hfer0.6": 0.4008403943722526,
  "w2_conv1_hfer0.7": 0.30303358729855556,
  "w2_conv1_hfer0.6_hann": 0.4014012447997888,
  "w2_conv1_msr": 0.0007707790864444484,
  "gnorm_w2_conv1": 0.0056985941921483315,
  "w2_layer2.0.conv1_hfer0.5": 0.5002678575186642,
  "w2_layer2.0.conv1_hfer0.6": 0.40001110006125656,
  "w2_layer2.0.conv1_hfer0.7": 0.30052063479762475,
  "w2_layer2.0.conv1_hfer0.6_hann": 0.40119093779571163,
  "w2_layer2.0.conv1_msr": 0.0007690282181157914,
  "gnorm_w2_layer2.0.conv1": 0.006630551285733015,
  "w2_layer3.0.conv1_hfer0.5": 0.5002666803239487,
  "w2_layer3.0.conv1_hfer0.6": 0.3995929166288365,
  "w2_layer3.0.conv1_hfer0.7": 0.3003005330950788,
  "w2_layer3.0.conv1_hfer0.6_hann": 0.39992627066164027,
  "w2_layer3.0.conv1_msr": 0.0007682831382281478,
  "gnorm_w2_layer3.0.conv1": 0.011973284315873042,
  "w2_linear_hfer0.5": 0.49848146410038946,
  "w2_linear_hfer0.6": 0.3949706759237361,
  "w2_linear_hfer0.7": 0.2984464164811572,
  "w2_linear_hfer0.6_hann": 0.39217614825396346,
  "w2_linear_msr": 0.0007707609937195031,
  "gnorm_w2_linear": 0.0036900189234272936,
  "shfer_w0_all": 0.3847246934392502,
  "shfer_w0_stem": 0.35478396329754436,
  "shfer_w0_layer1": 0.3782289926039815,
  "shfer_w0_layer2": 0.3869425925400023,
  "shfer_w0_layer3": 0.3890713193914389,
  "shfer_w0_layer4": 0.3858944166332396,
  "shfer_w0_head": 0.31782969842128717,
  "shfer_w1_all": 0.40139891446530235,
  "shfer_w1_stem": 0.39201639354076045,
  "shfer_w1_layer1": 0.39521019685131253,
  "shfer_w1_layer2": 0.40045216260356997,
  "shfer_w1_layer3": 0.39877554142967353,
  "shfer_w1_layer4": 0.40347280328350765,
  "shfer_w1_head": 0.37068351156580825,
  "shfer_w2_all": 0.3988220178713201,
  "shfer_w2_stem": 0.40094038453050823,
  "shfer_w2_layer1": 0.40191018579919485,
  "shfer_w2_layer2": 0.4012903869353871,
  "shfer_w2_layer3": 0.39975115900997904,
  "shfer_w2_layer4": 0.40035105362549417,
  "shfer_w2_head": 0.39246691752986373
}