{
  "diverged": false,
  "n_steps": 10000,
  "spikes": 862,
  "train_loss_tail": 0.011788462718832306,
  "val_loss": 1.1742880981445312,
  "val_acc": 0.8125,
  "lam_tail": 3.995504856109619,
  "chi_tail": 1.5982019424438478,
  "sharpness_threshold": 7.5,
  "secs": 811.5,
  "hfer_w1_mid": 0.3991099760405776,
  "raw_paths": "",
  "w0_conv1_hfer0.5": 0.4977300392449993,
  "w0_conv1_hfer0.6": 0.39396884299742696,
  "w0_conv1_hfer0.7": 0.2892880831782488,
  "w0_conv1_hfer0.6_hann": 0.3938651152070599,
  "w0_conv1_msr": 0.5061517074634933,
  "gnorm_w0_conv1": 0.1908996559465231,
  "w0_layer2.0.conv1_hfer0.5": 0.49873579300589643,
  "w0_layer2.0.conv1_hfer0.6": 0.3971210194568408,
  "w0_layer2.0.conv1_hfer0.7": 0.29788560564178734,
  "w0_layer2.0.conv1_hfer0.6_hann": 0.39812120817603425,
  "w0_layer2.0.conv1_msr": 0.5047240923411703,
  "gnorm_w0_layer2.0.conv1": 0.12918825294889372,
  "w0_layer3.0.conv1_hfer0.5": 0.5001041981408776,
  "w0_layer3.0.conv1_hfer0.6": 0.3991099760405776,
  "w0_layer3.0.conv1_hfer0.7": 0.29954393416805214,
  "w0_layer3.0.conv1_hfer0.6_hann": 0.3988066550279543,
  "w0_layer3.0.conv1_msr": 0.5046268273619762,
  "gnorm_w0_layer3.0.conv1": 0.2371013483641045,
  "w0_linear_hfer0.5": 0.4825781691291213,
  "w0_linear_hfer0.6": 0.3838653988485995,
  "w0_linear_hfer0.7": 0.2879811544422287,
  "w0_linear_hfer0.6_hann": 0.38214598592284726,
  "w0_linear_msr": 0.5054375486223878,
  "gnorm_w0_linear": 0.14052028325449356
}