{
  "diverged": false,
  "n_steps": 10000,
  "spikes": 415,
  "train_loss_tail": 0.0012282601338229142,
  "val_loss": 2.172019873046875,
  "val_acc": 0.5677,
  "lam_tail": 0.19261577725410461,
  "chi_tail": 0.0038523155450820917,
  "sharpness_threshold": 190.00000000000003,
  "secs": 1276.5,
  "hfer_w1_mid": 0.39725334785547384,
  "raw_paths": "",
  "w0_conv1_hfer0.5": 0.4237286395788769,
  "w0_conv1_hfer0.6": 0.33848316209351703,
  "w0_conv1_hfer0.7": 0.2526377828540754,
  "w0_conv1_hfer0.6_hann": 0.345018471481847,
  "w0_conv1_msr": 0.0032176019632845334,
  "gnorm_w0_conv1": 0.5385278308511207,
  "w0_layer2.0.conv1_hfer0.5": 0.46657418293899733,
  "w0_layer2.0.conv1_hfer0.6": 0.37281243920680546,
  "w0_layer2.0.conv1_hfer0.7": 0.27960237772781554,
  "w0_layer2.0.conv1_hfer0.6_hann": 0.37581984688049835,
  "w0_layer2.0.conv1_msr": 0.0032185519840815424,
  "gnorm_w0_layer2.0.conv1": 0.47768688117578967,
  "w0_layer3.0.conv1_hfer0.5": 0.48164139545527673,
  "w0_layer3.0.conv1_hfer0.6": 0.38481505971127766,
  "w0_layer3.0.conv1_hfer0.7": 0.28924597205549846,
  "w0_layer3.0.conv1_hfer0.6_hann": 0.38615865115961334,
  "w0_layer3.0.conv1_msr": 0.0032122714044171617,
  "gnorm_w0_layer3.0.conv1": 0.8335339377907415,
  "w0_linear_hfer0.5": 0.43997121756345575,
  "w0_linear_hfer0.6": 0.35020033991261235,
  "w0_linear_hfer0.7": 0.26245817839990293,
  "w0_linear_hfer0.6_hann": 0.34944131893346647,
  "w0_linear_msr": 0.0032165512993578577,
  "gnorm_w0_linear": 1.1892465116058775,
  "w1_conv1_hfer0.5": 0.4808126686586565,
  "w1_conv1_hfer0.6": 0.3860911259853337,
  "w1_conv1_hfer0.7": 0.29012315949221856,
  "w1_conv1_hfer0.6_hann": 0.39085056770068954,
  "w1_conv1_msr": 0.0032224415273454,
  "gnorm_w1_conv1": 0.10755314481331349,
  "w1_layer2.0.conv1_hfer0.5": 0.4943212280495353,
  "w1_layer2.0.conv1_hfer0.6": 0.3947153328531465,
  "w1_layer2.0.conv1_hfer0.7": 0.2958984889418639,
  "w1_layer2.0.conv1_hfer0.6_hann": 0.39673142282536955,
  "w1_layer2.0.conv1_msr": 0.0032331950586945045,
  "gnorm_w1_layer2.0.conv1": 0.10519953044888052,
  "w1_layer3.0.conv1_hfer0.5": 0.49732235482024295,
  "w1_layer3.0.conv1_hfer0.6": 0.39725334785547384,
  "w1_layer3.0.conv1_hfer0.7": 0.2985751267975339,
  "w1_layer3.0.conv1_hfer0.6_hann": 0.39853037582900275,
  "w1_layer3.0.conv1_msr": 0.0032262590820958674,
  "gnorm_w1_layer3.0.conv1": 0.2160118577897949,
  "w1_linear_hfer0.5": 0.48372848730990436,
  "w1_linear_hfer0.6": 0.3851967932524593,
  "w1_linear_hfer0.7": 0.29017441761224116,
  "w1_linear_hfer0.6_hann": 0.3901072462345336,
  "w1_linear_msr": 0.0032252570360517003,
  "gnorm_w1_linear": 0.1789397707978875,
  "w2_conv1_hfer0.5": 0.5008891936949865,
  "w2_conv1_hfer0.6": 0.3991188032253106,
  "w2_conv1_hfer0.7": 0.2973225303363243,
  "w2_conv1_hfer0.6_hann": 0.3975874820089584,
  "w2_conv1_msr": 0.0032060865971697303,
  "gnorm_w2_conv1": 0.010349787983285511,
  "w2_layer2.0.conv1_hfer0.5": 0.5015758958319813,
  "w2_layer2.0.conv1_hfer0.6": 0.3998351720983083,
  "w2_layer2.0.conv1_hfer0.7": 0.29894701196513207,
  "w2_layer2.0.conv1_hfer0.6_hann": 0.3998025561802817,
  "w2_layer2.0.conv1_msr": 0.003207611001140763,
  "gnorm_w2_layer2.0.conv1": 0.010372455853870255,
  "w2_layer3.0.conv1_hfer0.5": 0.5014113502060076,
  "w2_layer3.0.conv1_hfer0.6": 0.39957784205121744,
  "w2_layer3.0.conv1_hfer0.7": 0.2988934751621522,
  "w2_layer3.0.conv1_hfer0.6_hann": 0.3999531745485335,
  "w2_layer3.0.conv1_msr": 0.0032078120461123036,
  "gnorm_w2_layer3.0.conv1": 0.02161153077664328,
  "w2_linear_hfer0.5": 0.5003242040105366,
  "w2_linear_hfer0.6": 0.4001850378681955,
  "w2_linear_hfer0.7": 0.29914640794944647,
  "w2_linear_hfer0.6_hann": 0.39972596646405095,
  "w2_linear_msr": 0.0032088140198978437,
  "gnorm_w2_linear": 0.03821880823461161,
  "shfer_w0_all": 0.3815148033607785,
  "shfer_w0_stem": 0.3382200533841395,
  "shfer_w0_layer1": 0.3633357731081315,
  "shfer_w0_layer2": 0.37820747261757154,
  "shfer_w0_layer3": 0.3891832016742354,
  "shfer_w0_layer4": 0.38887823235758556,
  "shfer_w0_head": 0.35022775341154094,
  "shfer_w1_all": 0.3968096275646226,
  "shfer_w1_stem": 0.3928022612055343,
  "shfer_w1_layer1": 0.39356099835671743,
  "shfer_w1_layer2": 0.3962739713844928,
  "shfer_w1_layer3": 0.3950396817670657,
  "shfer_w1_layer4": 0.39716211922061856,
  "shfer_w1_head": 0.38581482249252036,
  "shfer_w2_all": 0.4012582429012546,
  "shfer_w2_stem": 0.3992881208084661,
  "shfer_w2_layer1": 0.3995775865135176,
  "shfer_w2_layer2": 0.397297813190857,
  "shfer_w2_layer3": 0.3998842988397645,
  "shfer_w2_layer4": 0.40078215448108045,
  "shfer_w2_head": 0.40228051905716405
}