{
  "diverged": false,
  "n_steps": 10000,
  "spikes": 301,
  "train_loss_tail": 0.06544300338812173,
  "val_loss": 1.0131355163574218,
  "val_acc": 0.7795,
  "lam_tail": 4.357063293457031,
  "chi_tail": 3.485650634765625,
  "sharpness_threshold": 2.5,
  "secs": 1231.9,
  "hfer_w1_mid": 0.5426094431269176,
  "raw_paths": "",
  "w0_conv1_hfer0.5": 0.6988452298841056,
  "w0_conv1_hfer0.6": 0.5944971552079302,
  "w0_conv1_hfer0.7": 0.4774392773548735,
  "w0_conv1_hfer0.6_hann": 0.5991719902419897,
  "w0_conv1_msr": 1.0,
  "gnorm_w0_conv1": 0.30309746040516883,
  "w0_layer2.0.conv1_hfer0.5": 0.7483091767947411,
  "w0_layer2.0.conv1_hfer0.6": 0.6554909011997326,
  "w0_layer2.0.conv1_hfer0.7": 0.5457796693278038,
  "w0_layer2.0.conv1_hfer0.6_hann": 0.6545373408929345,
  "w0_layer2.0.conv1_msr": 1.0,
  "gnorm_w0_layer2.0.conv1": 0.07642328599533696,
  "w0_layer3.0.conv1_hfer0.5": 0.7460793731745775,
  "w0_layer3.0.conv1_hfer0.6": 0.6538604929080492,
  "w0_layer3.0.conv1_hfer0.7": 0.5446531297042315,
  "w0_layer3.0.conv1_hfer0.6_hann": 0.6478397425815691,
  "w0_layer3.0.conv1_msr": 1.0,
  "gnorm_w0_layer3.0.conv1": 0.11491552796856025,
  "w0_linear_hfer0.5": 0.7678372407111476,
  "w0_linear_hfer0.6": 0.6717533308482725,
  "w0_linear_hfer0.7": 0.5575426983989782,
  "w0_linear_hfer0.6_hann": 0.6671926640299138,
  "w0_linear_msr": 1.0,
  "gnorm_w0_linear": 0.21318020573542903,
  "w1_conv1_hfer0.5": 0.6578898663175008,
  "w1_conv1_hfer0.6": 0.5510244641808446,
  "w1_conv1_hfer0.7": 0.4346899743904744,
  "w1_conv1_hfer0.6_hann": 0.5527080340859696,
  "w1_conv1_msr": 1.0,
  "gnorm_w1_conv1": 0.26325436868200763,
  "w1_layer2.0.conv1_hfer0.5": 0.6498560170842395,
  "w1_layer2.0.conv1_hfer0.6": 0.5525598755953447,
  "w1_layer2.0.conv1_hfer0.7": 0.44198485576381724,
  "w1_layer2.0.conv1_hfer0.6_hann": 0.5535855797658735,
  "w1_layer2.0.conv1_msr": 1.0,
  "gnorm_w1_layer2.0.conv1": 0.12524930153750333,
  "w1_layer3.0.conv1_hfer0.5": 0.6403110221524538,
  "w1_layer3.0.conv1_hfer0.6": 0.5426094431269176,
  "w1_layer3.0.conv1_hfer0.7": 0.431576970031827,
  "w1_layer3.0.conv1_hfer0.6_hann": 0.5427832182449771,
  "w1_layer3.0.conv1_msr": 1.0,
  "gnorm_w1_layer3.0.conv1": 0.18976161356698443,
  "w1_linear_hfer0.5": 0.816048009584449,
  "w1_linear_hfer0.6": 0.7316236724785136,
  "w1_linear_hfer0.7": 0.617115880006707,
  "w1_linear_hfer0.6_hann": 0.7290043652896577,
  "w1_linear_msr": 1.0,
  "gnorm_w1_linear": 0.1880767025506333,
  "w2_conv1_hfer0.5": 0.5817438477757785,
  "w2_conv1_hfer0.6": 0.47017117129540936,
  "w2_conv1_hfer0.7": 0.3624387674844646,
  "w2_conv1_hfer0.6_hann": 0.4701619439969289,
  "w2_conv1_msr": 1.0,
  "gnorm_w2_conv1": 0.16923556864691106,
  "w2_layer2.0.conv1_hfer0.5": 0.5701261761569656,
  "w2_layer2.0.conv1_hfer0.6": 0.4671956134601474,
  "w2_layer2.0.conv1_hfer0.7": 0.3590656628034768,
  "w2_layer2.0.conv1_hfer0.6_hann": 0.4695223072893532,
  "w2_layer2.0.conv1_msr": 1.0,
  "gnorm_w2_layer2.0.conv1": 0.09365605610046447,
  "w2_layer3.0.conv1_hfer0.5": 0.5569234820975971,
  "w2_layer3.0.conv1_hfer0.6": 0.4520855779839171,
  "w2_layer3.0.conv1_hfer0.7": 0.3445691867638186,
  "w2_layer3.0.conv1_hfer0.6_hann": 0.45043816886582705,
  "w2_layer3.0.conv1_msr": 1.0,
  "gnorm_w2_layer3.0.conv1": 0.16049854739459798,
  "w2_linear_hfer0.5": 0.6329466679270094,
  "w2_linear_hfer0.6": 0.536099678311645,
  "w2_linear_hfer0.7": 0.42618212680357315,
  "w2_linear_hfer0.6_hann": 0.48773855674999267,
  "w2_linear_msr": 1.0,
  "gnorm_w2_linear": 0.1596609564187892,
  "shfer_w0_all": 0.6477992929363271,
  "shfer_w0_stem": 0.5984272085688387,
  "shfer_w0_layer1": 0.6268023136711589,
  "shfer_w0_layer2": 0.6789708881919667,
  "shfer_w0_layer3": 0.6821149035928612,
  "shfer_w0_layer4": 0.6739726474705315,
  "shfer_w0_head": 0.6886336489617659,
  "shfer_w1_all": 0.5695954076953903,
  "shfer_w1_stem": 0.5600913797194986,
  "shfer_w1_layer1": 0.5607485275334486,
  "shfer_w1_layer2": 0.5668912794255255,
  "shfer_w1_layer3": 0.5549390139562309,
  "shfer_w1_layer4": 0.5879611729280717,
  "shfer_w1_head": 0.7474210272160078,
  "shfer_w2_all": 0.4750693476316401,
  "shfer_w2_stem": 0.4848365191243165,
  "shfer_w2_layer1": 0.4773966218025831,
  "shfer_w2_layer2": 0.47491117063560306,
  "shfer_w2_layer3": 0.4560821470230203,
  "shfer_w2_layer4": 0.4842792037548222,
  "shfer_w2_head": 0.5316123350513741
}