{
  "diverged": false,
  "n_steps": 10000,
  "spikes": 272,
  "train_loss_tail": 0.04489025366026908,
  "val_loss": 1.2429755249023438,
  "val_acc": 0.7823,
  "lam_tail": 0.5225865840911865,
  "chi_tail": 0.16722770690917985,
  "sharpness_threshold": 12.187499999999988,
  "secs": 832.0,
  "hfer_w1_mid": 0.386836890693491,
  "raw_paths": "",
  "w0_conv1_hfer0.5": 0.4107084924151375,
  "w0_conv1_hfer0.6": 0.3251515218164646,
  "w0_conv1_hfer0.7": 0.2427299274698165,
  "w0_conv1_hfer0.6_hann": 0.3159899365210154,
  "w0_conv1_msr": 0.306737389387871,
  "gnorm_w0_conv1": 0.07087915989766261,
  "w0_layer2.0.conv1_hfer0.5": 0.47292400484673497,
  "w0_layer2.0.conv1_hfer0.6": 0.37803410144705313,
  "w0_layer2.0.conv1_hfer0.7": 0.2840810631977836,
  "w0_layer2.0.conv1_hfer0.6_hann": 0.3766919394953333,
  "w0_layer2.0.conv1_msr": 0.3067906161855715,
  "gnorm_w0_layer2.0.conv1": 0.06153066606464309,
  "w0_layer3.0.conv1_hfer0.5": 0.48436563840728525,
  "w0_layer3.0.conv1_hfer0.6": 0.386836890693491,
  "w0_layer3.0.conv1_hfer0.7": 0.29026334032483936,
  "w0_layer3.0.conv1_hfer0.6_hann": 0.38668423410158587,
  "w0_layer3.0.conv1_msr": 0.30684490006414344,
  "gnorm_w0_layer3.0.conv1": 0.11199197500241925,
  "w0_linear_hfer0.5": 0.3800868835562531,
  "w0_linear_hfer0.6": 0.3028003678674174,
  "w0_linear_hfer0.7": 0.22459221759753467,
  "w0_linear_hfer0.6_hann": 0.2980420829676271,
  "w0_linear_msr": 0.3075052063336718,
  "gnorm_w0_linear": 0.09007975161548912
}