{
  "diverged": false,
  "n_steps": 10000,
  "spikes": 1158,
  "train_loss_tail": 0.009035673757171025,
  "val_loss": 1.039218017578125,
  "val_acc": 0.8416,
  "lam_tail": 4.327053546905518,
  "chi_tail": 0.34616428375244135,
  "sharpness_threshold": 47.50000000000001,
  "secs": 806.5,
  "hfer_w1_mid": 0.3945828953717138,
  "raw_paths": "",
  "w0_conv1_hfer0.5": 0.47435054654942527,
  "w0_conv1_hfer0.6": 0.3776061621536134,
  "w0_conv1_hfer0.7": 0.2852233957409728,
  "w0_conv1_hfer0.6_hann": 0.3753634225286839,
  "w0_conv1_msr": 0.32100228356314625,
  "gnorm_w0_conv1": 0.14203744195606235,
  "w0_layer2.0.conv1_hfer0.5": 0.48983689041922557,
  "w0_layer2.0.conv1_hfer0.6": 0.39142341017339255,
  "w0_layer2.0.conv1_hfer0.7": 0.29366743193324385,
  "w0_layer2.0.conv1_hfer0.6_hann": 0.39259034821262984,
  "w0_layer2.0.conv1_msr": 0.3218353296101993,
  "gnorm_w0_layer2.0.conv1": 0.13992277900696767,
  "w0_layer3.0.conv1_hfer0.5": 0.4937989137160654,
  "w0_layer3.0.conv1_hfer0.6": 0.3945828953717138,
  "w0_layer3.0.conv1_hfer0.7": 0.29646143188718294,
  "w0_layer3.0.conv1_hfer0.6_hann": 0.3950257209274976,
  "w0_layer3.0.conv1_msr": 0.3217319621887723,
  "gnorm_w0_layer3.0.conv1": 0.24064208164139966,
  "w0_linear_hfer0.5": 0.4333214401171574,
  "w0_linear_hfer0.6": 0.3479641317690554,
  "w0_linear_hfer0.7": 0.2641116541876897,
  "w0_linear_hfer0.6_hann": 0.3509488349934736,
  "w0_linear_msr": 0.3221237389746093,
  "gnorm_w0_linear": 0.14133465142088655
}