{
  "diverged": false,
  "n_steps": 10000,
  "spikes": 498,
  "train_loss_tail": 0.001622971692821011,
  "val_loss": 2.555198193359375,
  "val_acc": 0.5564,
  "lam_tail": 0.17496749758720398,
  "chi_tail": 0.0006998699903488165,
  "sharpness_threshold": 994.9999999999991,
  "secs": 1268.4,
  "hfer_w1_mid": 0.39352847483615394,
  "raw_paths": "",
  "w0_conv1_hfer0.5": 0.3892301987149467,
  "w0_conv1_hfer0.6": 0.31210363323954365,
  "w0_conv1_hfer0.7": 0.2346002860892602,
  "w0_conv1_hfer0.6_hann": 0.32138760926201454,
  "w0_conv1_msr": 3.054359753426768e-05,
  "gnorm_w0_conv1": 0.45878677428001213,
  "w0_layer2.0.conv1_hfer0.5": 0.4472399485180445,
  "w0_layer2.0.conv1_hfer0.6": 0.35694481233739694,
  "w0_layer2.0.conv1_hfer0.7": 0.26790337799789193,
  "w0_layer2.0.conv1_hfer0.6_hann": 0.3579407759012497,
  "w0_layer2.0.conv1_msr": 3.064814992925073e-05,
  "gnorm_w0_layer2.0.conv1": 0.32782277221107203,
  "w0_layer3.0.conv1_hfer0.5": 0.4685851070577959,
  "w0_layer3.0.conv1_hfer0.6": 0.37448578342133587,
  "w0_layer3.0.conv1_hfer0.7": 0.28142329189714294,
  "w0_layer3.0.conv1_hfer0.6_hann": 0.3749743654564166,
  "w0_layer3.0.conv1_msr": 3.061482437186099e-05,
  "gnorm_w0_layer3.0.conv1": 0.5393550104045872,
  "w0_linear_hfer0.5": 0.4428528831375233,
  "w0_linear_hfer0.6": 0.35339216761308856,
  "w0_linear_hfer0.7": 0.26522047369710755,
  "w0_linear_hfer0.6_hann": 0.35225114857263357,
  "w0_linear_msr": 3.062929457312776e-05,
  "gnorm_w0_linear": 0.9966905412636397,
  "w1_conv1_hfer0.5": 0.44612086545440693,
  "w1_conv1_hfer0.6": 0.3568512667323945,
  "w1_conv1_hfer0.7": 0.26858395346699343,
  "w1_conv1_hfer0.6_hann": 0.3604846603413245,
  "w1_conv1_msr": 3.0021678893862862e-05,
  "gnorm_w1_conv1": 0.2185646619960439,
  "w1_layer2.0.conv1_hfer0.5": 0.4855130422073222,
  "w1_layer2.0.conv1_hfer0.6": 0.38808961980262563,
  "w1_layer2.0.conv1_hfer0.7": 0.2909475932304425,
  "w1_layer2.0.conv1_hfer0.6_hann": 0.38874180002044423,
  "w1_layer2.0.conv1_msr": 3.0604440433896e-05,
  "gnorm_w1_layer2.0.conv1": 0.1994529333691875,
  "w1_layer3.0.conv1_hfer0.5": 0.49247338210485275,
  "w1_layer3.0.conv1_hfer0.6": 0.39352847483615394,
  "w1_layer3.0.conv1_hfer0.7": 0.29555653716337604,
  "w1_layer3.0.conv1_hfer0.6_hann": 0.3944535667657792,
  "w1_layer3.0.conv1_msr": 3.05496916693108e-05,
  "gnorm_w1_layer3.0.conv1": 0.4108321891719811,
  "w1_linear_hfer0.5": 0.46720270912907025,
  "w1_linear_hfer0.6": 0.372227693858946,
  "w1_linear_hfer0.7": 0.2789197959130872,
  "w1_linear_hfer0.6_hann": 0.37672694242611987,
  "w1_linear_msr": 3.067580428041729e-05,
  "gnorm_w1_linear": 0.40620913204239206,
  "w2_conv1_hfer0.5": 0.49659169258089914,
  "w2_conv1_hfer0.6": 0.40176337321581324,
  "w2_conv1_hfer0.7": 0.3047697221807553,
  "w2_conv1_hfer0.6_hann": 0.39987197382321016,
  "w2_conv1_msr": 3.20425998944999e-05,
  "gnorm_w2_conv1": 0.01972488476337999,
  "w2_layer2.0.conv1_hfer0.5": 0.49976013297315086,
  "w2_layer2.0.conv1_hfer0.6": 0.40022435291986613,
  "w2_layer2.0.conv1_hfer0.7": 0.30073349251464815,
  "w2_layer2.0.conv1_hfer0.6_hann": 0.4002010449174724,
  "w2_layer2.0.conv1_msr": 3.272872596721091e-05,
  "gnorm_w2_layer2.0.conv1": 0.017424417523913053,
  "w2_layer3.0.conv1_hfer0.5": 0.5001400669771418,
  "w2_layer3.0.conv1_hfer0.6": 0.3996931823511112,
  "w2_layer3.0.conv1_hfer0.7": 0.30040582272412836,
  "w2_layer3.0.conv1_hfer0.6_hann": 0.3999208993908262,
  "w2_layer3.0.conv1_msr": 3.264899677362373e-05,
  "gnorm_w2_layer3.0.conv1": 0.03787646015710015,
  "w2_linear_hfer0.5": 0.4929190219630859,
  "w2_linear_hfer0.6": 0.3946761975905667,
  "w2_linear_hfer0.7": 0.2975311763842714,
  "w2_linear_hfer0.6_hann": 0.39697270393598594,
  "w2_linear_msr": 3.2444700398784146e-05,
  "gnorm_w2_linear": 0.03979860047699311,
  "shfer_w0_all": 0.3691788758998852,
  "shfer_w0_stem": 0.3115291884379927,
  "shfer_w0_layer1": 0.3443872395778432,
  "shfer_w0_layer2": 0.36321976391983685,
  "shfer_w0_layer3": 0.37510939468088733,
  "shfer_w0_layer4": 0.3785450630044219,
  "shfer_w0_head": 0.3546670962291327,
  "shfer_w1_all": 0.39293424872495225,
  "shfer_w1_stem": 0.35758477571816966,
  "shfer_w1_layer1": 0.38285789055922365,
  "shfer_w1_layer2": 0.3879426821967722,
  "shfer_w1_layer3": 0.39588647784806436,
  "shfer_w1_layer4": 0.39347717414569144,
  "shfer_w1_head": 0.3722298548368933,
  "shfer_w2_all": 0.39985920329926605,
  "shfer_w2_stem": 0.40034012214309994,
  "shfer_w2_layer1": 0.3985222185923867,
  "shfer_w2_layer2": 0.39917546828352,
  "shfer_w2_layer3": 0.39927441031234073,
  "shfer_w2_layer4": 0.40026802619314433,
  "shfer_w2_head": 0.39700373965899055
}