{
  "diverged": false,
  "n_steps": 10000,
  "spikes": 998,
  "train_loss_tail": 0.014510132795956452,
  "val_loss": 1.1752815307617188,
  "val_acc": 0.8014,
  "lam_tail": 3.923492670059204,
  "chi_tail": 1.5693970680236817,
  "sharpness_threshold": 7.5,
  "secs": 1230.0,
  "hfer_w1_mid": 0.3997514337505205,
  "raw_paths": "",
  "w0_conv1_hfer0.5": 0.538269649084178,
  "w0_conv1_hfer0.6": 0.41242424517984144,
  "w0_conv1_hfer0.7": 0.29690328035621494,
  "w0_conv1_hfer0.6_hann": 0.4157702985268083,
  "w0_conv1_msr": 0.12703637892921918,
  "gnorm_w0_conv1": 0.33635488623146725,
  "w0_layer2.0.conv1_hfer0.5": 0.498439257134225,
  "w0_layer2.0.conv1_hfer0.6": 0.39491386965123354,
  "w0_layer2.0.conv1_hfer0.7": 0.29537905139173204,
  "w0_layer2.0.conv1_hfer0.6_hann": 0.3933908316173264,
  "w0_layer2.0.conv1_msr": 0.1261747868301858,
  "gnorm_w0_layer2.0.conv1": 0.13029400506098848,
  "w0_layer3.0.conv1_hfer0.5": 0.4991079848842839,
  "w0_layer3.0.conv1_hfer0.6": 0.39691678929052016,
  "w0_layer3.0.conv1_hfer0.7": 0.29690003895002864,
  "w0_layer3.0.conv1_hfer0.6_hann": 0.3958489526240518,
  "w0_layer3.0.conv1_msr": 0.12616038745626576,
  "gnorm_w0_layer3.0.conv1": 0.28382126255817025,
  "w0_linear_hfer0.5": 0.5059637438863673,
  "w0_linear_hfer0.6": 0.3935723445063182,
  "w0_linear_hfer0.7": 0.2924197779852517,
  "w0_linear_hfer0.6_hann": 0.3877837537719492,
  "w0_linear_msr": 0.12653964330869963,
  "gnorm_w0_linear": 0.23634613536300647,
  "w1_conv1_hfer0.5": 0.4938886341699139,
  "w1_conv1_hfer0.6": 0.3928447379009613,
  "w1_conv1_hfer0.7": 0.2934764195505418,
  "w1_conv1_hfer0.6_hann": 0.39740459816536633,
  "w1_conv1_msr": 0.12642881971190947,
  "gnorm_w1_conv1": 0.1886680739134383,
  "w1_layer2.0.conv1_hfer0.5": 0.4995853692530262,
  "w1_layer2.0.conv1_hfer0.6": 0.3986376581130507,
  "w1_layer2.0.conv1_hfer0.7": 0.29947160404427053,
  "w1_layer2.0.conv1_hfer0.6_hann": 0.39916777662665914,
  "w1_layer2.0.conv1_msr": 0.12618318157763908,
  "gnorm_w1_layer2.0.conv1": 0.10424731758113773,
  "w1_layer3.0.conv1_hfer0.5": 0.5008797254473585,
  "w1_layer3.0.conv1_hfer0.6": 0.3997514337505205,
  "w1_layer3.0.conv1_hfer0.7": 0.30015201584447293,
  "w1_layer3.0.conv1_hfer0.6_hann": 0.3998996868658163,
  "w1_layer3.0.conv1_msr": 0.12613983947945798,
  "gnorm_w1_layer3.0.conv1": 0.22938874423124359,
  "w1_linear_hfer0.5": 0.49715149183207286,
  "w1_linear_hfer0.6": 0.3920943941083592,
  "w1_linear_hfer0.7": 0.2907013578888368,
  "w1_linear_hfer0.6_hann": 0.3908219828687616,
  "w1_linear_msr": 0.12654105590844508,
  "gnorm_w1_linear": 0.11936616248681911,
  "w2_conv1_hfer0.5": 0.49029490284873073,
  "w2_conv1_hfer0.6": 0.3884159677987228,
  "w2_conv1_hfer0.7": 0.29226618942966964,
  "w2_conv1_hfer0.6_hann": 0.3900007743604712,
  "w2_conv1_msr": 0.1267555036561442,
  "gnorm_w2_conv1": 0.12816572433901083,
  "w2_layer2.0.conv1_hfer0.5": 0.5000712668820306,
  "w2_layer2.0.conv1_hfer0.6": 0.3999803077436301,
  "w2_layer2.0.conv1_hfer0.7": 0.3006349715171501,
  "w2_layer2.0.conv1_hfer0.6_hann": 0.3975852761273818,
  "w2_layer2.0.conv1_msr": 0.12635469242892336,
  "gnorm_w2_layer2.0.conv1": 0.07220996310842424,
  "w2_layer3.0.conv1_hfer0.5": 0.5003087410414602,
  "w2_layer3.0.conv1_hfer0.6": 0.4001316424660106,
  "w2_layer3.0.conv1_hfer0.7": 0.3005226168369634,
  "w2_layer3.0.conv1_hfer0.6_hann": 0.39999036790095593,
  "w2_layer3.0.conv1_msr": 0.1263015733388101,
  "gnorm_w2_layer3.0.conv1": 0.15642968658788947,
  "w2_linear_hfer0.5": 0.49619806362133145,
  "w2_linear_hfer0.6": 0.3967058133730596,
  "w2_linear_hfer0.7": 0.29842478898334945,
  "w2_linear_hfer0.6_hann": 0.39796141810196073,
  "w2_linear_msr": 0.1263472621415525,
  "gnorm_w2_linear": 0.06942380972366728,
  "shfer_w0_all": 0.3999613247574176,
  "shfer_w0_stem": 0.4105397472859765,
  "shfer_w0_layer1": 0.3984941436766917,
  "shfer_w0_layer2": 0.3949947960670071,
  "shfer_w0_layer3": 0.3944530020165821,
  "shfer_w0_layer4": 0.3992684818541323,
  "shfer_w0_head": 0.3937863227742867,
  "shfer_w1_all": 0.3994902174146566,
  "shfer_w1_stem": 0.39014969111381037,
  "shfer_w1_layer1": 0.39927647418632567,
  "shfer_w1_layer2": 0.3968234546175232,
  "shfer_w1_layer3": 0.4001349001233762,
  "shfer_w1_layer4": 0.40136453048934834,
  "shfer_w1_head": 0.3896768262622932,
  "shfer_w2_all": 0.398163292754569,
  "shfer_w2_stem": 0.3911302759562527,
  "shfer_w2_layer1": 0.4012316851596599,
  "shfer_w2_layer2": 0.4018080097748104,
  "shfer_w2_layer3": 0.40115850627740035,
  "shfer_w2_layer4": 0.3986401449068766,
  "shfer_w2_head": 0.3950255454487921
}