{
  "diverged": false,
  "n_steps": 10000,
  "spikes": 1134,
  "train_loss_tail": 0.011262620530527784,
  "val_loss": 1.2312373046875,
  "val_acc": 0.8179,
  "lam_tail": 2.113696336746216,
  "chi_tail": 0.16909570693969742,
  "sharpness_threshold": 48.74999999999995,
  "secs": 811.0,
  "hfer_w1_mid": 0.3952355026560064,
  "raw_paths": "",
  "w0_conv1_hfer0.5": 0.47147964052387803,
  "w0_conv1_hfer0.6": 0.37133804108782453,
  "w0_conv1_hfer0.7": 0.2775369040001548,
  "w0_conv1_hfer0.6_hann": 0.3720190056237456,
  "w0_conv1_msr": 0.31246381060514744,
  "gnorm_w0_conv1": 0.09771828065318704,
  "w0_layer2.0.conv1_hfer0.5": 0.4892046915675106,
  "w0_layer2.0.conv1_hfer0.6": 0.3913547188008904,
  "w0_layer2.0.conv1_hfer0.7": 0.2941138496708571,
  "w0_layer2.0.conv1_hfer0.6_hann": 0.3923957846632064,
  "w0_layer2.0.conv1_msr": 0.30699639302278936,
  "gnorm_w0_layer2.0.conv1": 0.10158645962442309,
  "w0_layer3.0.conv1_hfer0.5": 0.49423686486064033,
  "w0_layer3.0.conv1_hfer0.6": 0.3952355026560064,
  "w0_layer3.0.conv1_hfer0.7": 0.2968320846821819,
  "w0_layer3.0.conv1_hfer0.6_hann": 0.3952803710700681,
  "w0_layer3.0.conv1_msr": 0.30683374648024925,
  "gnorm_w0_layer3.0.conv1": 0.18697478231511577,
  "w0_linear_hfer0.5": 0.42326745093473583,
  "w0_linear_hfer0.6": 0.3381482282811394,
  "w0_linear_hfer0.7": 0.25475730211216024,
  "w0_linear_hfer0.6_hann": 0.33659221911132214,
  "w0_linear_msr": 0.30635890546541517,
  "gnorm_w0_linear": 0.10457331555346765
}