{
  "diverged": false,
  "n_steps": 10000,
  "spikes": 1387,
  "train_loss_tail": 0.000309532640469115,
  "val_loss": 0.9643759216308594,
  "val_acc": 0.8365,
  "lam_tail": 2.9403958320617676,
  "chi_tail": 0.5880791664123536,
  "sharpness_threshold": 10.0,
  "secs": 1212.3,
  "hfer_w1_mid": 0.4052506012012607,
  "raw_paths": "",
  "w0_conv1_hfer0.5": 0.5778639831750931,
  "w0_conv1_hfer0.6": 0.4624551823260131,
  "w0_conv1_hfer0.7": 0.3458474146763409,
  "w0_conv1_hfer0.6_hann": 0.4578641426514226,
  "w0_conv1_msr": 1.0,
  "gnorm_w0_conv1": 0.39201694483842103,
  "w0_layer2.0.conv1_hfer0.5": 0.5375735049592496,
  "w0_layer2.0.conv1_hfer0.6": 0.431241778305476,
  "w0_layer2.0.conv1_hfer0.7": 0.32467074932379003,
  "w0_layer2.0.conv1_hfer0.6_hann": 0.4285739963185427,
  "w0_layer2.0.conv1_msr": 1.0,
  "gnorm_w0_layer2.0.conv1": 0.3536770995223086,
  "w0_layer3.0.conv1_hfer0.5": 0.5240405636391102,
  "w0_layer3.0.conv1_hfer0.6": 0.41995648188103024,
  "w0_layer3.0.conv1_hfer0.7": 0.31632629698540055,
  "w0_layer3.0.conv1_hfer0.6_hann": 0.4177381427807494,
  "w0_layer3.0.conv1_msr": 1.0,
  "gnorm_w0_layer3.0.conv1": 0.6378331305548303,
  "w0_linear_hfer0.5": 0.7034089712024363,
  "w0_linear_hfer0.6": 0.587779809508124,
  "w0_linear_hfer0.7": 0.4618291522626162,
  "w0_linear_hfer0.6_hann": 0.5675518345509609,
  "w0_linear_msr": 1.0,
  "gnorm_w0_linear": 0.4743783101439203,
  "w1_conv1_hfer0.5": 0.5219611870572626,
  "w1_conv1_hfer0.6": 0.418360715138063,
  "w1_conv1_hfer0.7": 0.315289536660535,
  "w1_conv1_hfer0.6_hann": 0.4139531625913686,
  "w1_conv1_msr": 1.0,
  "gnorm_w1_conv1": 0.19195233636754624,
  "w1_layer2.0.conv1_hfer0.5": 0.509603263395422,
  "w1_layer2.0.conv1_hfer0.6": 0.40720246110903724,
  "w1_layer2.0.conv1_hfer0.7": 0.30594247035086103,
  "w1_layer2.0.conv1_hfer0.6_hann": 0.40786611893554287,
  "w1_layer2.0.conv1_msr": 1.0,
  "gnorm_w1_layer2.0.conv1": 0.19623915972556977,
  "w1_layer3.0.conv1_hfer0.5": 0.5065262128371882,
  "w1_layer3.0.conv1_hfer0.6": 0.4052506012012607,
  "w1_layer3.0.conv1_hfer0.7": 0.3046555546311514,
  "w1_layer3.0.conv1_hfer0.6_hann": 0.4051670629489107,
  "w1_layer3.0.conv1_msr": 1.0,
  "gnorm_w1_layer3.0.conv1": 0.3900994424543706,
  "w1_linear_hfer0.5": 0.5698545084242816,
  "w1_linear_hfer0.6": 0.4609509411119836,
  "w1_linear_hfer0.7": 0.34918000275110295,
  "w1_linear_hfer0.6_hann": 0.45219730677139947,
  "w1_linear_msr": 1.0,
  "gnorm_w1_linear": 0.16373836933282254,
  "w2_conv1_hfer0.5": 0.5080144190347483,
  "w2_conv1_hfer0.6": 0.40244424696849374,
  "w2_conv1_hfer0.7": 0.30078758279855905,
  "w2_conv1_hfer0.6_hann": 0.40129226479967833,
  "w2_conv1_msr": 1.0,
  "gnorm_w2_conv1": 0.06790668436977608,
  "w2_layer2.0.conv1_hfer0.5": 0.50319951290323,
  "w2_layer2.0.conv1_hfer0.6": 0.401861323600992,
  "w2_layer2.0.conv1_hfer0.7": 0.3018949814279174,
  "w2_layer2.0.conv1_hfer0.6_hann": 0.4025274378334231,
  "w2_layer2.0.conv1_msr": 1.0,
  "gnorm_w2_layer2.0.conv1": 0.06869239002890293,
  "w2_layer3.0.conv1_hfer0.5": 0.502465364304128,
  "w2_layer3.0.conv1_hfer0.6": 0.40214339889026995,
  "w2_layer3.0.conv1_hfer0.7": 0.302195764903155,
  "w2_layer3.0.conv1_hfer0.6_hann": 0.4025793424974389,
  "w2_layer3.0.conv1_msr": 1.0,
  "gnorm_w2_layer3.0.conv1": 0.1418008427622459,
  "w2_linear_hfer0.5": 0.5178763820093295,
  "w2_linear_hfer0.6": 0.4120353381173648,
  "w2_linear_hfer0.7": 0.3105919653450895,
  "w2_linear_hfer0.6_hann": 0.4099467735676605,
  "w2_linear_msr": 1.0,
  "gnorm_w2_linear": 0.04568768178878988,
  "shfer_w0_all": 0.42984143606261765,
  "shfer_w0_stem": 0.46394072938741837,
  "shfer_w0_layer1": 0.44409571938714815,
  "shfer_w0_layer2": 0.42846992816970464,
  "shfer_w0_layer3": 0.4197905063560696,
  "shfer_w0_layer4": 0.42580185317281927,
  "shfer_w0_head": 0.5937347308921338,
  "shfer_w1_all": 0.4089331779840118,
  "shfer_w1_stem": 0.4187956930370201,
  "shfer_w1_layer1": 0.4106270172936457,
  "shfer_w1_layer2": 0.4083929190335226,
  "shfer_w1_layer3": 0.40603617150380983,
  "shfer_w1_layer4": 0.4074110166887932,
  "shfer_w1_head": 0.46462651921014125,
  "shfer_w2_all": 0.4019179422366533,
  "shfer_w2_stem": 0.4016540513898273,
  "shfer_w2_layer1": 0.4087390085189495,
  "shfer_w2_layer2": 0.40190321783929966,
  "shfer_w2_layer3": 0.40000183754122165,
  "shfer_w2_layer4": 0.4038400724032612,
  "shfer_w2_head": 0.4149300613460323
}