{
  "diverged": false,
  "n_steps": 10000,
  "spikes": 1374,
  "train_loss_tail": 0.010037658208893845,
  "val_loss": 1.096993145751953,
  "val_acc": 0.8293,
  "lam_tail": 3.951213836669922,
  "chi_tail": 0.3160971069335937,
  "sharpness_threshold": 47.50000000000001,
  "secs": 807.3,
  "hfer_w1_mid": 0.3959985927778317,
  "raw_paths": "",
  "w0_conv1_hfer0.5": 0.4875321019716134,
  "w0_conv1_hfer0.6": 0.3897935977141528,
  "w0_conv1_hfer0.7": 0.29166297238569805,
  "w0_conv1_hfer0.6_hann": 0.38950797573706825,
  "w0_conv1_msr": 0.322429882113942,
  "gnorm_w0_conv1": 0.12964010858967798,
  "w0_layer2.0.conv1_hfer0.5": 0.49278178676781265,
  "w0_layer2.0.conv1_hfer0.6": 0.39375934076916097,
  "w0_layer2.0.conv1_hfer0.7": 0.2953079011669996,
  "w0_layer2.0.conv1_hfer0.6_hann": 0.39414922966868443,
  "w0_layer2.0.conv1_msr": 0.321976289896973,
  "gnorm_w0_layer2.0.conv1": 0.1237706495566806,
  "w0_layer3.0.conv1_hfer0.5": 0.49586754243371944,
  "w0_layer3.0.conv1_hfer0.6": 0.3959985927778317,
  "w0_layer3.0.conv1_hfer0.7": 0.297369038189676,
  "w0_layer3.0.conv1_hfer0.6_hann": 0.39598773535117315,
  "w0_layer3.0.conv1_msr": 0.32179397251931807,
  "gnorm_w0_layer3.0.conv1": 0.24816724446405056,
  "w0_linear_hfer0.5": 0.44517607147162186,
  "w0_linear_hfer0.6": 0.35590893136322027,
  "w0_linear_hfer0.7": 0.26729123868194293,
  "w0_linear_hfer0.6_hann": 0.3607344963130485,
  "w0_linear_msr": 0.3217810657105183,
  "gnorm_w0_linear": 0.12975149947553483
}