{
  "diverged": false,
  "n_steps": 10000,
  "spikes": 1223,
  "train_loss_tail": 0.012434099562116899,
  "val_loss": 1.1368126220703125,
  "val_acc": 0.8297,
  "lam_tail": 3.93772554397583,
  "chi_tail": 0.31501804351806634,
  "sharpness_threshold": 47.50000000000001,
  "secs": 1201.3,
  "hfer_w1_mid": 0.3958934051498085,
  "raw_paths": "",
  "w0_conv1_hfer0.5": 0.4435189330606949,
  "w0_conv1_hfer0.6": 0.3521894186164113,
  "w0_conv1_hfer0.7": 0.26156860565010465,
  "w0_conv1_hfer0.6_hann": 0.3564779254106618,
  "w0_conv1_msr": 0.003231925922002967,
  "gnorm_w0_conv1": 0.21876196267732617,
  "w0_layer2.0.conv1_hfer0.5": 0.4684881067417383,
  "w0_layer2.0.conv1_hfer0.6": 0.3729533469277179,
  "w0_layer2.0.conv1_hfer0.7": 0.279662485371661,
  "w0_layer2.0.conv1_hfer0.6_hann": 0.3761534909644071,
  "w0_layer2.0.conv1_msr": 0.0032173732083121288,
  "gnorm_w0_layer2.0.conv1": 0.1988885634919806,
  "w0_layer3.0.conv1_hfer0.5": 0.47720275120477507,
  "w0_layer3.0.conv1_hfer0.6": 0.3803894811431126,
  "w0_layer3.0.conv1_hfer0.7": 0.28531581329447625,
  "w0_layer3.0.conv1_hfer0.6_hann": 0.3816680715628816,
  "w0_layer3.0.conv1_msr": 0.003213910662019168,
  "gnorm_w0_layer3.0.conv1": 0.2992512637922762,
  "w0_linear_hfer0.5": 0.38098568869492727,
  "w0_linear_hfer0.6": 0.3019915354990024,
  "w0_linear_hfer0.7": 0.2263105658518182,
  "w0_linear_hfer0.6_hann": 0.30082716695107115,
  "w0_linear_msr": 0.003214510063548897,
  "gnorm_w0_linear": 0.2636357899673497,
  "w1_conv1_hfer0.5": 0.4767096203212441,
  "w1_conv1_hfer0.6": 0.3815947633959159,
  "w1_conv1_hfer0.7": 0.28681410043802213,
  "w1_conv1_hfer0.6_hann": 0.38346846886486735,
  "w1_conv1_msr": 0.003211447629101168,
  "gnorm_w1_conv1": 0.13046748531914082,
  "w1_layer2.0.conv1_hfer0.5": 0.49195143752755377,
  "w1_layer2.0.conv1_hfer0.6": 0.3932265580668743,
  "w1_layer2.0.conv1_hfer0.7": 0.29557843459429645,
  "w1_layer2.0.conv1_hfer0.6_hann": 0.39527329083184176,
  "w1_layer2.0.conv1_msr": 0.003211537854875365,
  "gnorm_w1_layer2.0.conv1": 0.14100705694808827,
  "w1_layer3.0.conv1_hfer0.5": 0.495303890904365,
  "w1_layer3.0.conv1_hfer0.6": 0.3958934051498085,
  "w1_layer3.0.conv1_hfer0.7": 0.29728220486571616,
  "w1_layer3.0.conv1_hfer0.6_hann": 0.3960881860009744,
  "w1_layer3.0.conv1_msr": 0.0032120087143808944,
  "gnorm_w1_layer3.0.conv1": 0.24866042402067193,
  "w1_linear_hfer0.5": 0.4398956138494193,
  "w1_linear_hfer0.6": 0.34849387922813724,
  "w1_linear_hfer0.7": 0.263894137105916,
  "w1_linear_hfer0.6_hann": 0.3520435038969286,
  "w1_linear_msr": 0.003210300784144283,
  "gnorm_w1_linear": 0.13430789574690444,
  "w2_conv1_hfer0.5": 0.49450410872086353,
  "w2_conv1_hfer0.6": 0.39705747030641075,
  "w2_conv1_hfer0.7": 0.29733008810034856,
  "w2_conv1_hfer0.6_hann": 0.3928915306326357,
  "w2_conv1_msr": 0.0032126060248831435,
  "gnorm_w2_conv1": 0.0856355958489305,
  "w2_layer2.0.conv1_hfer0.5": 0.4962710186427703,
  "w2_layer2.0.conv1_hfer0.6": 0.39654958898334286,
  "w2_layer2.0.conv1_hfer0.7": 0.29798402014753644,
  "w2_layer2.0.conv1_hfer0.6_hann": 0.39663522477111735,
  "w2_layer2.0.conv1_msr": 0.0032175229069162916,
  "gnorm_w2_layer2.0.conv1": 0.09796710690028067,
  "w2_layer3.0.conv1_hfer0.5": 0.4986174380822277,
  "w2_layer3.0.conv1_hfer0.6": 0.3982942098484177,
  "w2_layer3.0.conv1_hfer0.7": 0.2990599656063971,
  "w2_layer3.0.conv1_hfer0.6_hann": 0.39811505515750006,
  "w2_layer3.0.conv1_msr": 0.003217480616893597,
  "gnorm_w2_layer3.0.conv1": 0.1759644771896555,
  "w2_linear_hfer0.5": 0.470877309177025,
  "w2_linear_hfer0.6": 0.3711716081101529,
  "w2_linear_hfer0.7": 0.27646563022768167,
  "w2_linear_hfer0.6_hann": 0.36424759813797314,
  "w2_linear_msr": 0.003208688592412946,
  "gnorm_w2_linear": 0.08186368929523502,
  "shfer_w0_all": 0.37360725849902443,
  "shfer_w0_stem": 0.35327524146208755,
  "shfer_w0_layer1": 0.36888463421222006,
  "shfer_w0_layer2": 0.3752730677356795,
  "shfer_w0_layer3": 0.3833503335055771,
  "shfer_w0_layer4": 0.3769111305859161,
  "shfer_w0_head": 0.3022017060342078,
  "shfer_w1_all": 0.3925212368128784,
  "shfer_w1_stem": 0.382249049870192,
  "shfer_w1_layer1": 0.39229782402452085,
  "shfer_w1_layer2": 0.39494200414059494,
  "shfer_w1_layer3": 0.39505997117426306,
  "shfer_w1_layer4": 0.3945258335025027,
  "shfer_w1_head": 0.3480285732865713,
  "shfer_w2_all": 0.395967730547682,
  "shfer_w2_stem": 0.39618873016918715,
  "shfer_w2_layer1": 0.39601133991837617,
  "shfer_w2_layer2": 0.39770176051115513,
  "shfer_w2_layer3": 0.3973567781967234,
  "shfer_w2_layer4": 0.3987852564373558,
  "shfer_w2_head": 0.374697534377476
}