{
  "diverged": false,
  "n_steps": 10000,
  "spikes": 388,
  "train_loss_tail": 0.0013312239905353635,
  "val_loss": 2.065601721191406,
  "val_acc": 0.5718,
  "lam_tail": 0.474007785320282,
  "chi_tail": 0.023700389266014102,
  "sharpness_threshold": 60.0,
  "secs": 1279.0,
  "hfer_w1_mid": 0.3994122033178552,
  "raw_paths": "",
  "w0_conv1_hfer0.5": 0.5026158139405137,
  "w0_conv1_hfer0.6": 0.3941682639163459,
  "w0_conv1_hfer0.7": 0.291940265505399,
  "w0_conv1_hfer0.6_hann": 0.39274519078852405,
  "w0_conv1_msr": 0.12648486854323723,
  "gnorm_w0_conv1": 0.7426477322813472,
  "w0_layer2.0.conv1_hfer0.5": 0.49911867633266527,
  "w0_layer2.0.conv1_hfer0.6": 0.3960049820833835,
  "w0_layer2.0.conv1_hfer0.7": 0.29660144669693633,
  "w0_layer2.0.conv1_hfer0.6_hann": 0.3950159855630295,
  "w0_layer2.0.conv1_msr": 0.12620922250137007,
  "gnorm_w0_layer2.0.conv1": 0.6970718478107666,
  "w0_layer3.0.conv1_hfer0.5": 0.4993480227597039,
  "w0_layer3.0.conv1_hfer0.6": 0.3975148508578504,
  "w0_layer3.0.conv1_hfer0.7": 0.297993480638623,
  "w0_layer3.0.conv1_hfer0.6_hann": 0.39803881374991557,
  "w0_layer3.0.conv1_msr": 0.12617436525641054,
  "gnorm_w0_layer3.0.conv1": 1.2108453010517735,
  "w0_linear_hfer0.5": 0.4961622078157914,
  "w0_linear_hfer0.6": 0.3922778392398655,
  "w0_linear_hfer0.7": 0.29231841874515563,
  "w0_linear_hfer0.6_hann": 0.3931679538954565,
  "w0_linear_msr": 0.12627519305399612,
  "gnorm_w0_linear": 1.2907840642356276,
  "w1_conv1_hfer0.5": 0.4951361968612887,
  "w1_conv1_hfer0.6": 0.39663920551771736,
  "w1_conv1_hfer0.7": 0.29607869224393546,
  "w1_conv1_hfer0.6_hann": 0.40247217380187,
  "w1_conv1_msr": 0.1261664277333828,
  "gnorm_w1_conv1": 0.08982870240872207,
  "w1_layer2.0.conv1_hfer0.5": 0.4994690337973626,
  "w1_layer2.0.conv1_hfer0.6": 0.3994130196026489,
  "w1_layer2.0.conv1_hfer0.7": 0.3006152303989208,
  "w1_layer2.0.conv1_hfer0.6_hann": 0.40034044718156603,
  "w1_layer2.0.conv1_msr": 0.12607047084123574,
  "gnorm_w1_layer2.0.conv1": 0.09257772209167167,
  "w1_layer3.0.conv1_hfer0.5": 0.49943252375982294,
  "w1_layer3.0.conv1_hfer0.6": 0.3994122033178552,
  "w1_layer3.0.conv1_hfer0.7": 0.30024694007498876,
  "w1_layer3.0.conv1_hfer0.6_hann": 0.3999571035800697,
  "w1_layer3.0.conv1_msr": 0.1260784208349201,
  "gnorm_w1_layer3.0.conv1": 0.18157838276340288,
  "w1_linear_hfer0.5": 0.4907625596556309,
  "w1_linear_hfer0.6": 0.39214944468596286,
  "w1_linear_hfer0.7": 0.29729192315753805,
  "w1_linear_hfer0.6_hann": 0.3973260427317356,
  "w1_linear_msr": 0.1257467074834834,
  "gnorm_w1_linear": 0.1191924967833158,
  "w2_conv1_hfer0.5": 0.5023662899084624,
  "w2_conv1_hfer0.6": 0.4007024236176265,
  "w2_conv1_hfer0.7": 0.3024310475633125,
  "w2_conv1_hfer0.6_hann": 0.4012400095486689,
  "w2_conv1_msr": 0.1259209470280389,
  "gnorm_w2_conv1": 0.014825353828727813,
  "w2_layer2.0.conv1_hfer0.5": 0.5003728869073798,
  "w2_layer2.0.conv1_hfer0.6": 0.3995992704988962,
  "w2_layer2.0.conv1_hfer0.7": 0.30087975424112173,
  "w2_layer2.0.conv1_hfer0.6_hann": 0.39888869414654965,
  "w2_layer2.0.conv1_msr": 0.12596099096396807,
  "gnorm_w2_layer2.0.conv1": 0.01709932270157383,
  "w2_layer3.0.conv1_hfer0.5": 0.5004863070364542,
  "w2_layer3.0.conv1_hfer0.6": 0.399791574134025,
  "w2_layer3.0.conv1_hfer0.7": 0.30089755849225325,
  "w2_layer3.0.conv1_hfer0.6_hann": 0.398761554461373,
  "w2_layer3.0.conv1_msr": 0.12597270467934987,
  "gnorm_w2_layer3.0.conv1": 0.03405429119007785,
  "w2_linear_hfer0.5": 0.4941196758634719,
  "w2_linear_hfer0.6": 0.39462420290242883,
  "w2_linear_hfer0.7": 0.29493914334181665,
  "w2_linear_hfer0.6_hann": 0.38244961944615075,
  "w2_linear_msr": 0.1261590338676208,
  "gnorm_w2_linear": 0.04462900854304526,
  "shfer_w0_all": 0.3962451324780786,
  "shfer_w0_stem": 0.39579950421680216,
  "shfer_w0_layer1": 0.39427564451862657,
  "shfer_w0_layer2": 0.39911060150254085,
  "shfer_w0_layer3": 0.3978876635964172,
  "shfer_w0_layer4": 0.39766450932465663,
  "shfer_w0_head": 0.3912811889678804,
  "shfer_w1_all": 0.4021429651720804,
  "shfer_w1_stem": 0.39547984427971994,
  "shfer_w1_layer1": 0.398512400987472,
  "shfer_w1_layer2": 0.40039789450203345,
  "shfer_w1_layer3": 0.4022430270504604,
  "shfer_w1_layer4": 0.39906744807084443,
  "shfer_w1_head": 0.3937032691997102,
  "shfer_w2_all": 0.3978484298802348,
  "shfer_w2_stem": 0.40111924363686524,
  "shfer_w2_layer1": 0.39895607452798104,
  "shfer_w2_layer2": 0.4004757022364607,
  "shfer_w2_layer3": 0.40023857986038713,
  "shfer_w2_layer4": 0.39863327902385615,
  "shfer_w2_head": 0.39461615013802026
}