{
  "diverged": false,
  "n_steps": 10000,
  "spikes": 391,
  "train_loss_tail": 0.0018858732952503488,
  "val_loss": 2.056846826171875,
  "val_acc": 0.5614,
  "lam_tail": 0.5631906390190125,
  "chi_tail": 0.05631906390190125,
  "sharpness_threshold": 20.0,
  "secs": 1292.6,
  "hfer_w1_mid": 0.40246392047740737,
  "raw_paths": "",
  "w0_conv1_hfer0.5": 0.6108832007707782,
  "w0_conv1_hfer0.6": 0.4950209016125406,
  "w0_conv1_hfer0.7": 0.37483005705650696,
  "w0_conv1_hfer0.6_hann": 0.4858344338491619,
  "w0_conv1_msr": 1.0,
  "gnorm_w0_conv1": 0.6731866478283465,
  "w0_layer2.0.conv1_hfer0.5": 0.5430393434891038,
  "w0_layer2.0.conv1_hfer0.6": 0.43623965002864107,
  "w0_layer2.0.conv1_hfer0.7": 0.3293225587417412,
  "w0_layer2.0.conv1_hfer0.6_hann": 0.4311803921992132,
  "w0_layer2.0.conv1_msr": 1.0,
  "gnorm_w0_layer2.0.conv1": 0.6666039567934207,
  "w0_layer3.0.conv1_hfer0.5": 0.5221791565704136,
  "w0_layer3.0.conv1_hfer0.6": 0.4183632357736175,
  "w0_layer3.0.conv1_hfer0.7": 0.3151092431497626,
  "w0_layer3.0.conv1_hfer0.6_hann": 0.41609523995025377,
  "w0_layer3.0.conv1_msr": 1.0,
  "gnorm_w0_layer3.0.conv1": 1.1747102581458309,
  "w0_linear_hfer0.5": 0.5964296835374184,
  "w0_linear_hfer0.6": 0.4827181763296978,
  "w0_linear_hfer0.7": 0.3663580967058906,
  "w0_linear_hfer0.6_hann": 0.4764859853276038,
  "w0_linear_msr": 1.0,
  "gnorm_w0_linear": 1.3047068299415165,
  "w1_conv1_hfer0.5": 0.5129645259601466,
  "w1_conv1_hfer0.6": 0.41438992167871697,
  "w1_conv1_hfer0.7": 0.31279295103741867,
  "w1_conv1_hfer0.6_hann": 0.4103578758568876,
  "w1_conv1_msr": 1.0,
  "gnorm_w1_conv1": 0.0832020022082686,
  "w1_layer2.0.conv1_hfer0.5": 0.5037148829907678,
  "w1_layer2.0.conv1_hfer0.6": 0.4030907706764756,
  "w1_layer2.0.conv1_hfer0.7": 0.30366616680511277,
  "w1_layer2.0.conv1_hfer0.6_hann": 0.4035254985909229,
  "w1_layer2.0.conv1_msr": 1.0,
  "gnorm_w1_layer2.0.conv1": 0.0890192783030648,
  "w1_layer3.0.conv1_hfer0.5": 0.5027355057330506,
  "w1_layer3.0.conv1_hfer0.6": 0.40246392047740737,
  "w1_layer3.0.conv1_hfer0.7": 0.30292500445350384,
  "w1_layer3.0.conv1_hfer0.6_hann": 0.40179868380220873,
  "w1_layer3.0.conv1_msr": 1.0,
  "gnorm_w1_layer3.0.conv1": 0.17531649645396624,
  "w1_linear_hfer0.5": 0.5138051308241816,
  "w1_linear_hfer0.6": 0.4142753104464155,
  "w1_linear_hfer0.7": 0.31562399697568,
  "w1_linear_hfer0.6_hann": 0.40595909387575757,
  "w1_linear_msr": 1.0,
  "gnorm_w1_linear": 0.11539858548928023,
  "w2_conv1_hfer0.5": 0.5026361663225225,
  "w2_conv1_hfer0.6": 0.40921597628081774,
  "w2_conv1_hfer0.7": 0.30514717155412674,
  "w2_conv1_hfer0.6_hann": 0.4047202937128856,
  "w2_conv1_msr": 1.0,
  "gnorm_w2_conv1": 0.013883708001919794,
  "w2_layer2.0.conv1_hfer0.5": 0.5013249248158179,
  "w2_layer2.0.conv1_hfer0.6": 0.40293569012620045,
  "w2_layer2.0.conv1_hfer0.7": 0.3020915516836993,
  "w2_layer2.0.conv1_hfer0.6_hann": 0.4009330293149321,
  "w2_layer2.0.conv1_msr": 1.0,
  "gnorm_w2_layer2.0.conv1": 0.016792268973250073,
  "w2_layer3.0.conv1_hfer0.5": 0.5012641830730739,
  "w2_layer3.0.conv1_hfer0.6": 0.403205498737858,
  "w2_layer3.0.conv1_hfer0.7": 0.30252746127652996,
  "w2_layer3.0.conv1_hfer0.6_hann": 0.4010870294050645,
  "w2_layer3.0.conv1_msr": 1.0,
  "gnorm_w2_layer3.0.conv1": 0.03394038080526909,
  "w2_linear_hfer0.5": 0.5021657793279948,
  "w2_linear_hfer0.6": 0.4020516491706652,
  "w2_linear_hfer0.7": 0.302585006159396,
  "w2_linear_hfer0.6_hann": 0.398909308330313,
  "w2_linear_msr": 1.0,
  "gnorm_w2_linear": 0.04350706811662905,
  "shfer_w0_all": 0.4262232868629256,
  "shfer_w0_stem": 0.4984355504432433,
  "shfer_w0_layer1": 0.44933792412710283,
  "shfer_w0_layer2": 0.42914332338686567,
  "shfer_w0_layer3": 0.41521114842226714,
  "shfer_w0_layer4": 0.4178361721805587,
  "shfer_w0_head": 0.4820119068426453,
  "shfer_w1_all": 0.3996531838650458,
  "shfer_w1_stem": 0.4161329121581772,
  "shfer_w1_layer1": 0.40313925235718945,
  "shfer_w1_layer2": 0.4033392557153159,
  "shfer_w1_layer3": 0.40374349849662994,
  "shfer_w1_layer4": 0.40058896867069704,
  "shfer_w1_head": 0.4150234912038675,
  "shfer_w2_all": 0.40292662997359596,
  "shfer_w2_stem": 0.40925495141588636,
  "shfer_w2_layer1": 0.40242012812953853,
  "shfer_w2_layer2": 0.4027289718024093,
  "shfer_w2_layer3": 0.40342013938411764,
  "shfer_w2_layer4": 0.4031675140663375,
  "shfer_w2_head": 0.4024939980663238
}