{
  "diverged": false,
  "n_steps": 10000,
  "spikes": 862,
  "train_loss_tail": 0.011788462718832306,
  "val_loss": 1.1742880981445312,
  "val_acc": 0.8125,
  "lam_tail": 3.86419939994812,
  "chi_tail": 1.5456797599792482,
  "sharpness_threshold": 7.5,
  "secs": 1259.0,
  "hfer_w1_mid": 0.3991099760405776,
  "raw_paths": "/work/02/gs26/s26001/river-valley-momentum/codebases/results/raw/grid_cifar10_bn_ema_lr0.8_b0.5_s0/w1_layer3.0.conv1_G.npz;/work/02/gs26/s26001/river-valley-momentum/codebases/results/raw/grid_cifar10_bn_ema_lr0.8_b0.5_s0/w1_linear_G.npz",
  "w0_conv1_hfer0.5": 0.5455235260186213,
  "w0_conv1_hfer0.6": 0.42171423455400137,
  "w0_conv1_hfer0.7": 0.3034603295144741,
  "w0_conv1_hfer0.6_hann": 0.4122179065105585,
  "w0_conv1_msr": 0.1271583675625152,
  "gnorm_w0_conv1": 0.3211230770232387,
  "w0_layer2.0.conv1_hfer0.5": 0.5023623568828984,
  "w0_layer2.0.conv1_hfer0.6": 0.3973712970433092,
  "w0_layer2.0.conv1_hfer0.7": 0.295721200761226,
  "w0_layer2.0.conv1_hfer0.6_hann": 0.395959323480498,
  "w0_layer2.0.conv1_msr": 0.12633564090832722,
  "gnorm_w0_layer2.0.conv1": 0.1652607177114686,
  "w0_layer3.0.conv1_hfer0.5": 0.5012981996771306,
  "w0_layer3.0.conv1_hfer0.6": 0.3974434737625654,
  "w0_layer3.0.conv1_hfer0.7": 0.29675301313381663,
  "w0_layer3.0.conv1_hfer0.6_hann": 0.397870634985089,
  "w0_layer3.0.conv1_msr": 0.12623596289011466,
  "gnorm_w0_layer3.0.conv1": 0.26692078686398296,
  "w0_linear_hfer0.5": 0.5036395666367829,
  "w0_linear_hfer0.6": 0.3888878183555425,
  "w0_linear_hfer0.7": 0.28357518758936445,
  "w0_linear_hfer0.6_hann": 0.39628112111903846,
  "w0_linear_msr": 0.12668310806005503,
  "gnorm_w0_linear": 0.26161981974752396,
  "w1_conv1_hfer0.5": 0.4977300392449993,
  "w1_conv1_hfer0.6": 0.39396884299742696,
  "w1_conv1_hfer0.7": 0.2892880831782488,
  "w1_conv1_hfer0.6_hann": 0.3938651152070599,
  "w1_conv1_msr": 0.1265379268658733,
  "gnorm_w1_conv1": 0.1908996559465231,
  "w1_layer2.0.conv1_hfer0.5": 0.49873579300589643,
  "w1_layer2.0.conv1_hfer0.6": 0.3971210194568408,
  "w1_layer2.0.conv1_hfer0.7": 0.29788560564178734,
  "w1_layer2.0.conv1_hfer0.6_hann": 0.39812120817603425,
  "w1_layer2.0.conv1_msr": 0.12618102308529258,
  "gnorm_w1_layer2.0.conv1": 0.12918825294889372,
  "w1_layer3.0.conv1_hfer0.5": 0.5001041981408776,
  "w1_layer3.0.conv1_hfer0.6": 0.3991099760405776,
  "w1_layer3.0.conv1_hfer0.7": 0.29954393416805214,
  "w1_layer3.0.conv1_hfer0.6_hann": 0.3988066550279543,
  "w1_layer3.0.conv1_msr": 0.12615670684049404,
  "gnorm_w1_layer3.0.conv1": 0.2371013483641045,
  "w1_linear_hfer0.5": 0.4825781691291213,
  "w1_linear_hfer0.6": 0.3838653988485995,
  "w1_linear_hfer0.7": 0.2879811544422287,
  "w1_linear_hfer0.6_hann": 0.38214598592284726,
  "w1_linear_msr": 0.12635938715559694,
  "gnorm_w1_linear": 0.14052028325449356,
  "w2_conv1_hfer0.5": 0.505230820076913,
  "w2_conv1_hfer0.6": 0.40251285289597205,
  "w2_conv1_hfer0.7": 0.30147913728331505,
  "w2_conv1_hfer0.6_hann": 0.3984455436223812,
  "w2_conv1_msr": 0.12623899587139448,
  "gnorm_w2_conv1": 0.12034510496926959,
  "w2_layer2.0.conv1_hfer0.5": 0.5003906816831054,
  "w2_layer2.0.conv1_hfer0.6": 0.4001978925441453,
  "w2_layer2.0.conv1_hfer0.7": 0.30108886341824265,
  "w2_layer2.0.conv1_hfer0.6_hann": 0.39892558548949847,
  "w2_layer2.0.conv1_msr": 0.12613491571999458,
  "gnorm_w2_layer2.0.conv1": 0.08663413831069106,
  "w2_layer3.0.conv1_hfer0.5": 0.5005468066237855,
  "w2_layer3.0.conv1_hfer0.6": 0.4001483537735794,
  "w2_layer3.0.conv1_hfer0.7": 0.30067253110047626,
  "w2_layer3.0.conv1_hfer0.6_hann": 0.3994009290054527,
  "w2_layer3.0.conv1_msr": 0.1261685323764934,
  "gnorm_w2_layer3.0.conv1": 0.16452529384017742,
  "w2_linear_hfer0.5": 0.49228795038586326,
  "w2_linear_hfer0.6": 0.3909668489180974,
  "w2_linear_hfer0.7": 0.2959100983011617,
  "w2_linear_hfer0.6_hann": 0.38841561055638724,
  "w2_linear_msr": 0.12605977861538736,
  "gnorm_w2_linear": 0.08370937277202921,
  "shfer_w0_all": 0.3993960343777935,
  "shfer_w0_stem": 0.41938908716519674,
  "shfer_w0_layer1": 0.40239919419752085,
  "shfer_w0_layer2": 0.3970783016395604,
  "shfer_w0_layer3": 0.39690312336382766,
  "shfer_w0_layer4": 0.3974939395494118,
  "shfer_w0_head": 0.3881998395884704,
  "shfer_w1_all": 0.40005074288976455,
  "shfer_w1_stem": 0.3941256612472393,
  "shfer_w1_layer1": 0.3959724164562517,
  "shfer_w1_layer2": 0.3985460503917388,
  "shfer_w1_layer3": 0.3994156082396982,
  "shfer_w1_layer4": 0.4002645266510365,
  "shfer_w1_head": 0.38254128011650407,
  "shfer_w2_all": 0.40292116256325977,
  "shfer_w2_stem": 0.40240478649002825,
  "shfer_w2_layer1": 0.39743726452719697,
  "shfer_w2_layer2": 0.4005624809072007,
  "shfer_w2_layer3": 0.40030081420349706,
  "shfer_w2_layer4": 0.40245200224178873,
  "shfer_w2_head": 0.3894138142594732
}