{
  "diverged": false,
  "n_steps": 10000,
  "spikes": 919,
  "train_loss_tail": 0.0001470704932071385,
  "val_loss": 0.8237977722167968,
  "val_acc": 0.825,
  "lam_tail": 0.9017364382743835,
  "chi_tail": 0.04508682191371918,
  "sharpness_threshold": 40.0,
  "secs": 1244.8,
  "hfer_w1_mid": 0.4024813719761558,
  "raw_paths": "",
  "w0_conv1_hfer0.5": 0.5623365164303464,
  "w0_conv1_hfer0.6": 0.45500310056653,
  "w0_conv1_hfer0.7": 0.34485250331194855,
  "w0_conv1_hfer0.6_hann": 0.4532059468228997,
  "w0_conv1_msr": 1.0,
  "gnorm_w0_conv1": 0.7023347521754866,
  "w0_layer2.0.conv1_hfer0.5": 0.5198854879271246,
  "w0_layer2.0.conv1_hfer0.6": 0.4159817122982778,
  "w0_layer2.0.conv1_hfer0.7": 0.3133604899609615,
  "w0_layer2.0.conv1_hfer0.6_hann": 0.4137608266821253,
  "w0_layer2.0.conv1_msr": 1.0,
  "gnorm_w0_layer2.0.conv1": 0.7770310735231822,
  "w0_layer3.0.conv1_hfer0.5": 0.5127947724083106,
  "w0_layer3.0.conv1_hfer0.6": 0.4103070056995682,
  "w0_layer3.0.conv1_hfer0.7": 0.30828132482489395,
  "w0_layer3.0.conv1_hfer0.6_hann": 0.4088683332575395,
  "w0_layer3.0.conv1_msr": 1.0,
  "gnorm_w0_layer3.0.conv1": 1.280168427600046,
  "w0_linear_hfer0.5": 0.66753454862755,
  "w0_linear_hfer0.6": 0.5454756639506901,
  "w0_linear_hfer0.7": 0.41607517718053627,
  "w0_linear_hfer0.6_hann": 0.5098653613587644,
  "w0_linear_msr": 1.0,
  "gnorm_w0_linear": 0.6658806566340827,
  "w1_conv1_hfer0.5": 0.5210884186214424,
  "w1_conv1_hfer0.6": 0.4129828196184211,
  "w1_conv1_hfer0.7": 0.30802110414764766,
  "w1_conv1_hfer0.6_hann": 0.40530470709439154,
  "w1_conv1_msr": 1.0,
  "gnorm_w1_conv1": 0.18582366054587382,
  "w1_layer2.0.conv1_hfer0.5": 0.5044350327786666,
  "w1_layer2.0.conv1_hfer0.6": 0.4035137246301778,
  "w1_layer2.0.conv1_hfer0.7": 0.3029345562130632,
  "w1_layer2.0.conv1_hfer0.6_hann": 0.40179981463798786,
  "w1_layer2.0.conv1_msr": 1.0,
  "gnorm_w1_layer2.0.conv1": 0.22658285507197676,
  "w1_layer3.0.conv1_hfer0.5": 0.5035434740244733,
  "w1_layer3.0.conv1_hfer0.6": 0.4024813719761558,
  "w1_layer3.0.conv1_hfer0.7": 0.3025502873955211,
  "w1_layer3.0.conv1_hfer0.6_hann": 0.4019870907966306,
  "w1_layer3.0.conv1_msr": 1.0,
  "gnorm_w1_layer3.0.conv1": 0.40205597166701285,
  "w1_linear_hfer0.5": 0.51809068868715,
  "w1_linear_hfer0.6": 0.41184594184048895,
  "w1_linear_hfer0.7": 0.30657084024131886,
  "w1_linear_hfer0.6_hann": 0.4247723587034481,
  "w1_linear_msr": 1.0,
  "gnorm_w1_linear": 0.10649747842287871,
  "w2_conv1_hfer0.5": 0.5027642207334175,
  "w2_conv1_hfer0.6": 0.40193861705553435,
  "w2_conv1_hfer0.7": 0.3016755044466173,
  "w2_conv1_hfer0.6_hann": 0.4019352935876253,
  "w2_conv1_msr": 1.0,
  "gnorm_w2_conv1": 0.004984219658432611,
  "w2_layer2.0.conv1_hfer0.5": 0.5006823146285839,
  "w2_layer2.0.conv1_hfer0.6": 0.4000331290659929,
  "w2_layer2.0.conv1_hfer0.7": 0.30085912262499365,
  "w2_layer2.0.conv1_hfer0.6_hann": 0.3995618168289227,
  "w2_layer2.0.conv1_msr": 1.0,
  "gnorm_w2_layer2.0.conv1": 0.006486320053179155,
  "w2_layer3.0.conv1_hfer0.5": 0.5010591451346644,
  "w2_layer3.0.conv1_hfer0.6": 0.40051958766476786,
  "w2_layer3.0.conv1_hfer0.7": 0.3009781925289918,
  "w2_layer3.0.conv1_hfer0.6_hann": 0.4003949258632825,
  "w2_layer3.0.conv1_msr": 1.0,
  "gnorm_w2_layer3.0.conv1": 0.01131116357715466,
  "w2_linear_hfer0.5": 0.49769201657012363,
  "w2_linear_hfer0.6": 0.40090520478097086,
  "w2_linear_hfer0.7": 0.3024355515692557,
  "w2_linear_hfer0.6_hann": 0.4005009432125768,
  "w2_linear_msr": 1.0,
  "gnorm_w2_linear": 0.0032495585268296715,
  "shfer_w0_all": 0.4173540825668337,
  "shfer_w0_stem": 0.45867922419937457,
  "shfer_w0_layer1": 0.42086296503867515,
  "shfer_w0_layer2": 0.413934422444851,
  "shfer_w0_layer3": 0.41166084075210835,
  "shfer_w0_layer4": 0.41675909900692915,
  "shfer_w0_head": 0.5455919047717449,
  "shfer_w1_all": 0.40171436283489437,
  "shfer_w1_stem": 0.41725608564644134,
  "shfer_w1_layer1": 0.4073614178936469,
  "shfer_w1_layer2": 0.4036146642478615,
  "shfer_w1_layer3": 0.40146411706654983,
  "shfer_w1_layer4": 0.4062209438945906,
  "shfer_w1_head": 0.4134359309055928,
  "shfer_w2_all": 0.4006937053780298,
  "shfer_w2_stem": 0.4025696192188536,
  "shfer_w2_layer1": 0.40072430605261583,
  "shfer_w2_layer2": 0.39906430950068034,
  "shfer_w2_layer3": 0.4003631650617541,
  "shfer_w2_layer4": 0.3991825212093975,
  "shfer_w2_head": 0.3988202428791778
}