{
  "threshold_2Teff_b0": 2.0,
  "sharpline_lr0.05_b0": 40.0,
  "sharpline_lr0.1_b0": 20.0,
  "sharpline_lr0.2_b0": 10.0,
  "sharpline_lr0.4_b0": 5.0,
  "sharpline_lr0.8_b0": 2.5,
  "sharpline_lr3.2_b0": 0.625,
  "threshold_2Teff_b0.5": 6.0,
  "sharpline_lr0.05_b0.5": 120.0,
  "sharpline_lr0.1_b0.5": 60.0,
  "sharpline_lr0.2_b0.5": 30.0,
  "sharpline_lr0.4_b0.5": 15.0,
  "sharpline_lr0.8_b0.5": 7.5,
  "sharpline_lr3.2_b0.5": 1.875,
  "threshold_2Teff_b0.9": 38.00000000000001,
  "sharpline_lr0.05_b0.9": 760.0000000000001,
  "sharpline_lr0.1_b0.9": 380.00000000000006,
  "sharpline_lr0.2_b0.9": 190.00000000000003,
  "sharpline_lr0.4_b0.9": 95.00000000000001,
  "sharpline_lr0.8_b0.9": 47.50000000000001,
  "sharpline_lr3.2_b0.9": 11.875000000000002,
  "threshold_2Teff_b0.95": 77.99999999999993,
  "sharpline_lr0.05_b0.95": 1559.9999999999984,
  "sharpline_lr0.1_b0.95": 779.9999999999992,
  "sharpline_lr0.2_b0.95": 389.9999999999996,
  "sharpline_lr0.4_b0.95": 194.9999999999998,
  "sharpline_lr0.8_b0.95": 97.4999999999999,
  "sharpline_lr3.2_b0.95": 24.374999999999975,
  "threshold_2Teff_b0.99": 397.99999999999966,
  "sharpline_lr0.05_b0.99": 7959.999999999993,
  "sharpline_lr0.1_b0.99": 3979.9999999999964,
  "sharpline_lr0.2_b0.99": 1989.9999999999982,
  "sharpline_lr0.4_b0.99": 994.9999999999991,
  "sharpline_lr0.8_b0.99": 497.49999999999955,
  "sharpline_lr3.2_b0.99": 124.37499999999989,
  "cl3_ordering": "loss(beta) strictly decreasing to saturation at fixed eta*lam",
  "divergence_shape": "unstable iff eta*lam_max > 2*T_eff: boundary moves UP with beta"
}