{
  "sign_changes_b0": 72,
  "gate_pass": true,
  "hsr_monotone": true,
  "align_improved": true,
  "HSR": {
    "0.0": 0.9999999999999963,
    "0.5": 0.2941176470588214,
    "0.9": 0.05539358601449614,
    "0.95": 0.027718419166022884,
    "0.99": 0.005576377482752549
  },
  "align_g": {
    "0.0": 0.9510417000590331,
    "0.5": 0.9776544270626445,
    "0.9": 0.7979455391560103,
    "0.95": 0.21436699902957987,
    "0.99": 0.14135924606061154
  },
  "align_m": {
    "0.0": 0.9510417000590331,
    "0.5": 0.9821601160345916,
    "0.9": 0.9292498444350673,
    "0.95": 0.7285749924566727,
    "0.99": 0.6652471962253408
  },
  "dist_rms": {
    "0.0": 0.1178511301977579,
    "0.5": 0.08213423005076352,
    "0.9": 0.16223386852177762,
    "0.95": 0.2264704005060771,
    "0.99": 0.46625227232531957
  },
  "HFER_g": {
    "0.0": 0.9095263748560857,
    "0.5": 0.20661995595761454,
    "0.9": 0.025322888285367946,
    "0.95": 0.012315685439445452,
    "0.99": 0.0031001104451366997
  },
  "HFER_m": {
    "0.0": 0.9095263748560857,
    "0.5": 0.09179483894438016,
    "0.9": 0.001504738977629394,
    "0.95": 0.0003667885028509267,
    "0.99": 0.00022943188536973078
  },
  "MSR": {
    "0.0": 1.0,
    "0.5": 0.13015531120719864,
    "0.9": 0.0032743290188075856,
    "0.95": 0.0008210285905962416,
    "0.99": 0.0004101045645683549
  }
}