{
  "diverged": false,
  "n_steps": 10000,
  "spikes": 1060,
  "train_loss_tail": 0.013328698121651541,
  "val_loss": 1.2294830810546875,
  "val_acc": 0.8,
  "lam_tail": 4.699895858764648,
  "chi_tail": 0.37599166870117184,
  "sharpness_threshold": 47.50000000000001,
  "secs": 1246.9,
  "hfer_w1_mid": 0.3957042538857549,
  "raw_paths": "/work/02/gs26/s26001/river-valley-momentum/codebases/results/raw/grid_cifar10_bn_ema_lr0.8_b0.9_s0/w1_layer3.0.conv1_G.npz;/work/02/gs26/s26001/river-valley-momentum/codebases/results/raw/grid_cifar10_bn_ema_lr0.8_b0.9_s0/w1_linear_G.npz",
  "w0_conv1_hfer0.5": 0.37747030595910075,
  "w0_conv1_hfer0.6": 0.29926142539645967,
  "w0_conv1_hfer0.7": 0.2249115785650191,
  "w0_conv1_hfer0.6_hann": 0.3064629435205899,
  "w0_conv1_msr": 0.0032060556216839237,
  "gnorm_w0_conv1": 0.31352515369117423,
  "w0_layer2.0.conv1_hfer0.5": 0.4571589294287665,
  "w0_layer2.0.conv1_hfer0.6": 0.36479783758394385,
  "w0_layer2.0.conv1_hfer0.7": 0.27451376590400656,
  "w0_layer2.0.conv1_hfer0.6_hann": 0.3644733845121242,
  "w0_layer2.0.conv1_msr": 0.0032177462672512997,
  "gnorm_w0_layer2.0.conv1": 0.15790159047975974,
  "w0_layer3.0.conv1_hfer0.5": 0.47230540221059236,
  "w0_layer3.0.conv1_hfer0.6": 0.3773893042074388,
  "w0_layer3.0.conv1_hfer0.7": 0.28358875922224547,
  "w0_layer3.0.conv1_hfer0.6_hann": 0.3774696473368887,
  "w0_layer3.0.conv1_msr": 0.0032169272502951918,
  "gnorm_w0_layer3.0.conv1": 0.2918380540599704,
  "w0_linear_hfer0.5": 0.37653983634846466,
  "w0_linear_hfer0.6": 0.3002461746772164,
  "w0_linear_hfer0.7": 0.22284514856010562,
  "w0_linear_hfer0.6_hann": 0.3054651048201324,
  "w0_linear_msr": 0.003222433357816506,
  "gnorm_w0_linear": 0.28619032760177887,
  "w1_conv1_hfer0.5": 0.4492686209973161,
  "w1_conv1_hfer0.6": 0.3584048310464366,
  "w1_conv1_hfer0.7": 0.2704098780524622,
  "w1_conv1_hfer0.6_hann": 0.36192290087510237,
  "w1_conv1_msr": 0.0032140470955508644,
  "gnorm_w1_conv1": 0.17676294321623376,
  "w1_layer2.0.conv1_hfer0.5": 0.49078960728201265,
  "w1_layer2.0.conv1_hfer0.6": 0.39232301104577993,
  "w1_layer2.0.conv1_hfer0.7": 0.29489993779015333,
  "w1_layer2.0.conv1_hfer0.6_hann": 0.3940664932211851,
  "w1_layer2.0.conv1_msr": 0.0032184600772305013,
  "gnorm_w1_layer2.0.conv1": 0.11757424759286933,
  "w1_layer3.0.conv1_hfer0.5": 0.49474487493774283,
  "w1_layer3.0.conv1_hfer0.6": 0.3957042538857549,
  "w1_layer3.0.conv1_hfer0.7": 0.2972476691390824,
  "w1_layer3.0.conv1_hfer0.6_hann": 0.3962143165248407,
  "w1_layer3.0.conv1_msr": 0.0032201316174075402,
  "gnorm_w1_layer3.0.conv1": 0.245033012135936,
  "w1_linear_hfer0.5": 0.4382905337304265,
  "w1_linear_hfer0.6": 0.35281181631732106,
  "w1_linear_hfer0.7": 0.26573175546121797,
  "w1_linear_hfer0.6_hann": 0.3582690125537324,
  "w1_linear_msr": 0.0032062889758161075,
  "gnorm_w1_linear": 0.15019615735143957,
  "w2_conv1_hfer0.5": 0.48316173401004714,
  "w2_conv1_hfer0.6": 0.3854834903854379,
  "w2_conv1_hfer0.7": 0.2861938383726175,
  "w2_conv1_hfer0.6_hann": 0.3885914022117982,
  "w2_conv1_msr": 0.0032120922561950224,
  "gnorm_w2_conv1": 0.11249589592294025,
  "w2_layer2.0.conv1_hfer0.5": 0.49622619892028336,
  "w2_layer2.0.conv1_hfer0.6": 0.3966192517289063,
  "w2_layer2.0.conv1_hfer0.7": 0.29776154543319117,
  "w2_layer2.0.conv1_hfer0.6_hann": 0.39827724770014217,
  "w2_layer2.0.conv1_msr": 0.003214466506282259,
  "gnorm_w2_layer2.0.conv1": 0.0806791489142965,
  "w2_layer3.0.conv1_hfer0.5": 0.4984114211025699,
  "w2_layer3.0.conv1_hfer0.6": 0.3980998567558634,
  "w2_layer3.0.conv1_hfer0.7": 0.29894107703296385,
  "w2_layer3.0.conv1_hfer0.6_hann": 0.3984543295219371,
  "w2_layer3.0.conv1_msr": 0.0032129353738321953,
  "gnorm_w2_layer3.0.conv1": 0.17527531399075902,
  "w2_linear_hfer0.5": 0.4599790615170534,
  "w2_linear_hfer0.6": 0.3673474065592337,
  "w2_linear_hfer0.7": 0.2775234725685368,
  "w2_linear_hfer0.6_hann": 0.37087012180418,
  "w2_linear_msr": 0.0032086967361597617,
  "gnorm_w2_linear": 0.0908193624059381,
  "shfer_w0_all": 0.36674296006924356,
  "shfer_w0_stem": 0.30188032397615644,
  "shfer_w0_layer1": 0.3523052259970261,
  "shfer_w0_layer2": 0.36781098066907203,
  "shfer_w0_layer3": 0.3839499063044933,
  "shfer_w0_layer4": 0.3740271234419334,
  "shfer_w0_head": 0.2985964261637321,
  "shfer_w1_all": 0.39460574545214977,
  "shfer_w1_stem": 0.36007783209717076,
  "shfer_w1_layer1": 0.38729150577174803,
  "shfer_w1_layer2": 0.39231273456651455,
  "shfer_w1_layer3": 0.39612959951741356,
  "shfer_w1_layer4": 0.39756838877963174,
  "shfer_w1_head": 0.3503862920332785,
  "shfer_w2_all": 0.3946311533803566,
  "shfer_w2_stem": 0.38513537877065673,
  "shfer_w2_layer1": 0.39097327865116394,
  "shfer_w2_layer2": 0.39657997734060213,
  "shfer_w2_layer3": 0.3992368457282892,
  "shfer_w2_layer4": 0.3968243041290699,
  "shfer_w2_head": 0.36634048641161493
}