{
  "diverged": false,
  "n_steps": 10000,
  "spikes": 195,
  "train_loss_tail": 0.05657655066717416,
  "val_loss": 1.324423779296875,
  "val_acc": 0.753,
  "lam_tail": 1.0597281455993652,
  "chi_tail": 0.33911300659179683,
  "sharpness_threshold": 11.875000000000002,
  "secs": 1275.2,
  "hfer_w1_mid": 0.386532774609832,
  "raw_paths": "",
  "w0_conv1_hfer0.5": 0.3899537357823006,
  "w0_conv1_hfer0.6": 0.3174458540986156,
  "w0_conv1_hfer0.7": 0.24130697584049135,
  "w0_conv1_hfer0.6_hann": 0.3181485380406677,
  "w0_conv1_msr": 0.0031961332357395063,
  "gnorm_w0_conv1": 0.05930384921754078,
  "w0_layer2.0.conv1_hfer0.5": 0.4341597382690669,
  "w0_layer2.0.conv1_hfer0.6": 0.34688368160611743,
  "w0_layer2.0.conv1_hfer0.7": 0.26039669028699713,
  "w0_layer2.0.conv1_hfer0.6_hann": 0.3472892853899948,
  "w0_layer2.0.conv1_msr": 0.0032262761700539077,
  "gnorm_w0_layer2.0.conv1": 0.032609435701021046,
  "w0_layer3.0.conv1_hfer0.5": 0.43114920801380363,
  "w0_layer3.0.conv1_hfer0.6": 0.34474415509245443,
  "w0_layer3.0.conv1_hfer0.7": 0.2588675170475768,
  "w0_layer3.0.conv1_hfer0.6_hann": 0.3361550337819515,
  "w0_layer3.0.conv1_msr": 0.003213685730331975,
  "gnorm_w0_layer3.0.conv1": 0.11396892141698602,
  "w0_linear_hfer0.5": 0.3270236300816866,
  "w0_linear_hfer0.6": 0.25912218102157475,
  "w0_linear_hfer0.7": 0.19303081373499123,
  "w0_linear_hfer0.6_hann": 0.2532022171272231,
  "w0_linear_msr": 0.003219744270473295,
  "gnorm_w0_linear": 0.17581326896989286,
  "w1_conv1_hfer0.5": 0.417392467381791,
  "w1_conv1_hfer0.6": 0.3354637427613475,
  "w1_conv1_hfer0.7": 0.2532083921276044,
  "w1_conv1_hfer0.6_hann": 0.3371104123926845,
  "w1_conv1_msr": 0.003191375532305959,
  "gnorm_w1_conv1": 0.07766796591150908,
  "w1_layer2.0.conv1_hfer0.5": 0.47243728007778485,
  "w1_layer2.0.conv1_hfer0.6": 0.3775681575352406,
  "w1_layer2.0.conv1_hfer0.7": 0.2824311216383962,
  "w1_layer2.0.conv1_hfer0.6_hann": 0.37827204453756774,
  "w1_layer2.0.conv1_msr": 0.0032219755925189638,
  "gnorm_w1_layer2.0.conv1": 0.05258090157744902,
  "w1_layer3.0.conv1_hfer0.5": 0.4837209793732077,
  "w1_layer3.0.conv1_hfer0.6": 0.386532774609832,
  "w1_layer3.0.conv1_hfer0.7": 0.2898955450766576,
  "w1_layer3.0.conv1_hfer0.6_hann": 0.38649344215304227,
  "w1_layer3.0.conv1_msr": 0.0032172533728136565,
  "gnorm_w1_layer3.0.conv1": 0.20144503695517454,
  "w1_linear_hfer0.5": 0.3662000405421238,
  "w1_linear_hfer0.6": 0.290126510520673,
  "w1_linear_hfer0.7": 0.2153027280696259,
  "w1_linear_hfer0.6_hann": 0.28585555668224505,
  "w1_linear_msr": 0.0032301825514603846,
  "gnorm_w1_linear": 0.129534715792086,
  "w2_conv1_hfer0.5": 0.45588519410166006,
  "w2_conv1_hfer0.6": 0.35963439650812956,
  "w2_conv1_hfer0.7": 0.27729295752947536,
  "w2_conv1_hfer0.6_hann": 0.35476221964507354,
  "w2_conv1_msr": 0.003223680121233131,
  "gnorm_w2_conv1": 0.05728066872979127,
  "w2_layer2.0.conv1_hfer0.5": 0.4876058567034524,
  "w2_layer2.0.conv1_hfer0.6": 0.38840530929347755,
  "w2_layer2.0.conv1_hfer0.7": 0.2919746762770797,
  "w2_layer2.0.conv1_hfer0.6_hann": 0.38972709243709097,
  "w2_layer2.0.conv1_msr": 0.0032159738857362543,
  "gnorm_w2_layer2.0.conv1": 0.04015967885483117,
  "w2_layer3.0.conv1_hfer0.5": 0.4961211177436434,
  "w2_layer3.0.conv1_hfer0.6": 0.396609969023475,
  "w2_layer3.0.conv1_hfer0.7": 0.2978106980799097,
  "w2_layer3.0.conv1_hfer0.6_hann": 0.3972178881142017,
  "w2_layer3.0.conv1_msr": 0.0032160327911592893,
  "gnorm_w2_layer3.0.conv1": 0.1694332030124895,
  "w2_linear_hfer0.5": 0.4287821054189258,
  "w2_linear_hfer0.6": 0.3442607685676088,
  "w2_linear_hfer0.7": 0.26406424821472446,
  "w2_linear_hfer0.6_hann": 0.3499281980630273,
  "w2_linear_msr": 0.003204849003609151,
  "gnorm_w2_linear": 0.07335844995713839,
  "shfer_w0_all": 0.3038316275132746,
  "shfer_w0_stem": 0.31993131395166186,
  "shfer_w0_layer1": 0.3424742489828033,
  "shfer_w0_layer2": 0.33091760694843536,
  "shfer_w0_layer3": 0.33837139881309586,
  "shfer_w0_layer4": 0.28803466695357205,
  "shfer_w0_head": 0.25889325412782954,
  "shfer_w1_all": 0.36612780407481915,
  "shfer_w1_stem": 0.3377530202761231,
  "shfer_w1_layer1": 0.3623547495531563,
  "shfer_w1_layer2": 0.3754965225585938,
  "shfer_w1_layer3": 0.3855392358708284,
  "shfer_w1_layer4": 0.36220091525838227,
  "shfer_w1_head": 0.28522389031950307,
  "shfer_w2_all": 0.39441344647852744,
  "shfer_w2_stem": 0.3608938008528729,
  "shfer_w2_layer1": 0.3796927735308375,
  "shfer_w2_layer2": 0.39107897747172,
  "shfer_w2_layer3": 0.39824061107750564,
  "shfer_w2_layer4": 0.3920422765684283,
  "shfer_w2_head": 0.3439782690085237
}