{
  "diverged": false,
  "n_steps": 10000,
  "spikes": 0,
  "train_loss_tail": 2.3149305191040037,
  "val_loss": 2.3118705322265627,
  "val_acc": 0.0999,
  "lam_tail": 0.10635822266340256,
  "chi_tail": 0.3403463125228882,
  "sharpness_threshold": 0.9375,
  "secs": 798.0,
  "hfer_w1_mid": 0.40292964745059423,
  "raw_paths": "",
  "w0_conv1_hfer0.5": 0.4943382427051797,
  "w0_conv1_hfer0.6": 0.38503426618665587,
  "w0_conv1_hfer0.7": 0.28323821515314157,
  "w0_conv1_hfer0.6_hann": 0.3778722554974919,
  "w0_conv1_msr": 0.5053205602873555,
  "gnorm_w0_conv1": 2.5412173920894095e-05,
  "w0_layer2.0.conv1_hfer0.5": 0.5028298745310755,
  "w0_layer2.0.conv1_hfer0.6": 0.3954563051526699,
  "w0_layer2.0.conv1_hfer0.7": 0.2940594304946246,
  "w0_layer2.0.conv1_hfer0.6_hann": 0.39026760762483786,
  "w0_layer2.0.conv1_msr": 0.5045475831069525,
  "gnorm_w0_layer2.0.conv1": 7.4101972743472664e-06,
  "w0_layer3.0.conv1_hfer0.5": 0.5006986214625281,
  "w0_layer3.0.conv1_hfer0.6": 0.40292964745059423,
  "w0_layer3.0.conv1_hfer0.7": 0.3063741745274834,
  "w0_layer3.0.conv1_hfer0.6_hann": 0.39006776428710255,
  "w0_layer3.0.conv1_msr": 0.5022876894089779,
  "gnorm_w0_layer3.0.conv1": 1.0844889523150149e-05,
  "w0_linear_hfer0.5": 0.5041065834769856,
  "w0_linear_hfer0.6": 0.41389983421968896,
  "w0_linear_hfer0.7": 0.31716175737809443,
  "w0_linear_hfer0.6_hann": 0.4120362889200623,
  "w0_linear_msr": 0.5021134123332703,
  "gnorm_w0_linear": 1.7880246122813616e-05
}