{
  "diverged": false,
  "n_steps": 10000,
  "spikes": 1214,
  "train_loss_tail": 0.009697302285581827,
  "val_loss": 1.0535586669921875,
  "val_acc": 0.8352,
  "lam_tail": 4.600746154785156,
  "chi_tail": 0.18402984619140642,
  "sharpness_threshold": 97.4999999999999,
  "secs": 1205.6,
  "hfer_w1_mid": 0.39421849187914637,
  "raw_paths": "",
  "w0_conv1_hfer0.5": 0.4268199944438085,
  "w0_conv1_hfer0.6": 0.3369646756910387,
  "w0_conv1_hfer0.7": 0.2549092870924252,
  "w0_conv1_hfer0.6_hann": 0.344982729198553,
  "w0_conv1_msr": 0.0007657377138364643,
  "gnorm_w0_conv1": 0.22542500959415449,
  "w0_layer2.0.conv1_hfer0.5": 0.4650497065541302,
  "w0_layer2.0.conv1_hfer0.6": 0.3716879478976922,
  "w0_layer2.0.conv1_hfer0.7": 0.279604136924066,
  "w0_layer2.0.conv1_hfer0.6_hann": 0.37176123193241245,
  "w0_layer2.0.conv1_msr": 0.0007670894196615673,
  "gnorm_w0_layer2.0.conv1": 0.1886240178825645,
  "w0_layer3.0.conv1_hfer0.5": 0.4736844293650199,
  "w0_layer3.0.conv1_hfer0.6": 0.3785901198339555,
  "w0_layer3.0.conv1_hfer0.7": 0.2842757890915427,
  "w0_layer3.0.conv1_hfer0.6_hann": 0.37903540465555546,
  "w0_layer3.0.conv1_msr": 0.0007672630408060774,
  "gnorm_w0_layer3.0.conv1": 0.31014534675681765,
  "w0_linear_hfer0.5": 0.35947264676273044,
  "w0_linear_hfer0.6": 0.2870162645378483,
  "w0_linear_hfer0.7": 0.21350771729122373,
  "w0_linear_hfer0.6_hann": 0.29172273430514073,
  "w0_linear_msr": 0.0007736938306142991,
  "gnorm_w0_linear": 0.3001755124898348,
  "w1_conv1_hfer0.5": 0.47599723658437826,
  "w1_conv1_hfer0.6": 0.37833488943865995,
  "w1_conv1_hfer0.7": 0.2879869342605919,
  "w1_conv1_hfer0.6_hann": 0.37962230105205724,
  "w1_conv1_msr": 0.0007634913871662619,
  "gnorm_w1_conv1": 0.13259029734090635,
  "w1_layer2.0.conv1_hfer0.5": 0.4891415983630403,
  "w1_layer2.0.conv1_hfer0.6": 0.3909879598799556,
  "w1_layer2.0.conv1_hfer0.7": 0.2932192687612171,
  "w1_layer2.0.conv1_hfer0.6_hann": 0.3926780629593246,
  "w1_layer2.0.conv1_msr": 0.0007672606940006304,
  "gnorm_w1_layer2.0.conv1": 0.13499257171967954,
  "w1_layer3.0.conv1_hfer0.5": 0.49334243162869484,
  "w1_layer3.0.conv1_hfer0.6": 0.39421849187914637,
  "w1_layer3.0.conv1_hfer0.7": 0.2958404111140737,
  "w1_layer3.0.conv1_hfer0.6_hann": 0.39519093320796117,
  "w1_layer3.0.conv1_msr": 0.0007669449101364309,
  "gnorm_w1_layer3.0.conv1": 0.2576712535836457,
  "w1_linear_hfer0.5": 0.42318041618390256,
  "w1_linear_hfer0.6": 0.3366651879190616,
  "w1_linear_hfer0.7": 0.24916945946709956,
  "w1_linear_hfer0.6_hann": 0.3413851861288021,
  "w1_linear_msr": 0.0007697547025508068,
  "gnorm_w1_linear": 0.14448436905743825,
  "w2_conv1_hfer0.5": 0.48435126040315635,
  "w2_conv1_hfer0.6": 0.38509707430535034,
  "w2_conv1_hfer0.7": 0.2893084417778179,
  "w2_conv1_hfer0.6_hann": 0.386574641851551,
  "w2_conv1_msr": 0.0007657894158912249,
  "gnorm_w2_conv1": 0.08978991260195543,
  "w2_layer2.0.conv1_hfer0.5": 0.4958543803460621,
  "w2_layer2.0.conv1_hfer0.6": 0.39570787766227666,
  "w2_layer2.0.conv1_hfer0.7": 0.2967518570873163,
  "w2_layer2.0.conv1_hfer0.6_hann": 0.39636761199442094,
  "w2_layer2.0.conv1_msr": 0.0007674307501640452,
  "gnorm_w2_layer2.0.conv1": 0.09540116421350503,
  "w2_layer3.0.conv1_hfer0.5": 0.4978370670845427,
  "w2_layer3.0.conv1_hfer0.6": 0.39756470073858147,
  "w2_layer3.0.conv1_hfer0.7": 0.2982944916209929,
  "w2_layer3.0.conv1_hfer0.6_hann": 0.39765673555171716,
  "w2_layer3.0.conv1_msr": 0.0007665880813577243,
  "gnorm_w2_layer3.0.conv1": 0.19056986147848756,
  "w2_linear_hfer0.5": 0.45999337580417216,
  "w2_linear_hfer0.6": 0.3678659011324556,
  "w2_linear_hfer0.7": 0.27358770142594624,
  "w2_linear_hfer0.6_hann": 0.3661258189908812,
  "w2_linear_msr": 0.000774725359019452,
  "gnorm_w2_linear": 0.08569436993609257,
  "shfer_w0_all": 0.36520306226223304,
  "shfer_w0_stem": 0.3398366521511993,
  "shfer_w0_layer1": 0.3605768617558268,
  "shfer_w0_layer2": 0.37218494053731555,
  "shfer_w0_layer3": 0.3769891474283748,
  "shfer_w0_layer4": 0.3655930115039133,
  "shfer_w0_head": 0.2861347489056576,
  "shfer_w1_all": 0.3900304497317435,
  "shfer_w1_stem": 0.3806144669304751,
  "shfer_w1_layer1": 0.3872964721578778,
  "shfer_w1_layer2": 0.3920406402502388,
  "shfer_w1_layer3": 0.39237997970392186,
  "shfer_w1_layer4": 0.38906804286319546,
  "shfer_w1_head": 0.3397109470003305,
  "shfer_w2_all": 0.39755164401231774,
  "shfer_w2_stem": 0.38729403083747643,
  "shfer_w2_layer1": 0.39515044417276485,
  "shfer_w2_layer2": 0.39617125982085544,
  "shfer_w2_layer3": 0.3975922298775414,
  "shfer_w2_layer4": 0.395209460790641,
  "shfer_w2_head": 0.36780183974572644
}