{
  "diverged": false,
  "n_steps": 10000,
  "spikes": 533,
  "train_loss_tail": 0.0010978111638687551,
  "val_loss": 2.4096181640625,
  "val_acc": 0.5619,
  "lam_tail": 0.14138619601726532,
  "chi_tail": 0.028277239203453066,
  "sharpness_threshold": 15.0,
  "secs": 1270.9,
  "hfer_w1_mid": 0.39960285568165055,
  "raw_paths": "",
  "w0_conv1_hfer0.5": 0.5008026423170572,
  "w0_conv1_hfer0.6": 0.3947112825845379,
  "w0_conv1_hfer0.7": 0.2927138075814097,
  "w0_conv1_hfer0.6_hann": 0.39305153954043165,
  "w0_conv1_msr": 0.12652100925341275,
  "gnorm_w0_conv1": 0.3914597867851401,
  "w0_layer2.0.conv1_hfer0.5": 0.49773623025812286,
  "w0_layer2.0.conv1_hfer0.6": 0.39483929675368784,
  "w0_layer2.0.conv1_hfer0.7": 0.29529974456685076,
  "w0_layer2.0.conv1_hfer0.6_hann": 0.3935781883808742,
  "w0_layer2.0.conv1_msr": 0.12624704222913002,
  "gnorm_w0_layer2.0.conv1": 0.3336173950148612,
  "w0_layer3.0.conv1_hfer0.5": 0.4989108044042537,
  "w0_layer3.0.conv1_hfer0.6": 0.3968405668106786,
  "w0_layer3.0.conv1_hfer0.7": 0.2972196809181824,
  "w0_layer3.0.conv1_hfer0.6_hann": 0.3963299987626155,
  "w0_layer3.0.conv1_msr": 0.12617793584209142,
  "gnorm_w0_layer3.0.conv1": 0.5801031101401901,
  "w0_linear_hfer0.5": 0.49550937559430086,
  "w0_linear_hfer0.6": 0.39083122170149165,
  "w0_linear_hfer0.7": 0.29096447045257423,
  "w0_linear_hfer0.6_hann": 0.3921039123251098,
  "w0_linear_msr": 0.12632018206521864,
  "gnorm_w0_linear": 0.8463655213114775,
  "w1_conv1_hfer0.5": 0.4968356293511902,
  "w1_conv1_hfer0.6": 0.3967344615665219,
  "w1_conv1_hfer0.7": 0.29710512957555685,
  "w1_conv1_hfer0.6_hann": 0.401126148233413,
  "w1_conv1_msr": 0.12618285800794965,
  "gnorm_w1_conv1": 0.10493237239223643,
  "w1_layer2.0.conv1_hfer0.5": 0.4988058900291676,
  "w1_layer2.0.conv1_hfer0.6": 0.3986428073129921,
  "w1_layer2.0.conv1_hfer0.7": 0.29881540400708806,
  "w1_layer2.0.conv1_hfer0.6_hann": 0.40059992371492115,
  "w1_layer2.0.conv1_msr": 0.1261606184769711,
  "gnorm_w1_layer2.0.conv1": 0.101409522724818,
  "w1_layer3.0.conv1_hfer0.5": 0.5001316367032917,
  "w1_layer3.0.conv1_hfer0.6": 0.39960285568165055,
  "w1_layer3.0.conv1_hfer0.7": 0.3000388199152065,
  "w1_layer3.0.conv1_hfer0.6_hann": 0.39971618442055096,
  "w1_layer3.0.conv1_msr": 0.12610871151253425,
  "gnorm_w1_layer3.0.conv1": 0.20493421113688512,
  "w1_linear_hfer0.5": 0.4921650604818397,
  "w1_linear_hfer0.6": 0.3926828754887395,
  "w1_linear_hfer0.7": 0.29349581299807737,
  "w1_linear_hfer0.6_hann": 0.3963249954813272,
  "w1_linear_msr": 0.12623209381489148,
  "gnorm_w1_linear": 0.18685001346610636,
  "w2_conv1_hfer0.5": 0.49993398485001006,
  "w2_conv1_hfer0.6": 0.3936128381199661,
  "w2_conv1_hfer0.7": 0.29964759617053116,
  "w2_conv1_hfer0.6_hann": 0.39692426545748805,
  "w2_conv1_msr": 0.1258546421780808,
  "gnorm_w2_conv1": 0.008026910820271824,
  "w2_layer2.0.conv1_hfer0.5": 0.5008775165155148,
  "w2_layer2.0.conv1_hfer0.6": 0.39751836378779587,
  "w2_layer2.0.conv1_hfer0.7": 0.30266211877280746,
  "w2_layer2.0.conv1_hfer0.6_hann": 0.3993294048305874,
  "w2_layer2.0.conv1_msr": 0.12577362991892352,
  "gnorm_w2_layer2.0.conv1": 0.007767201848391795,
  "w2_layer3.0.conv1_hfer0.5": 0.5007543035830498,
  "w2_layer3.0.conv1_hfer0.6": 0.3977793392938528,
  "w2_layer3.0.conv1_hfer0.7": 0.30219855764529363,
  "w2_layer3.0.conv1_hfer0.6_hann": 0.3988790077858667,
  "w2_layer3.0.conv1_msr": 0.1258086627931081,
  "gnorm_w2_layer3.0.conv1": 0.015932579835077496,
  "w2_linear_hfer0.5": 0.49565689650901074,
  "w2_linear_hfer0.6": 0.39457571454821383,
  "w2_linear_hfer0.7": 0.29763155374526873,
  "w2_linear_hfer0.6_hann": 0.38600649721514657,
  "w2_linear_msr": 0.12594727775938175,
  "gnorm_w2_linear": 0.028169585486567526,
  "shfer_w0_all": 0.39440896831333083,
  "shfer_w0_stem": 0.39577733372481805,
  "shfer_w0_layer1": 0.395484253046228,
  "shfer_w0_layer2": 0.394128414755252,
  "shfer_w0_layer3": 0.39568560690935145,
  "shfer_w0_layer4": 0.3975144431788319,
  "shfer_w0_head": 0.39245361391361355,
  "shfer_w1_all": 0.3979621313041934,
  "shfer_w1_stem": 0.3989746310999133,
  "shfer_w1_layer1": 0.39925288830898453,
  "shfer_w1_layer2": 0.39539568260357416,
  "shfer_w1_layer3": 0.3973118627152672,
  "shfer_w1_layer4": 0.3985197768946245,
  "shfer_w1_head": 0.39035848645176147,
  "shfer_w2_all": 0.40010413750096874,
  "shfer_w2_stem": 0.39288780886751984,
  "shfer_w2_layer1": 0.3965433300737897,
  "shfer_w2_layer2": 0.3986900616569188,
  "shfer_w2_layer3": 0.3988864958238459,
  "shfer_w2_layer4": 0.4004459373264112,
  "shfer_w2_head": 0.39405060865643576
}