{
  "diverged": false,
  "n_steps": 10000,
  "spikes": 1466,
  "train_loss_tail": 0.01105615129362559,
  "val_loss": 1.1108536071777344,
  "val_acc": 0.8256,
  "lam_tail": 11.560627937316895,
  "chi_tail": 0.46242511749267573,
  "sharpness_threshold": 95.00000000000001,
  "secs": 1195.2,
  "hfer_w1_mid": 0.39712656464341356,
  "raw_paths": "",
  "w0_conv1_hfer0.5": 0.4496818401554009,
  "w0_conv1_hfer0.6": 0.35994643752588423,
  "w0_conv1_hfer0.7": 0.27239465073986385,
  "w0_conv1_hfer0.6_hann": 0.36926700650085165,
  "w0_conv1_msr": 0.0032119068523537835,
  "gnorm_w0_conv1": 0.28463452249281235,
  "w0_layer2.0.conv1_hfer0.5": 0.47784589862499793,
  "w0_layer2.0.conv1_hfer0.6": 0.38219616782234994,
  "w0_layer2.0.conv1_hfer0.7": 0.28743382650915955,
  "w0_layer2.0.conv1_hfer0.6_hann": 0.3852782240924229,
  "w0_layer2.0.conv1_msr": 0.0032118838699276256,
  "gnorm_w0_layer2.0.conv1": 0.2808809219825169,
  "w0_layer3.0.conv1_hfer0.5": 0.4832670423153559,
  "w0_layer3.0.conv1_hfer0.6": 0.3864170512564618,
  "w0_layer3.0.conv1_hfer0.7": 0.2905325941188203,
  "w0_layer3.0.conv1_hfer0.6_hann": 0.38796284461886243,
  "w0_layer3.0.conv1_msr": 0.0032143169114739996,
  "gnorm_w0_layer3.0.conv1": 0.4453864299066389,
  "w0_linear_hfer0.5": 0.3728357556842534,
  "w0_linear_hfer0.6": 0.297438957688174,
  "w0_linear_hfer0.7": 0.22314803861419313,
  "w0_linear_hfer0.6_hann": 0.30830545851215857,
  "w0_linear_msr": 0.0032149856536888657,
  "gnorm_w0_linear": 0.42652096111230997,
  "w1_conv1_hfer0.5": 0.4884622641906027,
  "w1_conv1_hfer0.6": 0.3911531527041671,
  "w1_conv1_hfer0.7": 0.29561468427676385,
  "w1_conv1_hfer0.6_hann": 0.3860201216395773,
  "w1_conv1_msr": 0.003218812179389154,
  "gnorm_w1_conv1": 0.15906164049941934,
  "w1_layer2.0.conv1_hfer0.5": 0.49506528169895797,
  "w1_layer2.0.conv1_hfer0.6": 0.39570715254108,
  "w1_layer2.0.conv1_hfer0.7": 0.29676315864040975,
  "w1_layer2.0.conv1_hfer0.6_hann": 0.3955886893864624,
  "w1_layer2.0.conv1_msr": 0.003223507711239067,
  "gnorm_w1_layer2.0.conv1": 0.17474592291988308,
  "w1_layer3.0.conv1_hfer0.5": 0.49683682995402784,
  "w1_layer3.0.conv1_hfer0.6": 0.39712656464341356,
  "w1_layer3.0.conv1_hfer0.7": 0.2984593911406691,
  "w1_layer3.0.conv1_hfer0.6_hann": 0.39742805964924866,
  "w1_layer3.0.conv1_msr": 0.0032209568720336615,
  "gnorm_w1_layer3.0.conv1": 0.31198556480308226,
  "w1_linear_hfer0.5": 0.4556170079384203,
  "w1_linear_hfer0.6": 0.3630237133837083,
  "w1_linear_hfer0.7": 0.27232132566418604,
  "w1_linear_hfer0.6_hann": 0.3663952596929732,
  "w1_linear_msr": 0.0032461121724449054,
  "gnorm_w1_linear": 0.15954371625912656,
  "w2_conv1_hfer0.5": 0.49318897423228913,
  "w2_conv1_hfer0.6": 0.3930405665545498,
  "w2_conv1_hfer0.7": 0.29649529393837537,
  "w2_conv1_hfer0.6_hann": 0.3992037385332085,
  "w2_conv1_msr": 0.0032077541681703437,
  "gnorm_w2_conv1": 0.10873983369277165,
  "w2_layer2.0.conv1_hfer0.5": 0.4977066535704754,
  "w2_layer2.0.conv1_hfer0.6": 0.39797334849778493,
  "w2_layer2.0.conv1_hfer0.7": 0.298707286550499,
  "w2_layer2.0.conv1_hfer0.6_hann": 0.39737238182135476,
  "w2_layer2.0.conv1_msr": 0.0032070889128909255,
  "gnorm_w2_layer2.0.conv1": 0.12023921100648924,
  "w2_layer3.0.conv1_hfer0.5": 0.4989039694248029,
  "w2_layer3.0.conv1_hfer0.6": 0.39858027913803623,
  "w2_layer3.0.conv1_hfer0.7": 0.2993838879806266,
  "w2_layer3.0.conv1_hfer0.6_hann": 0.3985407859636372,
  "w2_layer3.0.conv1_msr": 0.003207485115695812,
  "gnorm_w2_layer3.0.conv1": 0.21910101108356816,
  "w2_linear_hfer0.5": 0.4780220049241904,
  "w2_linear_hfer0.6": 0.3782719190243698,
  "w2_linear_hfer0.7": 0.28100429823342826,
  "w2_linear_hfer0.6_hann": 0.38035623499662224,
  "w2_linear_msr": 0.003210781623074009,
  "gnorm_w2_linear": 0.08881379301756141,
  "shfer_w0_all": 0.3753349281574744,
  "shfer_w0_stem": 0.361986861747898,
  "shfer_w0_layer1": 0.37596791931438495,
  "shfer_w0_layer2": 0.38273480717191904,
  "shfer_w0_layer3": 0.38373908747854896,
  "shfer_w0_layer4": 0.3785339558618456,
  "shfer_w0_head": 0.2969057830814363,
  "shfer_w1_all": 0.3936466557683948,
  "shfer_w1_stem": 0.38863352262295486,
  "shfer_w1_layer1": 0.3917584166082544,
  "shfer_w1_layer2": 0.3950555389182466,
  "shfer_w1_layer3": 0.3969965341474615,
  "shfer_w1_layer4": 0.39472612502103444,
  "shfer_w1_head": 0.36274232181243116,
  "shfer_w2_all": 0.39809945533231195,
  "shfer_w2_stem": 0.39324002155276855,
  "shfer_w2_layer1": 0.39859791184298643,
  "shfer_w2_layer2": 0.40214053292084523,
  "shfer_w2_layer3": 0.39657169382723656,
  "shfer_w2_layer4": 0.39672372346584467,
  "shfer_w2_head": 0.37634931754050677
}