{
  "diverged": false,
  "n_steps": 10000,
  "spikes": 1168,
  "train_loss_tail": 0.00012396249230005196,
  "val_loss": 0.7914108032226562,
  "val_acc": 0.844,
  "lam_tail": 1.0796432495117188,
  "chi_tail": 0.10796432495117188,
  "sharpness_threshold": 20.0,
  "secs": 1231.5,
  "hfer_w1_mid": 0.40529261508043035,
  "raw_paths": "",
  "w0_conv1_hfer0.5": 0.5693792573468358,
  "w0_conv1_hfer0.6": 0.45771439585033685,
  "w0_conv1_hfer0.7": 0.34448205184623676,
  "w0_conv1_hfer0.6_hann": 0.4546953643830975,
  "w0_conv1_msr": 1.0,
  "gnorm_w0_conv1": 0.5322031849370598,
  "w0_layer2.0.conv1_hfer0.5": 0.5295365214133597,
  "w0_layer2.0.conv1_hfer0.6": 0.4239651921568606,
  "w0_layer2.0.conv1_hfer0.7": 0.3185677300640409,
  "w0_layer2.0.conv1_hfer0.6_hann": 0.42226671756670736,
  "w0_layer2.0.conv1_msr": 1.0,
  "gnorm_w0_layer2.0.conv1": 0.5722845887681137,
  "w0_layer3.0.conv1_hfer0.5": 0.5198486267177171,
  "w0_layer3.0.conv1_hfer0.6": 0.41626831926036517,
  "w0_layer3.0.conv1_hfer0.7": 0.3130494764129493,
  "w0_layer3.0.conv1_hfer0.6_hann": 0.4145663905541757,
  "w0_layer3.0.conv1_msr": 1.0,
  "gnorm_w0_layer3.0.conv1": 0.9223932685048029,
  "w0_linear_hfer0.5": 0.7040315112604562,
  "w0_linear_hfer0.6": 0.5902943802266274,
  "w0_linear_hfer0.7": 0.45957503486199053,
  "w0_linear_hfer0.6_hann": 0.5670854338023196,
  "w0_linear_msr": 1.0,
  "gnorm_w0_linear": 0.6462008994516993,
  "w1_conv1_hfer0.5": 0.520673500558938,
  "w1_conv1_hfer0.6": 0.41734802087719813,
  "w1_conv1_hfer0.7": 0.3162455927722476,
  "w1_conv1_hfer0.6_hann": 0.4180026873081653,
  "w1_conv1_msr": 1.0,
  "gnorm_w1_conv1": 0.22418265622240718,
  "w1_layer2.0.conv1_hfer0.5": 0.5092488420436855,
  "w1_layer2.0.conv1_hfer0.6": 0.40708493353201747,
  "w1_layer2.0.conv1_hfer0.7": 0.30569773110767434,
  "w1_layer2.0.conv1_hfer0.6_hann": 0.4071212771999162,
  "w1_layer2.0.conv1_msr": 1.0,
  "gnorm_w1_layer2.0.conv1": 0.26209245163987416,
  "w1_layer3.0.conv1_hfer0.5": 0.5068424329593766,
  "w1_layer3.0.conv1_hfer0.6": 0.40529261508043035,
  "w1_layer3.0.conv1_hfer0.7": 0.30453996560445595,
  "w1_layer3.0.conv1_hfer0.6_hann": 0.40472787015506395,
  "w1_layer3.0.conv1_msr": 1.0,
  "gnorm_w1_layer3.0.conv1": 0.4675042660563656,
  "w1_linear_hfer0.5": 0.5710190400955666,
  "w1_linear_hfer0.6": 0.4599297290871789,
  "w1_linear_hfer0.7": 0.3432750359912682,
  "w1_linear_hfer0.6_hann": 0.45228513819578975,
  "w1_linear_msr": 1.0,
  "gnorm_w1_linear": 0.1755833528478474,
  "w2_conv1_hfer0.5": 0.5020070271162853,
  "w2_conv1_hfer0.6": 0.39935198425859353,
  "w2_conv1_hfer0.7": 0.29888297111983303,
  "w2_conv1_hfer0.6_hann": 0.39652408613225465,
  "w2_conv1_msr": 1.0,
  "gnorm_w2_conv1": 0.007289334773874748,
  "w2_layer2.0.conv1_hfer0.5": 0.5010412112236441,
  "w2_layer2.0.conv1_hfer0.6": 0.4011100807456804,
  "w2_layer2.0.conv1_hfer0.7": 0.3006516706397285,
  "w2_layer2.0.conv1_hfer0.6_hann": 0.4010312455794131,
  "w2_layer2.0.conv1_msr": 1.0,
  "gnorm_w2_layer2.0.conv1": 0.008898496040318322,
  "w2_layer3.0.conv1_hfer0.5": 0.5011735784035809,
  "w2_layer3.0.conv1_hfer0.6": 0.4007917294211373,
  "w2_layer3.0.conv1_hfer0.7": 0.30071246499117055,
  "w2_layer3.0.conv1_hfer0.6_hann": 0.40096658332940943,
  "w2_layer3.0.conv1_msr": 1.0,
  "gnorm_w2_layer3.0.conv1": 0.01595738221704109,
  "w2_linear_hfer0.5": 0.5083571651640137,
  "w2_linear_hfer0.6": 0.4114426666454969,
  "w2_linear_hfer0.7": 0.30766007790267264,
  "w2_linear_hfer0.6_hann": 0.4034030086235458,
  "w2_linear_msr": 1.0,
  "gnorm_w2_linear": 0.005107904302915395,
  "shfer_w0_all": 0.43019789173243955,
  "shfer_w0_stem": 0.459595095584158,
  "shfer_w0_layer1": 0.4344985170128719,
  "shfer_w0_layer2": 0.4232854043504221,
  "shfer_w0_layer3": 0.41682622260320146,
  "shfer_w0_layer4": 0.42526338149041165,
  "shfer_w0_head": 0.5954847975037584,
  "shfer_w1_all": 0.4055912148684382,
  "shfer_w1_stem": 0.41781262408159625,
  "shfer_w1_layer1": 0.40968309418538357,
  "shfer_w1_layer2": 0.40697728315537174,
  "shfer_w1_layer3": 0.4037172179647371,
  "shfer_w1_layer4": 0.41089460618314716,
  "shfer_w1_head": 0.4584724673921815,
  "shfer_w2_all": 0.40452218689076447,
  "shfer_w2_stem": 0.39738812556461,
  "shfer_w2_layer1": 0.40091464074660976,
  "shfer_w2_layer2": 0.40121918997540584,
  "shfer_w2_layer3": 0.399361239010071,
  "shfer_w2_layer4": 0.4010983533846006,
  "shfer_w2_head": 0.4116605242465049
}