{
  "diverged": false,
  "n_steps": 10000,
  "spikes": 743,
  "train_loss_tail": 0.00022139889758545907,
  "val_loss": 0.8768250122070312,
  "val_acc": 0.8085,
  "lam_tail": 1.0793405771255493,
  "chi_tail": 0.026983514428138733,
  "sharpness_threshold": 80.0,
  "secs": 832.9,
  "hfer_w1_mid": 0.4024681273814578,
  "raw_paths": "",
  "w0_conv1_hfer0.5": 0.5116492019096255,
  "w0_conv1_hfer0.6": 0.4037586827103141,
  "w0_conv1_hfer0.7": 0.30653181328421136,
  "w0_conv1_hfer0.6_hann": 0.40602781912462116,
  "w0_conv1_msr": 1.0,
  "gnorm_w0_conv1": 0.15181958479833718,
  "w0_layer2.0.conv1_hfer0.5": 0.5036861891140513,
  "w0_layer2.0.conv1_hfer0.6": 0.4021491495128149,
  "w0_layer2.0.conv1_hfer0.7": 0.3019282459582215,
  "w0_layer2.0.conv1_hfer0.6_hann": 0.4015923533991345,
  "w0_layer2.0.conv1_msr": 1.0,
  "gnorm_w0_layer2.0.conv1": 0.1894085046948698,
  "w0_layer3.0.conv1_hfer0.5": 0.5035343113055147,
  "w0_layer3.0.conv1_hfer0.6": 0.4024681273814578,
  "w0_layer3.0.conv1_hfer0.7": 0.3025427109268767,
  "w0_layer3.0.conv1_hfer0.6_hann": 0.4015362507818558,
  "w0_layer3.0.conv1_msr": 1.0,
  "gnorm_w0_layer3.0.conv1": 0.31918993173195265,
  "w0_linear_hfer0.5": 0.5309528722452275,
  "w0_linear_hfer0.6": 0.42739250047634664,
  "w0_linear_hfer0.7": 0.31822693809991287,
  "w0_linear_hfer0.6_hann": 0.40333995186040156,
  "w0_linear_msr": 1.0,
  "gnorm_w0_linear": 0.06426064735307578
}