{
  "diverged": false,
  "n_steps": 10000,
  "spikes": 9,
  "train_loss_tail": 0.15651087171584369,
  "val_loss": 1.4655889404296876,
  "val_acc": 0.6871,
  "lam_tail": 0.6752528548240662,
  "chi_tail": 2.160809135437012,
  "sharpness_threshold": 0.625,
  "secs": 1386.8,
  "hfer_w1_mid": 0.4568320289400391,
  "raw_paths": "/work/02/gs26/s26001/river-valley-momentum/codebases/results/raw/grid_cifar10_bn_ema_lr3.2_b0_s0/w1_layer3.0.conv1_G.npz;/work/02/gs26/s26001/river-valley-momentum/codebases/results/raw/grid_cifar10_bn_ema_lr3.2_b0_s0/w1_linear_G.npz",
  "w0_conv1_hfer0.5": 0.5771186356043442,
  "w0_conv1_hfer0.6": 0.47198700402551697,
  "w0_conv1_hfer0.7": 0.355407542365943,
  "w0_conv1_hfer0.6_hann": 0.4795444797994311,
  "w0_conv1_msr": 1.0,
  "gnorm_w0_conv1": 0.018065831360768336,
  "w0_layer2.0.conv1_hfer0.5": 0.6563202678146947,
  "w0_layer2.0.conv1_hfer0.6": 0.541241253741935,
  "w0_layer2.0.conv1_hfer0.7": 0.4146442575990895,
  "w0_layer2.0.conv1_hfer0.6_hann": 0.5283630957881285,
  "w0_layer2.0.conv1_msr": 1.0,
  "gnorm_w0_layer2.0.conv1": 0.05876804408333668,
  "w0_layer3.0.conv1_hfer0.5": 0.6479601463935568,
  "w0_layer3.0.conv1_hfer0.6": 0.5358756282770928,
  "w0_layer3.0.conv1_hfer0.7": 0.4112676555619194,
  "w0_layer3.0.conv1_hfer0.6_hann": 0.5349399844283814,
  "w0_layer3.0.conv1_msr": 1.0,
  "gnorm_w0_layer3.0.conv1": 0.05055526561599391,
  "w0_linear_hfer0.5": 0.7780902734796743,
  "w0_linear_hfer0.6": 0.6701864173642798,
  "w0_linear_hfer0.7": 0.528979076008046,
  "w0_linear_hfer0.6_hann": 0.6756266963845375,
  "w0_linear_msr": 1.0,
  "gnorm_w0_linear": 0.16754563978690612,
  "w1_conv1_hfer0.5": 0.6091051126453293,
  "w1_conv1_hfer0.6": 0.48844099074004327,
  "w1_conv1_hfer0.7": 0.3771678177048915,
  "w1_conv1_hfer0.6_hann": 0.49927743004677816,
  "w1_conv1_msr": 1.0,
  "gnorm_w1_conv1": 0.05346142812858875,
  "w1_layer2.0.conv1_hfer0.5": 0.6174720427386454,
  "w1_layer2.0.conv1_hfer0.6": 0.5043827879492759,
  "w1_layer2.0.conv1_hfer0.7": 0.37765792944463183,
  "w1_layer2.0.conv1_hfer0.6_hann": 0.519626719152109,
  "w1_layer2.0.conv1_msr": 1.0,
  "gnorm_w1_layer2.0.conv1": 0.06569119854972555,
  "w1_layer3.0.conv1_hfer0.5": 0.5644542699161061,
  "w1_layer3.0.conv1_hfer0.6": 0.4568320289400391,
  "w1_layer3.0.conv1_hfer0.7": 0.34578166164931884,
  "w1_layer3.0.conv1_hfer0.6_hann": 0.45693481894073534,
  "w1_layer3.0.conv1_msr": 1.0,
  "gnorm_w1_layer3.0.conv1": 0.07947745044806716,
  "w1_linear_hfer0.5": 0.7510993868330187,
  "w1_linear_hfer0.6": 0.6435599764442216,
  "w1_linear_hfer0.7": 0.5087281022851887,
  "w1_linear_hfer0.6_hann": 0.6426771104123131,
  "w1_linear_msr": 1.0,
  "gnorm_w1_linear": 0.13612199345992163,
  "w2_conv1_hfer0.5": 0.5767302097784524,
  "w2_conv1_hfer0.6": 0.4645186938349793,
  "w2_conv1_hfer0.7": 0.3435984577419383,
  "w2_conv1_hfer0.6_hann": 0.4628533038426205,
  "w2_conv1_msr": 1.0,
  "gnorm_w2_conv1": 0.0567398486907745,
  "w2_layer2.0.conv1_hfer0.5": 0.5677071120250239,
  "w2_layer2.0.conv1_hfer0.6": 0.46006052079541676,
  "w2_layer2.0.conv1_hfer0.7": 0.34507241666162114,
  "w2_layer2.0.conv1_hfer0.6_hann": 0.45690622759810307,
  "w2_layer2.0.conv1_msr": 1.0,
  "gnorm_w2_layer2.0.conv1": 0.062396283229779276,
  "w2_layer3.0.conv1_hfer0.5": 0.5268005465765766,
  "w2_layer3.0.conv1_hfer0.6": 0.4228023160195649,
  "w2_layer3.0.conv1_hfer0.7": 0.31829967910259044,
  "w2_layer3.0.conv1_hfer0.6_hann": 0.42433130450914774,
  "w2_layer3.0.conv1_msr": 1.0,
  "gnorm_w2_layer3.0.conv1": 0.09328123214059623,
  "w2_linear_hfer0.5": 0.6891959913911212,
  "w2_linear_hfer0.6": 0.5741183961264026,
  "w2_linear_hfer0.7": 0.44539613373942016,
  "w2_linear_hfer0.6_hann": 0.577333929348923,
  "w2_linear_msr": 1.0,
  "gnorm_w2_linear": 0.09603870106534146,
  "shfer_w0_all": 0.6243781263734947,
  "shfer_w0_stem": 0.48503007156337513,
  "shfer_w0_layer1": 0.5062240296261337,
  "shfer_w0_layer2": 0.5417901032310138,
  "shfer_w0_layer3": 0.5306473966829589,
  "shfer_w0_layer4": 0.6354801977514337,
  "shfer_w0_head": 0.6870498673530319,
  "shfer_w1_all": 0.5019947944017555,
  "shfer_w1_stem": 0.48274123634618576,
  "shfer_w1_layer1": 0.45381059297926213,
  "shfer_w1_layer2": 0.4867076456271325,
  "shfer_w1_layer3": 0.4577120821816724,
  "shfer_w1_layer4": 0.48523128410337596,
  "shfer_w1_head": 0.663780557975546,
  "shfer_w2_all": 0.4361783128436934,
  "shfer_w2_stem": 0.46075660785657163,
  "shfer_w2_layer1": 0.42769439110829593,
  "shfer_w2_layer2": 0.44023796143987315,
  "shfer_w2_layer3": 0.4216292265795294,
  "shfer_w2_layer4": 0.42766617113151384,
  "shfer_w2_head": 0.5989287630656797
}