{
  "diverged": false,
  "n_steps": 10000,
  "spikes": 512,
  "train_loss_tail": 0.0012199716299655847,
  "val_loss": 2.35393017578125,
  "val_acc": 0.5759,
  "lam_tail": 0.19946792721748352,
  "chi_tail": 0.00797871708869934,
  "sharpness_threshold": 95.00000000000001,
  "secs": 1279.0,
  "hfer_w1_mid": 0.3972584369722187,
  "raw_paths": "",
  "w0_conv1_hfer0.5": 0.4235118729669626,
  "w0_conv1_hfer0.6": 0.3359676488586029,
  "w0_conv1_hfer0.7": 0.2528990982605798,
  "w0_conv1_hfer0.6_hann": 0.3357692809960401,
  "w0_conv1_msr": 0.0032152432957194433,
  "gnorm_w0_conv1": 0.3803932111796154,
  "w0_layer2.0.conv1_hfer0.5": 0.4663247866798496,
  "w0_layer2.0.conv1_hfer0.6": 0.3717546356449529,
  "w0_layer2.0.conv1_hfer0.7": 0.27838241394355634,
  "w0_layer2.0.conv1_hfer0.6_hann": 0.3743490569642797,
  "w0_layer2.0.conv1_msr": 0.003216055488898386,
  "gnorm_w0_layer2.0.conv1": 0.34502428002871444,
  "w0_layer3.0.conv1_hfer0.5": 0.48228323068592277,
  "w0_layer3.0.conv1_hfer0.6": 0.38486899110133205,
  "w0_layer3.0.conv1_hfer0.7": 0.2889005658599052,
  "w0_layer3.0.conv1_hfer0.6_hann": 0.3861530855697767,
  "w0_layer3.0.conv1_msr": 0.0032146231544794195,
  "gnorm_w0_layer3.0.conv1": 0.6051945515042673,
  "w0_linear_hfer0.5": 0.445197690689465,
  "w0_linear_hfer0.6": 0.3554701841401117,
  "w0_linear_hfer0.7": 0.26678437414348855,
  "w0_linear_hfer0.6_hann": 0.3580595692971559,
  "w0_linear_msr": 0.003217763153578499,
  "gnorm_w0_linear": 0.8812798252340127,
  "w1_conv1_hfer0.5": 0.4747394310307545,
  "w1_conv1_hfer0.6": 0.3801179744231896,
  "w1_conv1_hfer0.7": 0.28477509004985746,
  "w1_conv1_hfer0.6_hann": 0.38927739793756644,
  "w1_conv1_msr": 0.0032144686498203393,
  "gnorm_w1_conv1": 0.10972909010647017,
  "w1_layer2.0.conv1_hfer0.5": 0.4930195548860371,
  "w1_layer2.0.conv1_hfer0.6": 0.39416652769962524,
  "w1_layer2.0.conv1_hfer0.7": 0.2963177523822893,
  "w1_layer2.0.conv1_hfer0.6_hann": 0.394936744972885,
  "w1_layer2.0.conv1_msr": 0.0032149453565754305,
  "gnorm_w1_layer2.0.conv1": 0.10948758198839487,
  "w1_layer3.0.conv1_hfer0.5": 0.4970389093234851,
  "w1_layer3.0.conv1_hfer0.6": 0.3972584369722187,
  "w1_layer3.0.conv1_hfer0.7": 0.298371313866894,
  "w1_layer3.0.conv1_hfer0.6_hann": 0.3975808432111851,
  "w1_layer3.0.conv1_msr": 0.0032180315020553544,
  "gnorm_w1_layer3.0.conv1": 0.2255819341267659,
  "w1_linear_hfer0.5": 0.48029800331863987,
  "w1_linear_hfer0.6": 0.3828691362033036,
  "w1_linear_hfer0.7": 0.28645442863658077,
  "w1_linear_hfer0.6_hann": 0.38894526844973765,
  "w1_linear_msr": 0.003223642464020397,
  "gnorm_w1_linear": 0.20054330689589273,
  "w2_conv1_hfer0.5": 0.4982357631584823,
  "w2_conv1_hfer0.6": 0.39864032018272055,
  "w2_conv1_hfer0.7": 0.2991101689651447,
  "w2_conv1_hfer0.6_hann": 0.39749777991260554,
  "w2_conv1_msr": 0.0032401952141631477,
  "gnorm_w2_conv1": 0.008865830521236826,
  "w2_layer2.0.conv1_hfer0.5": 0.501445342554477,
  "w2_layer2.0.conv1_hfer0.6": 0.39960973703418234,
  "w2_layer2.0.conv1_hfer0.7": 0.3013906965631773,
  "w2_layer2.0.conv1_hfer0.6_hann": 0.39848921676919113,
  "w2_layer2.0.conv1_msr": 0.0032503394668707657,
  "gnorm_w2_layer2.0.conv1": 0.009469691318339402,
  "w2_layer3.0.conv1_hfer0.5": 0.5017500657740203,
  "w2_layer3.0.conv1_hfer0.6": 0.3994703994418073,
  "w2_layer3.0.conv1_hfer0.7": 0.30111801197835564,
  "w2_layer3.0.conv1_hfer0.6_hann": 0.398070438781448,
  "w2_layer3.0.conv1_msr": 0.0032364007231624426,
  "gnorm_w2_layer3.0.conv1": 0.01907795195311547,
  "w2_linear_hfer0.5": 0.4977496056285531,
  "w2_linear_hfer0.6": 0.3969982638526704,
  "w2_linear_hfer0.7": 0.2985778510069369,
  "w2_linear_hfer0.6_hann": 0.3889451836297246,
  "w2_linear_msr": 0.0032221084486569215,
  "gnorm_w2_linear": 0.029785171712703676,
  "shfer_w0_all": 0.3810816042089948,
  "shfer_w0_stem": 0.3354658048173254,
  "shfer_w0_layer1": 0.3629861521117992,
  "shfer_w0_layer2": 0.3758060276737724,
  "shfer_w0_layer3": 0.3881467484211828,
  "shfer_w0_layer4": 0.3871603290872928,
  "shfer_w0_head": 0.3544929652480991,
  "shfer_w1_all": 0.3969945171132549,
  "shfer_w1_stem": 0.3801949258554848,
  "shfer_w1_layer1": 0.3938831013803675,
  "shfer_w1_layer2": 0.3922829271070539,
  "shfer_w1_layer3": 0.39655907272305196,
  "shfer_w1_layer4": 0.39476926901052517,
  "shfer_w1_head": 0.3800794910984785,
  "shfer_w2_all": 0.39806965027050456,
  "shfer_w2_stem": 0.4022067357151793,
  "shfer_w2_layer1": 0.400322160923134,
  "shfer_w2_layer2": 0.39740968697285706,
  "shfer_w2_layer3": 0.39895599582177005,
  "shfer_w2_layer4": 0.3978849130355178,
  "shfer_w2_head": 0.3976143667893169
}