{
  "synthetic_relerr_b0.5": 0.000562545846444887,
  "synthetic_Rhigh_b0.5": 0.34823366014778123,
  "synthetic_relerr_b0.9": 0.0006521662530251822,
  "synthetic_Rhigh_b0.9": 0.05528067365792311,
  "synthetic_relerr_b0.95": 0.0006482921890307557,
  "synthetic_Rhigh_b0.95": 0.026933768745897736,
  "synthetic_relerr_b0.99": 0.0006444366982668172,
  "synthetic_Rhigh_b0.99": 0.005278526825471979,
  "straight_relerr_b0.5": 0.08088621711842221,
  "straight_Rhigh_b0.5": 0.3094367695871492,
  "straight_relerr_b0.9": 0.11031606897682618,
  "straight_Rhigh_b0.9": 0.04683647871300164,
  "straight_relerr_b0.95": 0.11304295819083068,
  "straight_Rhigh_b0.95": 0.022708097641190316,
  "straight_relerr_b0.99": 0.1151137925185782,
  "straight_Rhigh_b0.99": 0.004433194035816928,
  "curved_relerr_b0.5": 0.001232109514245821,
  "curved_Rhigh_b0.5": 0.34739512537691775,
  "curved_relerr_b0.9": 0.0021040781272366146,
  "curved_Rhigh_b0.9": 0.055131202246565245,
  "curved_relerr_b0.95": 0.0021631387491616617,
  "curved_Rhigh_b0.95": 0.026861709754319812,
  "curved_relerr_b0.99": 0.002207967602147697,
  "curved_Rhigh_b0.99": 0.005264541419191756,
  "all_relerr_below_0p15": true
}