{
  "diverged": false,
  "n_steps": 10000,
  "spikes": 456,
  "train_loss_tail": 0.0019726585210883057,
  "val_loss": 2.611983837890625,
  "val_acc": 0.5529,
  "lam_tail": 0.318926066160202,
  "chi_tail": 0.0012757042646408092,
  "sharpness_threshold": 994.9999999999991,
  "secs": 1274.3,
  "hfer_w1_mid": 0.3936763994300517,
  "raw_paths": "",
  "w0_conv1_hfer0.5": 0.3488682013975191,
  "w0_conv1_hfer0.6": 0.27872487094624504,
  "w0_conv1_hfer0.7": 0.2064291415975513,
  "w0_conv1_hfer0.6_hann": 0.26753526953902196,
  "w0_conv1_msr": 3.01415826974086e-05,
  "gnorm_w0_conv1": 0.6059084708841893,
  "w0_layer2.0.conv1_hfer0.5": 0.4438881653530734,
  "w0_layer2.0.conv1_hfer0.6": 0.3539028107654086,
  "w0_layer2.0.conv1_hfer0.7": 0.2656139412713646,
  "w0_layer2.0.conv1_hfer0.6_hann": 0.3523978917894161,
  "w0_layer2.0.conv1_msr": 3.071976088392576e-05,
  "gnorm_w0_layer2.0.conv1": 0.308098130916104,
  "w0_layer3.0.conv1_hfer0.5": 0.4654418170604548,
  "w0_layer3.0.conv1_hfer0.6": 0.37151638418851657,
  "w0_layer3.0.conv1_hfer0.7": 0.27875042117565174,
  "w0_layer3.0.conv1_hfer0.6_hann": 0.3710268527799571,
  "w0_layer3.0.conv1_msr": 3.064246148328339e-05,
  "gnorm_w0_layer3.0.conv1": 0.5170850989282516,
  "w0_linear_hfer0.5": 0.4423714514404339,
  "w0_linear_hfer0.6": 0.3531850056305313,
  "w0_linear_hfer0.7": 0.26526569082027307,
  "w0_linear_hfer0.6_hann": 0.3517091126568449,
  "w0_linear_msr": 3.053897156148266e-05,
  "gnorm_w0_linear": 0.9877883169903074,
  "w1_conv1_hfer0.5": 0.44023825923272764,
  "w1_conv1_hfer0.6": 0.3533196584727276,
  "w1_conv1_hfer0.7": 0.2628762269669317,
  "w1_conv1_hfer0.6_hann": 0.35150413816273723,
  "w1_conv1_msr": 3.055016275604352e-05,
  "gnorm_w1_conv1": 0.24499801159634996,
  "w1_layer2.0.conv1_hfer0.5": 0.48437704872395154,
  "w1_layer2.0.conv1_hfer0.6": 0.38763836434069837,
  "w1_layer2.0.conv1_hfer0.7": 0.29135998549644326,
  "w1_layer2.0.conv1_hfer0.6_hann": 0.3893899593931821,
  "w1_layer2.0.conv1_msr": 3.090160245078372e-05,
  "gnorm_w1_layer2.0.conv1": 0.18583906635276676,
  "w1_layer3.0.conv1_hfer0.5": 0.49231857567764753,
  "w1_layer3.0.conv1_hfer0.6": 0.3936763994300517,
  "w1_layer3.0.conv1_hfer0.7": 0.2959186300486079,
  "w1_layer3.0.conv1_hfer0.6_hann": 0.39466796853458963,
  "w1_layer3.0.conv1_msr": 3.0783231126852384e-05,
  "gnorm_w1_layer3.0.conv1": 0.3879247245398215,
  "w1_linear_hfer0.5": 0.47149147371894107,
  "w1_linear_hfer0.6": 0.3761638490432563,
  "w1_linear_hfer0.7": 0.2823599031340789,
  "w1_linear_hfer0.6_hann": 0.37707486763568293,
  "w1_linear_msr": 3.1005504356689224e-05,
  "gnorm_w1_linear": 0.4035859936442239,
  "w2_conv1_hfer0.5": 0.4946316453667261,
  "w2_conv1_hfer0.6": 0.38843458212384735,
  "w2_conv1_hfer0.7": 0.2917684756639817,
  "w2_conv1_hfer0.6_hann": 0.38892993604927173,
  "w2_conv1_msr": 3.175099093158121e-05,
  "gnorm_w2_conv1": 0.022505002910540126,
  "w2_layer2.0.conv1_hfer0.5": 0.4976621581248309,
  "w2_layer2.0.conv1_hfer0.6": 0.39661686771317645,
  "w2_layer2.0.conv1_hfer0.7": 0.2991825885097497,
  "w2_layer2.0.conv1_hfer0.6_hann": 0.3975877176090231,
  "w2_layer2.0.conv1_msr": 3.178910188324504e-05,
  "gnorm_w2_layer2.0.conv1": 0.017837075331872048,
  "w2_layer3.0.conv1_hfer0.5": 0.4999795137930704,
  "w2_layer3.0.conv1_hfer0.6": 0.398859407370987,
  "w2_layer3.0.conv1_hfer0.7": 0.3011057465029379,
  "w2_layer3.0.conv1_hfer0.6_hann": 0.39999306528266104,
  "w2_layer3.0.conv1_msr": 3.2011657852922306e-05,
  "gnorm_w2_layer3.0.conv1": 0.0372284080146125,
  "w2_linear_hfer0.5": 0.49742966377914355,
  "w2_linear_hfer0.6": 0.3947781535599875,
  "w2_linear_hfer0.7": 0.29925495601554425,
  "w2_linear_hfer0.6_hann": 0.39833123232345197,
  "w2_linear_msr": 3.1186099653400504e-05,
  "gnorm_w2_linear": 0.04468422403097514,
  "shfer_w0_all": 0.36262157868713035,
  "shfer_w0_stem": 0.28814809769038197,
  "shfer_w0_layer1": 0.339457888891029,
  "shfer_w0_layer2": 0.36004064776814615,
  "shfer_w0_layer3": 0.3727857369030673,
  "shfer_w0_layer4": 0.37797264464921443,
  "shfer_w0_head": 0.3527202428694446,
  "shfer_w1_all": 0.3925971279186694,
  "shfer_w1_stem": 0.3541961094310825,
  "shfer_w1_layer1": 0.3816363978200248,
  "shfer_w1_layer2": 0.39006460256726583,
  "shfer_w1_layer3": 0.39288747027555637,
  "shfer_w1_layer4": 0.39502585186233813,
  "shfer_w1_head": 0.37746072704954026,
  "shfer_w2_all": 0.4006892284580702,
  "shfer_w2_stem": 0.3899705393165677,
  "shfer_w2_layer1": 0.3971184097927621,
  "shfer_w2_layer2": 0.396551112384959,
  "shfer_w2_layer3": 0.39942715323637235,
  "shfer_w2_layer4": 0.4006695969082929,
  "shfer_w2_head": 0.39378419015289573
}