{
  "diverged": false,
  "n_steps": 10000,
  "spikes": 1211,
  "train_loss_tail": 0.00917858227720717,
  "val_loss": 1.1302377807617188,
  "val_acc": 0.8287,
  "lam_tail": 12.591296195983887,
  "chi_tail": 0.05036518478393559,
  "sharpness_threshold": 994.9999999999991,
  "secs": 1201.9,
  "hfer_w1_mid": 0.3944374303334308,
  "raw_paths": "",
  "w0_conv1_hfer0.5": 0.43482892910134796,
  "w0_conv1_hfer0.6": 0.35001878509018786,
  "w0_conv1_hfer0.7": 0.2653706457327146,
  "w0_conv1_hfer0.6_hann": 0.35502679271574616,
  "w0_conv1_msr": 3.064870910716323e-05,
  "gnorm_w0_conv1": 0.2816483571534776,
  "w0_layer2.0.conv1_hfer0.5": 0.46595157967950385,
  "w0_layer2.0.conv1_hfer0.6": 0.3727890722996304,
  "w0_layer2.0.conv1_hfer0.7": 0.2801660051723496,
  "w0_layer2.0.conv1_hfer0.6_hann": 0.3741542578054366,
  "w0_layer2.0.conv1_msr": 3.057353686555248e-05,
  "gnorm_w0_layer2.0.conv1": 0.23763369358324674,
  "w0_layer3.0.conv1_hfer0.5": 0.4731325873479622,
  "w0_layer3.0.conv1_hfer0.6": 0.37854503585076776,
  "w0_layer3.0.conv1_hfer0.7": 0.28450208177908254,
  "w0_layer3.0.conv1_hfer0.6_hann": 0.3790477592550902,
  "w0_layer3.0.conv1_msr": 3.0523392121239774e-05,
  "gnorm_w0_layer3.0.conv1": 0.4070046200949108,
  "w0_linear_hfer0.5": 0.3272397855395141,
  "w0_linear_hfer0.6": 0.2606826989367541,
  "w0_linear_hfer0.7": 0.19839773559766383,
  "w0_linear_hfer0.6_hann": 0.27391111468941787,
  "w0_linear_msr": 3.007755452844822e-05,
  "gnorm_w0_linear": 0.541921889599845,
  "w1_conv1_hfer0.5": 0.4746955133942751,
  "w1_conv1_hfer0.6": 0.381773928484322,
  "w1_conv1_hfer0.7": 0.2868525111998472,
  "w1_conv1_hfer0.6_hann": 0.38595947893558097,
  "w1_conv1_msr": 3.221305689183431e-05,
  "gnorm_w1_conv1": 0.1600625745240011,
  "w1_layer2.0.conv1_hfer0.5": 0.48990373613903193,
  "w1_layer2.0.conv1_hfer0.6": 0.3917422237146353,
  "w1_layer2.0.conv1_hfer0.7": 0.29467937465790317,
  "w1_layer2.0.conv1_hfer0.6_hann": 0.39186437687935083,
  "w1_layer2.0.conv1_msr": 3.0735995374338064e-05,
  "gnorm_w1_layer2.0.conv1": 0.1644432100605759,
  "w1_layer3.0.conv1_hfer0.5": 0.4934985521113441,
  "w1_layer3.0.conv1_hfer0.6": 0.3944374303334308,
  "w1_layer3.0.conv1_hfer0.7": 0.2962149493599308,
  "w1_layer3.0.conv1_hfer0.6_hann": 0.39450708516352934,
  "w1_layer3.0.conv1_msr": 3.072386421846464e-05,
  "gnorm_w1_layer3.0.conv1": 0.316881710626794,
  "w1_linear_hfer0.5": 0.4420906245690795,
  "w1_linear_hfer0.6": 0.3568607397176308,
  "w1_linear_hfer0.7": 0.26589366722158153,
  "w1_linear_hfer0.6_hann": 0.36588332513704214,
  "w1_linear_msr": 3.084876148630457e-05,
  "gnorm_w1_linear": 0.182282021489043,
  "w2_conv1_hfer0.5": 0.490354623678502,
  "w2_conv1_hfer0.6": 0.3963825471998529,
  "w2_conv1_hfer0.7": 0.2963951566597771,
  "w2_conv1_hfer0.6_hann": 0.40006860004240724,
  "w2_conv1_msr": 3.057137864843766e-05,
  "gnorm_w2_conv1": 0.09693744524257768,
  "w2_layer2.0.conv1_hfer0.5": 0.4958032762178641,
  "w2_layer2.0.conv1_hfer0.6": 0.39628563619583584,
  "w2_layer2.0.conv1_hfer0.7": 0.2970325953168709,
  "w2_layer2.0.conv1_hfer0.6_hann": 0.396611710739083,
  "w2_layer2.0.conv1_msr": 3.0719979279913015e-05,
  "gnorm_w2_layer2.0.conv1": 0.10312093085482665,
  "w2_layer3.0.conv1_hfer0.5": 0.49722076742724286,
  "w2_layer3.0.conv1_hfer0.6": 0.3974751033467574,
  "w2_layer3.0.conv1_hfer0.7": 0.29806508124747727,
  "w2_layer3.0.conv1_hfer0.6_hann": 0.39773444174697414,
  "w2_layer3.0.conv1_msr": 3.066916578528357e-05,
  "gnorm_w2_layer3.0.conv1": 0.2027728256247144,
  "w2_linear_hfer0.5": 0.46871878839039316,
  "w2_linear_hfer0.6": 0.3751874112681949,
  "w2_linear_hfer0.7": 0.2803912558911503,
  "w2_linear_hfer0.6_hann": 0.36673889428887285,
  "w2_linear_msr": 3.010015386112893e-05,
  "gnorm_w2_linear": 0.09276104451413625,
  "shfer_w0_all": 0.3579421575195272,
  "shfer_w0_stem": 0.3521620180284066,
  "shfer_w0_layer1": 0.3626547362056127,
  "shfer_w0_layer2": 0.36936533950404393,
  "shfer_w0_layer3": 0.3771738809280065,
  "shfer_w0_layer4": 0.3697772517657021,
  "shfer_w0_head": 0.2638261784443027,
  "shfer_w1_all": 0.39450461641963736,
  "shfer_w1_stem": 0.3815877179423197,
  "shfer_w1_layer1": 0.38770447875692426,
  "shfer_w1_layer2": 0.39152097057493923,
  "shfer_w1_layer3": 0.3950952688890758,
  "shfer_w1_layer4": 0.39302988121860416,
  "shfer_w1_head": 0.356241838163282,
  "shfer_w2_all": 0.40044451699314165,
  "shfer_w2_stem": 0.39541132125989514,
  "shfer_w2_layer1": 0.39662988259251897,
  "shfer_w2_layer2": 0.3959715529565518,
  "shfer_w2_layer3": 0.39786318079243066,
  "shfer_w2_layer4": 0.39907648065831725,
  "shfer_w2_head": 0.37691330553394586
}