{
  "diverged": false,
  "n_steps": 10000,
  "spikes": 1,
  "train_loss_tail": 0.7658493001461029,
  "val_loss": 1.0975634521484374,
  "val_acc": 0.646,
  "lam_tail": 0.6603525876998901,
  "chi_tail": 2.1131282806396485,
  "sharpness_threshold": 0.625,
  "secs": 1285.5,
  "hfer_w1_mid": 0.7714441690268666,
  "raw_paths": "",
  "w0_conv1_hfer0.5": 0.6851512401575557,
  "w0_conv1_hfer0.6": 0.5741058286801105,
  "w0_conv1_hfer0.7": 0.4524692627194483,
  "w0_conv1_hfer0.6_hann": 0.5619651802276356,
  "w0_conv1_msr": 1.0,
  "gnorm_w0_conv1": 0.13363735549743783,
  "w0_layer2.0.conv1_hfer0.5": 0.8185633814358224,
  "w0_layer2.0.conv1_hfer0.6": 0.7439040759407896,
  "w0_layer2.0.conv1_hfer0.7": 0.6281757595910562,
  "w0_layer2.0.conv1_hfer0.6_hann": 0.7512178225309973,
  "w0_layer2.0.conv1_msr": 1.0,
  "gnorm_w0_layer2.0.conv1": 0.02658418395165519,
  "w0_layer3.0.conv1_hfer0.5": 0.8720893477779905,
  "w0_layer3.0.conv1_hfer0.6": 0.8081812651499827,
  "w0_layer3.0.conv1_hfer0.7": 0.7063660835741034,
  "w0_layer3.0.conv1_hfer0.6_hann": 0.8096986207935143,
  "w0_layer3.0.conv1_msr": 1.0,
  "gnorm_w0_layer3.0.conv1": 0.014725057143990045,
  "w0_linear_hfer0.5": 0.742037361386861,
  "w0_linear_hfer0.6": 0.639613041925747,
  "w0_linear_hfer0.7": 0.5165871122341875,
  "w0_linear_hfer0.6_hann": 0.6412235436248152,
  "w0_linear_msr": 1.0,
  "gnorm_w0_linear": 0.12466188193392405,
  "w1_conv1_hfer0.5": 0.6851574461798787,
  "w1_conv1_hfer0.6": 0.5767639469639377,
  "w1_conv1_hfer0.7": 0.460504780008341,
  "w1_conv1_hfer0.6_hann": 0.5812052071124145,
  "w1_conv1_msr": 1.0,
  "gnorm_w1_conv1": 0.15151605262214968,
  "w1_layer2.0.conv1_hfer0.5": 0.7773507867664242,
  "w1_layer2.0.conv1_hfer0.6": 0.6939392342725186,
  "w1_layer2.0.conv1_hfer0.7": 0.5864158474117063,
  "w1_layer2.0.conv1_hfer0.6_hann": 0.6930766625933942,
  "w1_layer2.0.conv1_msr": 1.0,
  "gnorm_w1_layer2.0.conv1": 0.041022301696032853,
  "w1_layer3.0.conv1_hfer0.5": 0.8418550331121367,
  "w1_layer3.0.conv1_hfer0.6": 0.7714441690268666,
  "w1_layer3.0.conv1_hfer0.7": 0.6676992503978496,
  "w1_layer3.0.conv1_hfer0.6_hann": 0.7697229484569585,
  "w1_layer3.0.conv1_msr": 1.0,
  "gnorm_w1_layer3.0.conv1": 0.03551665920024044,
  "w1_linear_hfer0.5": 0.7593705498586446,
  "w1_linear_hfer0.6": 0.6616818803757977,
  "w1_linear_hfer0.7": 0.5419359364682348,
  "w1_linear_hfer0.6_hann": 0.6586674217248388,
  "w1_linear_msr": 1.0,
  "gnorm_w1_linear": 0.11238476879642383,
  "w2_conv1_hfer0.5": 0.6757655170903212,
  "w2_conv1_hfer0.6": 0.569695375947873,
  "w2_conv1_hfer0.7": 0.44802755603291616,
  "w2_conv1_hfer0.6_hann": 0.567814263466859,
  "w2_conv1_msr": 1.0,
  "gnorm_w2_conv1": 0.14677325282052028,
  "w2_layer2.0.conv1_hfer0.5": 0.6893808210034054,
  "w2_layer2.0.conv1_hfer0.6": 0.5972006483112201,
  "w2_layer2.0.conv1_hfer0.7": 0.4882531073433531,
  "w2_layer2.0.conv1_hfer0.6_hann": 0.5995456387633854,
  "w2_layer2.0.conv1_msr": 1.0,
  "gnorm_w2_layer2.0.conv1": 0.04808236814031183,
  "w2_layer3.0.conv1_hfer0.5": 0.7285153122141825,
  "w2_layer3.0.conv1_hfer0.6": 0.6372125891375354,
  "w2_layer3.0.conv1_hfer0.7": 0.5306525249332106,
  "w2_layer3.0.conv1_hfer0.6_hann": 0.6425023789921679,
  "w2_layer3.0.conv1_msr": 1.0,
  "gnorm_w2_layer3.0.conv1": 0.04242635265984958,
  "w2_linear_hfer0.5": 0.7645073334565474,
  "w2_linear_hfer0.6": 0.6686445150903761,
  "w2_linear_hfer0.7": 0.5487131894483824,
  "w2_linear_hfer0.6_hann": 0.6707184975261011,
  "w2_linear_msr": 1.0,
  "gnorm_w2_linear": 0.10424004687318753,
  "shfer_w0_all": 0.6598157921463735,
  "shfer_w0_stem": 0.594531485294408,
  "shfer_w0_layer1": 0.6413650365437307,
  "shfer_w0_layer2": 0.7466891926538198,
  "shfer_w0_layer3": 0.8065292511192563,
  "shfer_w0_layer4": 0.7068454789916246,
  "shfer_w0_head": 0.6841845212100944,
  "shfer_w1_all": 0.624514489640149,
  "shfer_w1_stem": 0.5953709955350958,
  "shfer_w1_layer1": 0.6446394159646105,
  "shfer_w1_layer2": 0.6895124923614935,
  "shfer_w1_layer3": 0.7529166143208174,
  "shfer_w1_layer4": 0.6121625161006732,
  "shfer_w1_head": 0.7011571719417955,
  "shfer_w2_all": 0.556184482704187,
  "shfer_w2_stem": 0.5849910626272972,
  "shfer_w2_layer1": 0.5984573072635115,
  "shfer_w2_layer2": 0.6070502761751541,
  "shfer_w2_layer3": 0.6318235937863809,
  "shfer_w2_layer4": 0.52028725784745,
  "shfer_w2_head": 0.7105845914821054
}