{
  "diverged": false,
  "n_steps": 10000,
  "spikes": 1071,
  "train_loss_tail": 0.00016317208887630841,
  "val_loss": 0.8965757019042969,
  "val_acc": 0.8224,
  "lam_tail": 0.7976707220077515,
  "chi_tail": 0.0003988353610038761,
  "sharpness_threshold": 7959.999999999993,
  "secs": 1227.0,
  "hfer_w1_mid": 0.39613396542115875,
  "raw_paths": "",
  "w0_conv1_hfer0.5": 0.42623539394844995,
  "w0_conv1_hfer0.6": 0.34385497171498275,
  "w0_conv1_hfer0.7": 0.25998489372928374,
  "w0_conv1_hfer0.6_hann": 0.3450469543010808,
  "w0_conv1_msr": 3.0783776012807805e-05,
  "gnorm_w0_conv1": 0.8962870198558432,
  "w0_layer2.0.conv1_hfer0.5": 0.47716188716581925,
  "w0_layer2.0.conv1_hfer0.6": 0.38190939764842413,
  "w0_layer2.0.conv1_hfer0.7": 0.28693253583305334,
  "w0_layer2.0.conv1_hfer0.6_hann": 0.3833251797776306,
  "w0_layer2.0.conv1_msr": 3.0535807047300447e-05,
  "gnorm_w0_layer2.0.conv1": 0.813460941598545,
  "w0_layer3.0.conv1_hfer0.5": 0.4847494262211502,
  "w0_layer3.0.conv1_hfer0.6": 0.38732699940957305,
  "w0_layer3.0.conv1_hfer0.7": 0.2910553827537093,
  "w0_layer3.0.conv1_hfer0.6_hann": 0.3878082290490059,
  "w0_layer3.0.conv1_msr": 3.0354333283368054e-05,
  "gnorm_w0_layer3.0.conv1": 1.3661762589045425,
  "w0_linear_hfer0.5": 0.3939852935919019,
  "w0_linear_hfer0.6": 0.3130690045189693,
  "w0_linear_hfer0.7": 0.23449786514154555,
  "w0_linear_hfer0.6_hann": 0.31231582973356514,
  "w0_linear_msr": 3.0268539760543494e-05,
  "gnorm_w0_linear": 0.8316541096876016,
  "w1_conv1_hfer0.5": 0.48169840703817174,
  "w1_conv1_hfer0.6": 0.38415706170215885,
  "w1_conv1_hfer0.7": 0.2919433526730326,
  "w1_conv1_hfer0.6_hann": 0.3835499612439155,
  "w1_conv1_msr": 3.0401560290378257e-05,
  "gnorm_w1_conv1": 0.35988414575876143,
  "w1_layer2.0.conv1_hfer0.5": 0.4938974438705086,
  "w1_layer2.0.conv1_hfer0.6": 0.3943184851036142,
  "w1_layer2.0.conv1_hfer0.7": 0.2960969241435644,
  "w1_layer2.0.conv1_hfer0.6_hann": 0.3954770039153562,
  "w1_layer2.0.conv1_msr": 3.0989245187290505e-05,
  "gnorm_w1_layer2.0.conv1": 0.36829717643901566,
  "w1_layer3.0.conv1_hfer0.5": 0.4960827008568964,
  "w1_layer3.0.conv1_hfer0.6": 0.39613396542115875,
  "w1_layer3.0.conv1_hfer0.7": 0.297402118244318,
  "w1_layer3.0.conv1_hfer0.6_hann": 0.3965354576426233,
  "w1_layer3.0.conv1_msr": 3.0923465191628466e-05,
  "gnorm_w1_layer3.0.conv1": 0.6806563116485409,
  "w1_linear_hfer0.5": 0.47299061469411513,
  "w1_linear_hfer0.6": 0.3779544072274064,
  "w1_linear_hfer0.7": 0.2866965148495626,
  "w1_linear_hfer0.6_hann": 0.3870541531914064,
  "w1_linear_msr": 2.99490733884099e-05,
  "gnorm_w1_linear": 0.2079358233225857,
  "w2_conv1_hfer0.5": 0.5034588631833742,
  "w2_conv1_hfer0.6": 0.39783028320467734,
  "w2_conv1_hfer0.7": 0.29722131212003067,
  "w2_conv1_hfer0.6_hann": 0.4003567127980494,
  "w2_conv1_msr": 3.363440620766112e-05,
  "gnorm_w2_conv1": 0.035604901267548124,
  "w2_layer2.0.conv1_hfer0.5": 0.49829336536445734,
  "w2_layer2.0.conv1_hfer0.6": 0.3986121433475464,
  "w2_layer2.0.conv1_hfer0.7": 0.2996244603805953,
  "w2_layer2.0.conv1_hfer0.6_hann": 0.39885654816397814,
  "w2_layer2.0.conv1_msr": 3.359600276344438e-05,
  "gnorm_w2_layer2.0.conv1": 0.03778433187393392,
  "w2_layer3.0.conv1_hfer0.5": 0.4998888034327785,
  "w2_layer3.0.conv1_hfer0.6": 0.3998456585270294,
  "w2_layer3.0.conv1_hfer0.7": 0.3004407121425862,
  "w2_layer3.0.conv1_hfer0.6_hann": 0.4002474651189234,
  "w2_layer3.0.conv1_msr": 3.356477861590408e-05,
  "gnorm_w2_layer3.0.conv1": 0.07047792800748266,
  "w2_linear_hfer0.5": 0.48874565287835237,
  "w2_linear_hfer0.6": 0.39187561443709223,
  "w2_linear_hfer0.7": 0.29479213320065245,
  "w2_linear_hfer0.6_hann": 0.3933472637075561,
  "w2_linear_msr": 3.673585541290737e-05,
  "gnorm_w2_linear": 0.016088731141383553,
  "shfer_w0_all": 0.3804631542393551,
  "shfer_w0_stem": 0.34411042400096287,
  "shfer_w0_layer1": 0.37288034227928674,
  "shfer_w0_layer2": 0.38216299597011627,
  "shfer_w0_layer3": 0.38625890366620136,
  "shfer_w0_layer4": 0.37915131322424234,
  "shfer_w0_head": 0.3168120705242066,
  "shfer_w1_all": 0.3952206452800691,
  "shfer_w1_stem": 0.3869368466318021,
  "shfer_w1_layer1": 0.3927044165246713,
  "shfer_w1_layer2": 0.39503452625570334,
  "shfer_w1_layer3": 0.3967210606387424,
  "shfer_w1_layer4": 0.3956429388252249,
  "shfer_w1_head": 0.3766164165331811,
  "shfer_w2_all": 0.3991287237442324,
  "shfer_w2_stem": 0.39686787577090044,
  "shfer_w2_layer1": 0.39799795095364543,
  "shfer_w2_layer2": 0.39932066938532135,
  "shfer_w2_layer3": 0.4020722070423718,
  "shfer_w2_layer4": 0.4009045458068665,
  "shfer_w2_head": 0.392618503731616
}