{
  "diverged": false,
  "n_steps": 10000,
  "spikes": 92,
  "train_loss_tail": 0.0863651476977393,
  "val_loss": 1.3726337768554688,
  "val_acc": 0.7374,
  "lam_tail": 1.3675525188446045,
  "chi_tail": 0.43761680603027336,
  "sharpness_threshold": 11.875000000000002,
  "secs": 1222.9,
  "hfer_w1_mid": 0.3396635951280574,
  "raw_paths": "",
  "w0_conv1_hfer0.5": 0.3262219623769879,
  "w0_conv1_hfer0.6": 0.2559861292433415,
  "w0_conv1_hfer0.7": 0.19353145386469925,
  "w0_conv1_hfer0.6_hann": 0.2500423912042831,
  "w0_conv1_msr": 0.003212633219897169,
  "gnorm_w0_conv1": 0.11929385077543868,
  "w0_layer2.0.conv1_hfer0.5": 0.329401575431976,
  "w0_layer2.0.conv1_hfer0.6": 0.2536877096474477,
  "w0_layer2.0.conv1_hfer0.7": 0.18594300906364022,
  "w0_layer2.0.conv1_hfer0.6_hann": 0.25531744094840597,
  "w0_layer2.0.conv1_msr": 0.003230716574520971,
  "gnorm_w0_layer2.0.conv1": 0.13001717934807994,
  "w0_layer3.0.conv1_hfer0.5": 0.322626468797541,
  "w0_layer3.0.conv1_hfer0.6": 0.24935779941341024,
  "w0_layer3.0.conv1_hfer0.7": 0.18285505061271934,
  "w0_layer3.0.conv1_hfer0.6_hann": 0.2515825101529997,
  "w0_layer3.0.conv1_msr": 0.0032223914389538514,
  "gnorm_w0_layer3.0.conv1": 0.1646553273697089,
  "w0_linear_hfer0.5": 0.2744187551260763,
  "w0_linear_hfer0.6": 0.21119724833527526,
  "w0_linear_hfer0.7": 0.15535687068636664,
  "w0_linear_hfer0.6_hann": 0.2105530501574179,
  "w0_linear_msr": 0.003226257613295112,
  "gnorm_w0_linear": 0.16482601178847414,
  "w1_conv1_hfer0.5": 0.368760380460318,
  "w1_conv1_hfer0.6": 0.2923148465178255,
  "w1_conv1_hfer0.7": 0.21746540687940294,
  "w1_conv1_hfer0.6_hann": 0.29131910671720773,
  "w1_conv1_msr": 0.0032267318675668053,
  "gnorm_w1_conv1": 0.0996124860026702,
  "w1_layer2.0.conv1_hfer0.5": 0.3892770548407708,
  "w1_layer2.0.conv1_hfer0.6": 0.3087101375040382,
  "w1_layer2.0.conv1_hfer0.7": 0.2304810966525537,
  "w1_layer2.0.conv1_hfer0.6_hann": 0.31067657081165484,
  "w1_layer2.0.conv1_msr": 0.0032192587138212114,
  "gnorm_w1_layer2.0.conv1": 0.1295586598786919,
  "w1_layer3.0.conv1_hfer0.5": 0.42801198711979915,
  "w1_layer3.0.conv1_hfer0.6": 0.3396635951280574,
  "w1_layer3.0.conv1_hfer0.7": 0.25348179748425265,
  "w1_layer3.0.conv1_hfer0.6_hann": 0.3393479821533345,
  "w1_layer3.0.conv1_msr": 0.0032208316948471993,
  "gnorm_w1_layer3.0.conv1": 0.26320821989089505,
  "w1_linear_hfer0.5": 0.2855283746718747,
  "w1_linear_hfer0.6": 0.22176944827717454,
  "w1_linear_hfer0.7": 0.16202478857375224,
  "w1_linear_hfer0.6_hann": 0.21928924607035083,
  "w1_linear_msr": 0.0032374374287523983,
  "gnorm_w1_linear": 0.14164333581276714,
  "w2_conv1_hfer0.5": 0.41932217634394114,
  "w2_conv1_hfer0.6": 0.33276214402226845,
  "w2_conv1_hfer0.7": 0.24837714319351573,
  "w2_conv1_hfer0.6_hann": 0.3300241181674529,
  "w2_conv1_msr": 0.0032239376198518062,
  "gnorm_w2_conv1": 0.08064636487827713,
  "w2_layer2.0.conv1_hfer0.5": 0.4461640641251743,
  "w2_layer2.0.conv1_hfer0.6": 0.3538949621449837,
  "w2_layer2.0.conv1_hfer0.7": 0.26515469332757285,
  "w2_layer2.0.conv1_hfer0.6_hann": 0.3543723046487019,
  "w2_layer2.0.conv1_msr": 0.003224496727729603,
  "gnorm_w2_layer2.0.conv1": 0.105339350579281,
  "w2_layer3.0.conv1_hfer0.5": 0.4750554813323382,
  "w2_layer3.0.conv1_hfer0.6": 0.37862506353721753,
  "w2_layer3.0.conv1_hfer0.7": 0.28411735490296186,
  "w2_layer3.0.conv1_hfer0.6_hann": 0.378982610944685,
  "w2_layer3.0.conv1_msr": 0.0032219183085604904,
  "gnorm_w2_layer3.0.conv1": 0.2675779061869776,
  "w2_linear_hfer0.5": 0.3306689877040571,
  "w2_linear_hfer0.6": 0.25962794841393966,
  "w2_linear_hfer0.7": 0.1921385794253439,
  "w2_linear_hfer0.6_hann": 0.2566317993198534,
  "w2_linear_msr": 0.003234290983871015,
  "gnorm_w2_linear": 0.09203286420743313,
  "shfer_w0_all": 0.21835401881066227,
  "shfer_w0_stem": 0.24630280506192448,
  "shfer_w0_layer1": 0.23947023514079221,
  "shfer_w0_layer2": 0.2248922731566336,
  "shfer_w0_layer3": 0.2198277539534823,
  "shfer_w0_layer4": 0.18504062505754476,
  "shfer_w0_head": 0.20561876241836358,
  "shfer_w1_all": 0.29740562919781666,
  "shfer_w1_stem": 0.2866067284699986,
  "shfer_w1_layer1": 0.3045161161975472,
  "shfer_w1_layer2": 0.29979161519559216,
  "shfer_w1_layer3": 0.30956881796400376,
  "shfer_w1_layer4": 0.24487695615266858,
  "shfer_w1_head": 0.21814715772039794,
  "shfer_w2_all": 0.3519381229137753,
  "shfer_w2_stem": 0.33100534375148283,
  "shfer_w2_layer1": 0.34704543089581297,
  "shfer_w2_layer2": 0.3533311415456595,
  "shfer_w2_layer3": 0.36310616507421445,
  "shfer_w2_layer4": 0.3170713000635038,
  "shfer_w2_head": 0.2553043663014336
}