{
  "diverged": false,
  "n_steps": 10000,
  "spikes": 356,
  "train_loss_tail": 0.0015637911320663988,
  "val_loss": 2.1607925170898437,
  "val_acc": 0.5698,
  "lam_tail": 0.8588651418685913,
  "chi_tail": 0.0008588651418685921,
  "sharpness_threshold": 3979.9999999999964,
  "secs": 1257.5,
  "hfer_w1_mid": 0.3941227285452671,
  "raw_paths": "",
  "w0_conv1_hfer0.5": 0.34701150705963346,
  "w0_conv1_hfer0.6": 0.27759935798206686,
  "w0_conv1_hfer0.7": 0.20664615918176357,
  "w0_conv1_hfer0.6_hann": 0.2823131838702121,
  "w0_conv1_msr": 3.033498483433549e-05,
  "gnorm_w0_conv1": 1.0924135476166041,
  "w0_layer2.0.conv1_hfer0.5": 0.4487029553831041,
  "w0_layer2.0.conv1_hfer0.6": 0.35847264477731,
  "w0_layer2.0.conv1_hfer0.7": 0.2691222748867618,
  "w0_layer2.0.conv1_hfer0.6_hann": 0.35981202839122906,
  "w0_layer2.0.conv1_msr": 3.05288967179804e-05,
  "gnorm_w0_layer2.0.conv1": 0.6859451563862995,
  "w0_layer3.0.conv1_hfer0.5": 0.4707691195286345,
  "w0_layer3.0.conv1_hfer0.6": 0.37598635377714384,
  "w0_layer3.0.conv1_hfer0.7": 0.2821964464449051,
  "w0_layer3.0.conv1_hfer0.6_hann": 0.37629668526154375,
  "w0_layer3.0.conv1_msr": 3.054044640846703e-05,
  "gnorm_w0_layer3.0.conv1": 1.1330312867143515,
  "w0_linear_hfer0.5": 0.4426572287501681,
  "w0_linear_hfer0.6": 0.35361652957495765,
  "w0_linear_hfer0.7": 0.2665434728970893,
  "w0_linear_hfer0.6_hann": 0.3526902306359259,
  "w0_linear_msr": 3.0347659436595345e-05,
  "gnorm_w0_linear": 1.6515601928282093,
  "w1_conv1_hfer0.5": 0.4569844467257976,
  "w1_conv1_hfer0.6": 0.36592588359171613,
  "w1_conv1_hfer0.7": 0.27306722709523484,
  "w1_conv1_hfer0.6_hann": 0.37113354139672583,
  "w1_conv1_msr": 3.119095591476733e-05,
  "gnorm_w1_conv1": 0.2967469384208732,
  "w1_layer2.0.conv1_hfer0.5": 0.4879284014898226,
  "w1_layer2.0.conv1_hfer0.6": 0.39023487072517243,
  "w1_layer2.0.conv1_hfer0.7": 0.29311308681399545,
  "w1_layer2.0.conv1_hfer0.6_hann": 0.392179371282487,
  "w1_layer2.0.conv1_msr": 3.1479753463278634e-05,
  "gnorm_w1_layer2.0.conv1": 0.25340296105234933,
  "w1_layer3.0.conv1_hfer0.5": 0.49325315266280817,
  "w1_layer3.0.conv1_hfer0.6": 0.3941227285452671,
  "w1_layer3.0.conv1_hfer0.7": 0.2960586766045422,
  "w1_layer3.0.conv1_hfer0.6_hann": 0.3959181252627275,
  "w1_layer3.0.conv1_msr": 3.137047979159391e-05,
  "gnorm_w1_layer3.0.conv1": 0.5020661459278178,
  "w1_linear_hfer0.5": 0.47414343468363973,
  "w1_linear_hfer0.6": 0.37789357231854387,
  "w1_linear_hfer0.7": 0.2826307857444733,
  "w1_linear_hfer0.6_hann": 0.3845863162528803,
  "w1_linear_msr": 3.1442820328540375e-05,
  "gnorm_w1_linear": 0.3656250323328941,
  "w2_conv1_hfer0.5": 0.49946573835414987,
  "w2_conv1_hfer0.6": 0.4012137589563388,
  "w2_conv1_hfer0.7": 0.30225408569005724,
  "w2_conv1_hfer0.6_hann": 0.4052827660929727,
  "w2_conv1_msr": 3.080264579832489e-05,
  "gnorm_w2_conv1": 0.026345459573001547,
  "w2_layer2.0.conv1_hfer0.5": 0.49955764120098295,
  "w2_layer2.0.conv1_hfer0.6": 0.4014395219035599,
  "w2_layer2.0.conv1_hfer0.7": 0.30141824031158776,
  "w2_layer2.0.conv1_hfer0.6_hann": 0.40183779780023476,
  "w2_layer2.0.conv1_msr": 3.09957925415624e-05,
  "gnorm_w2_layer2.0.conv1": 0.024877556794945414,
  "w2_layer3.0.conv1_hfer0.5": 0.4997275886482133,
  "w2_layer3.0.conv1_hfer0.6": 0.4012683457491699,
  "w2_layer3.0.conv1_hfer0.7": 0.30128173753926385,
  "w2_layer3.0.conv1_hfer0.6_hann": 0.4015740143801061,
  "w2_layer3.0.conv1_msr": 3.083375712264541e-05,
  "gnorm_w2_layer3.0.conv1": 0.050148317380024315,
  "w2_linear_hfer0.5": 0.4976185599435957,
  "w2_linear_hfer0.6": 0.39908173081887716,
  "w2_linear_hfer0.7": 0.3001495570507831,
  "w2_linear_hfer0.6_hann": 0.3963001183877224,
  "w2_linear_msr": 3.1266324512610714e-05,
  "gnorm_w2_linear": 0.054095238208897466,
  "shfer_w0_all": 0.3701408791730158,
  "shfer_w0_stem": 0.2771889603853951,
  "shfer_w0_layer1": 0.3365434881063909,
  "shfer_w0_layer2": 0.36670606379813375,
  "shfer_w0_layer3": 0.37888974126391894,
  "shfer_w0_layer4": 0.38482152352049703,
  "shfer_w0_head": 0.3541494208112609,
  "shfer_w1_all": 0.39592634403688853,
  "shfer_w1_stem": 0.36041689213354067,
  "shfer_w1_layer1": 0.3817170795918846,
  "shfer_w1_layer2": 0.392532710240992,
  "shfer_w1_layer3": 0.396508797525902,
  "shfer_w1_layer4": 0.39624578283460604,
  "shfer_w1_head": 0.3782274276372094,
  "shfer_w2_all": 0.4021232896865957,
  "shfer_w2_stem": 0.4005749536044497,
  "shfer_w2_layer1": 0.40058576461528883,
  "shfer_w2_layer2": 0.4011331712806267,
  "shfer_w2_layer3": 0.3983190545765408,
  "shfer_w2_layer4": 0.4018610340841772,
  "shfer_w2_head": 0.4006792231512517
}