{
  "diverged": false,
  "n_steps": 10000,
  "spikes": 1415,
  "train_loss_tail": 0.005799424573138822,
  "val_loss": 1.0445128051757813,
  "val_acc": 0.833,
  "lam_tail": 12.55826187133789,
  "chi_tail": 0.25116523742675806,
  "sharpness_threshold": 194.9999999999998,
  "secs": 806.1,
  "hfer_w1_mid": 0.3956559382287256,
  "raw_paths": "",
  "w0_conv1_hfer0.5": 0.48341406752090704,
  "w0_conv1_hfer0.6": 0.3867065869925575,
  "w0_conv1_hfer0.7": 0.29040211229545493,
  "w0_conv1_hfer0.6_hann": 0.3874450947474599,
  "w0_conv1_msr": 0.3067818702145628,
  "gnorm_w0_conv1": 0.15957062124632676,
  "w0_layer2.0.conv1_hfer0.5": 0.49292618181955683,
  "w0_layer2.0.conv1_hfer0.6": 0.3938499946037403,
  "w0_layer2.0.conv1_hfer0.7": 0.29549492355232926,
  "w0_layer2.0.conv1_hfer0.6_hann": 0.3940702656553116,
  "w0_layer2.0.conv1_msr": 0.30719779502342603,
  "gnorm_w0_layer2.0.conv1": 0.17270230411472828,
  "w0_layer3.0.conv1_hfer0.5": 0.4956770333498163,
  "w0_layer3.0.conv1_hfer0.6": 0.3956559382287256,
  "w0_layer3.0.conv1_hfer0.7": 0.2970532650784345,
  "w0_layer3.0.conv1_hfer0.6_hann": 0.39615758680979857,
  "w0_layer3.0.conv1_msr": 0.3067273777003665,
  "gnorm_w0_layer3.0.conv1": 0.30688463451890863,
  "w0_linear_hfer0.5": 0.4499628776882697,
  "w0_linear_hfer0.6": 0.35887965292897794,
  "w0_linear_hfer0.7": 0.2658476685853215,
  "w0_linear_hfer0.6_hann": 0.3527617115188538,
  "w0_linear_msr": 0.3087670474099215,
  "gnorm_w0_linear": 0.16485198332778264
}