{
  "diverged": false,
  "n_steps": 10000,
  "spikes": 278,
  "train_loss_tail": 0.03418572117434814,
  "val_loss": 1.2484368774414063,
  "val_acc": 0.7759,
  "lam_tail": 1.839125156402588,
  "chi_tail": 2.9426002502441406,
  "sharpness_threshold": 1.25,
  "secs": 823.2,
  "hfer_w1_mid": 0.427918123615228,
  "raw_paths": "",
  "w0_conv1_hfer0.5": 0.7175923911626999,
  "w0_conv1_hfer0.6": 0.6098888206275073,
  "w0_conv1_hfer0.7": 0.4713094861389491,
  "w0_conv1_hfer0.6_hann": 0.6116419988740499,
  "w0_conv1_msr": 1.0,
  "gnorm_w0_conv1": 0.15293000371769103,
  "w0_layer2.0.conv1_hfer0.5": 0.5614068134081635,
  "w0_layer2.0.conv1_hfer0.6": 0.45455230087833837,
  "w0_layer2.0.conv1_hfer0.7": 0.3435214944629776,
  "w0_layer2.0.conv1_hfer0.6_hann": 0.4561748177788677,
  "w0_layer2.0.conv1_msr": 1.0,
  "gnorm_w0_layer2.0.conv1": 0.09262343040414253,
  "w0_layer3.0.conv1_hfer0.5": 0.5320374650075762,
  "w0_layer3.0.conv1_hfer0.6": 0.427918123615228,
  "w0_layer3.0.conv1_hfer0.7": 0.32235951959924564,
  "w0_layer3.0.conv1_hfer0.6_hann": 0.42703195210844885,
  "w0_layer3.0.conv1_msr": 1.0,
  "gnorm_w0_layer3.0.conv1": 0.20402195942606782,
  "w0_linear_hfer0.5": 0.692841065862096,
  "w0_linear_hfer0.6": 0.57819660524151,
  "w0_linear_hfer0.7": 0.4480345619564667,
  "w0_linear_hfer0.6_hann": 0.5722986208212065,
  "w0_linear_msr": 1.0,
  "gnorm_w0_linear": 0.13810381091674742
}