{
  "diverged": false,
  "n_steps": 10000,
  "spikes": 737,
  "train_loss_tail": 0.019863005697377957,
  "val_loss": 1.1121622680664063,
  "val_acc": 0.8189,
  "lam_tail": 0.7451028823852539,
  "chi_tail": 0.04768658447265629,
  "sharpness_threshold": 62.18749999999994,
  "secs": 825.5,
  "hfer_w1_mid": 0.3909687305137871,
  "raw_paths": "",
  "w0_conv1_hfer0.5": 0.4599243462600506,
  "w0_conv1_hfer0.6": 0.36302957777559514,
  "w0_conv1_hfer0.7": 0.2686146568861284,
  "w0_conv1_hfer0.6_hann": 0.36800901953605636,
  "w0_conv1_msr": 0.30199275320091873,
  "gnorm_w0_conv1": 0.06700942909569478,
  "w0_layer2.0.conv1_hfer0.5": 0.4810917489028676,
  "w0_layer2.0.conv1_hfer0.6": 0.3842794473831109,
  "w0_layer2.0.conv1_hfer0.7": 0.2886777103985879,
  "w0_layer2.0.conv1_hfer0.6_hann": 0.38377297812189354,
  "w0_layer2.0.conv1_msr": 0.30468641629218385,
  "gnorm_w0_layer2.0.conv1": 0.05751530613880971,
  "w0_layer3.0.conv1_hfer0.5": 0.4889965016566584,
  "w0_layer3.0.conv1_hfer0.6": 0.3909687305137871,
  "w0_layer3.0.conv1_hfer0.7": 0.29394337191040815,
  "w0_layer3.0.conv1_hfer0.6_hann": 0.39187413548110867,
  "w0_layer3.0.conv1_msr": 0.3043784854117796,
  "gnorm_w0_layer3.0.conv1": 0.11495341847072268,
  "w0_linear_hfer0.5": 0.40379103638560887,
  "w0_linear_hfer0.6": 0.32395598900305084,
  "w0_linear_hfer0.7": 0.2415025840220269,
  "w0_linear_hfer0.6_hann": 0.33455918197138035,
  "w0_linear_msr": 0.3057756062583101,
  "gnorm_w0_linear": 0.07654632006192295
}