{
  "diverged": false,
  "n_steps": 10000,
  "spikes": 940,
  "train_loss_tail": 0.00013805257184139918,
  "val_loss": 0.7949067321777343,
  "val_acc": 0.8266,
  "lam_tail": 0.6591202020645142,
  "chi_tail": 0.0032956010103225705,
  "sharpness_threshold": 760.0000000000001,
  "secs": 1247.1,
  "hfer_w1_mid": 0.39836448725619084,
  "raw_paths": "",
  "w0_conv1_hfer0.5": 0.45942383225655387,
  "w0_conv1_hfer0.6": 0.3668307008422034,
  "w0_conv1_hfer0.7": 0.27204175716639045,
  "w0_conv1_hfer0.6_hann": 0.3742909700896997,
  "w0_conv1_msr": 0.003216462437200695,
  "gnorm_w0_conv1": 0.7266591681522313,
  "w0_layer2.0.conv1_hfer0.5": 0.48619300740529237,
  "w0_layer2.0.conv1_hfer0.6": 0.3889342913102053,
  "w0_layer2.0.conv1_hfer0.7": 0.29174841392866513,
  "w0_layer2.0.conv1_hfer0.6_hann": 0.3899787781703494,
  "w0_layer2.0.conv1_msr": 0.0032163224929150492,
  "gnorm_w0_layer2.0.conv1": 0.7901075277127322,
  "w0_layer3.0.conv1_hfer0.5": 0.4905381917078145,
  "w0_layer3.0.conv1_hfer0.6": 0.39193240810357866,
  "w0_layer3.0.conv1_hfer0.7": 0.2942877395424619,
  "w0_layer3.0.conv1_hfer0.6_hann": 0.39273431881739657,
  "w0_layer3.0.conv1_msr": 0.0032144404979270497,
  "gnorm_w0_layer3.0.conv1": 1.2700297030823706,
  "w0_linear_hfer0.5": 0.4119699284168696,
  "w0_linear_hfer0.6": 0.3276861582459808,
  "w0_linear_hfer0.7": 0.24663436327463906,
  "w0_linear_hfer0.6_hann": 0.3342444294944244,
  "w0_linear_msr": 0.0032219771606380398,
  "gnorm_w0_linear": 0.6830619155772202,
  "w1_conv1_hfer0.5": 0.4956976713396602,
  "w1_conv1_hfer0.6": 0.39791179684291184,
  "w1_conv1_hfer0.7": 0.30076295076994597,
  "w1_conv1_hfer0.6_hann": 0.3940541574753321,
  "w1_conv1_msr": 0.0032240455310970123,
  "gnorm_w1_conv1": 0.2040022372641858,
  "w1_layer2.0.conv1_hfer0.5": 0.4969547773467437,
  "w1_layer2.0.conv1_hfer0.6": 0.3973809116240074,
  "w1_layer2.0.conv1_hfer0.7": 0.2982136598893781,
  "w1_layer2.0.conv1_hfer0.6_hann": 0.3982873973691293,
  "w1_layer2.0.conv1_msr": 0.003225708838641519,
  "gnorm_w1_layer2.0.conv1": 0.24323264829411634,
  "w1_layer3.0.conv1_hfer0.5": 0.49835035989055304,
  "w1_layer3.0.conv1_hfer0.6": 0.39836448725619084,
  "w1_layer3.0.conv1_hfer0.7": 0.2991818496873445,
  "w1_layer3.0.conv1_hfer0.6_hann": 0.39932432106966437,
  "w1_layer3.0.conv1_msr": 0.0032264161911161114,
  "gnorm_w1_layer3.0.conv1": 0.4295556017192671,
  "w1_linear_hfer0.5": 0.47563524143158326,
  "w1_linear_hfer0.6": 0.38352388382697206,
  "w1_linear_hfer0.7": 0.287896545125455,
  "w1_linear_hfer0.6_hann": 0.3936159029878168,
  "w1_linear_msr": 0.0032308653512536393,
  "gnorm_w1_linear": 0.12262343597798435,
  "w2_conv1_hfer0.5": 0.5067459953581812,
  "w2_conv1_hfer0.6": 0.40342376335807223,
  "w2_conv1_hfer0.7": 0.3034656441951742,
  "w2_conv1_hfer0.6_hann": 0.40537648251610925,
  "w2_conv1_msr": 0.0032106256672528237,
  "gnorm_w2_conv1": 0.005408510986645058,
  "w2_layer2.0.conv1_hfer0.5": 0.5009512868471175,
  "w2_layer2.0.conv1_hfer0.6": 0.39992455285785283,
  "w2_layer2.0.conv1_hfer0.7": 0.3000183297273949,
  "w2_layer2.0.conv1_hfer0.6_hann": 0.399835726422304,
  "w2_layer2.0.conv1_msr": 0.003212650308782598,
  "gnorm_w2_layer2.0.conv1": 0.006286489778353443,
  "w2_layer3.0.conv1_hfer0.5": 0.5010857613287046,
  "w2_layer3.0.conv1_hfer0.6": 0.400536483350739,
  "w2_layer3.0.conv1_hfer0.7": 0.30085972793673743,
  "w2_layer3.0.conv1_hfer0.6_hann": 0.4003615127004503,
  "w2_layer3.0.conv1_msr": 0.003211938684704998,
  "gnorm_w2_layer3.0.conv1": 0.011159733591487156,
  "w2_linear_hfer0.5": 0.504454520383375,
  "w2_linear_hfer0.6": 0.4059860876048536,
  "w2_linear_hfer0.7": 0.305255178852006,
  "w2_linear_hfer0.6_hann": 0.4064405718380697,
  "w2_linear_msr": 0.0032064674673221434,
  "gnorm_w2_linear": 0.0034044164432627533,
  "shfer_w0_all": 0.3887367571073522,
  "shfer_w0_stem": 0.3675930537731709,
  "shfer_w0_layer1": 0.3843475369707662,
  "shfer_w0_layer2": 0.39208911705447436,
  "shfer_w0_layer3": 0.3946271603402074,
  "shfer_w0_layer4": 0.3872872265302601,
  "shfer_w0_head": 0.32744283089335063,
  "shfer_w1_all": 0.3980165671246279,
  "shfer_w1_stem": 0.396529106434621,
  "shfer_w1_layer1": 0.39780583150091275,
  "shfer_w1_layer2": 0.39833335400550246,
  "shfer_w1_layer3": 0.40097886011893497,
  "shfer_w1_layer4": 0.3971503969645181,
  "shfer_w1_head": 0.38093648986267115,
  "shfer_w2_all": 0.3996585663620337,
  "shfer_w2_stem": 0.402815897859518,
  "shfer_w2_layer1": 0.3986755742067301,
  "shfer_w2_layer2": 0.39834085884336673,
  "shfer_w2_layer3": 0.39930906298806745,
  "shfer_w2_layer4": 0.40389511945603823,
  "shfer_w2_head": 0.4059724423266278
}