{
  "diverged": false,
  "n_steps": 10000,
  "spikes": 433,
  "train_loss_tail": 0.0017401086373720319,
  "val_loss": 2.1898872192382814,
  "val_acc": 0.5617,
  "lam_tail": 0.17840352654457092,
  "chi_tail": 0.035680705308914186,
  "sharpness_threshold": 10.0,
  "secs": 1279.3,
  "hfer_w1_mid": 0.40340566179130316,
  "raw_paths": "",
  "w0_conv1_hfer0.5": 0.6175843285964598,
  "w0_conv1_hfer0.6": 0.5010834395412579,
  "w0_conv1_hfer0.7": 0.3851909188437362,
  "w0_conv1_hfer0.6_hann": 0.49616606464608687,
  "w0_conv1_msr": 1.0,
  "gnorm_w0_conv1": 0.49071248557289243,
  "w0_layer2.0.conv1_hfer0.5": 0.5510435256059343,
  "w0_layer2.0.conv1_hfer0.6": 0.44346437489447704,
  "w0_layer2.0.conv1_hfer0.7": 0.33527176196623104,
  "w0_layer2.0.conv1_hfer0.6_hann": 0.43887523471055034,
  "w0_layer2.0.conv1_msr": 1.0,
  "gnorm_w0_layer2.0.conv1": 0.45374377508017755,
  "w0_layer3.0.conv1_hfer0.5": 0.5260627513786507,
  "w0_layer3.0.conv1_hfer0.6": 0.4213557556957302,
  "w0_layer3.0.conv1_hfer0.7": 0.3171712302907961,
  "w0_layer3.0.conv1_hfer0.6_hann": 0.41932861439540536,
  "w0_layer3.0.conv1_msr": 1.0,
  "gnorm_w0_layer3.0.conv1": 0.8384117168430477,
  "w0_linear_hfer0.5": 0.601596690150465,
  "w0_linear_hfer0.6": 0.48702859342688276,
  "w0_linear_hfer0.7": 0.3690776648495127,
  "w0_linear_hfer0.6_hann": 0.48359885524206975,
  "w0_linear_msr": 1.0,
  "gnorm_w0_linear": 1.0987957626296614,
  "w1_conv1_hfer0.5": 0.5169221880057108,
  "w1_conv1_hfer0.6": 0.4128402895466619,
  "w1_conv1_hfer0.7": 0.3123551587396034,
  "w1_conv1_hfer0.6_hann": 0.41908202117947274,
  "w1_conv1_msr": 1.0,
  "gnorm_w1_conv1": 0.08639145341800393,
  "w1_layer2.0.conv1_hfer0.5": 0.5073764599724033,
  "w1_layer2.0.conv1_hfer0.6": 0.4059088373677925,
  "w1_layer2.0.conv1_hfer0.7": 0.305084399330758,
  "w1_layer2.0.conv1_hfer0.6_hann": 0.40598987452624546,
  "w1_layer2.0.conv1_msr": 1.0,
  "gnorm_w1_layer2.0.conv1": 0.08755356566715042,
  "w1_layer3.0.conv1_hfer0.5": 0.5044405777526862,
  "w1_layer3.0.conv1_hfer0.6": 0.40340566179130316,
  "w1_layer3.0.conv1_hfer0.7": 0.3031494644934901,
  "w1_layer3.0.conv1_hfer0.6_hann": 0.40332718911581533,
  "w1_layer3.0.conv1_msr": 1.0,
  "gnorm_w1_layer3.0.conv1": 0.1831196043462005,
  "w1_linear_hfer0.5": 0.5201717057576846,
  "w1_linear_hfer0.6": 0.4178344832357243,
  "w1_linear_hfer0.7": 0.31566626369862877,
  "w1_linear_hfer0.6_hann": 0.41165215993080306,
  "w1_linear_msr": 1.0,
  "gnorm_w1_linear": 0.14448654938422714,
  "w2_conv1_hfer0.5": 0.5033592393754049,
  "w2_conv1_hfer0.6": 0.4076185539490565,
  "w2_conv1_hfer0.7": 0.30280423699696724,
  "w2_conv1_hfer0.6_hann": 0.40229931765601856,
  "w2_conv1_msr": 1.0,
  "gnorm_w2_conv1": 0.011296748393932247,
  "w2_layer2.0.conv1_hfer0.5": 0.5020538003651491,
  "w2_layer2.0.conv1_hfer0.6": 0.4027205225218689,
  "w2_layer2.0.conv1_hfer0.7": 0.30134739915443387,
  "w2_layer2.0.conv1_hfer0.6_hann": 0.4018233383836341,
  "w2_layer2.0.conv1_msr": 1.0,
  "gnorm_w2_layer2.0.conv1": 0.012062382377400574,
  "w2_layer3.0.conv1_hfer0.5": 0.5020125148602773,
  "w2_layer3.0.conv1_hfer0.6": 0.402627862332893,
  "w2_layer3.0.conv1_hfer0.7": 0.30167599550814833,
  "w2_layer3.0.conv1_hfer0.6_hann": 0.4013053895982899,
  "w2_layer3.0.conv1_msr": 1.0,
  "gnorm_w2_layer3.0.conv1": 0.024611156479205577,
  "w2_linear_hfer0.5": 0.5029742354943854,
  "w2_linear_hfer0.6": 0.40192361586705166,
  "w2_linear_hfer0.7": 0.301580716697033,
  "w2_linear_hfer0.6_hann": 0.39885638008701474,
  "w2_linear_msr": 1.0,
  "gnorm_w2_linear": 0.03596692816768137,
  "shfer_w0_all": 0.42707774896836526,
  "shfer_w0_stem": 0.5017321764909857,
  "shfer_w0_layer1": 0.45692625837007805,
  "shfer_w0_layer2": 0.4310362922048185,
  "shfer_w0_layer3": 0.41682645087411796,
  "shfer_w0_layer4": 0.41748244778980864,
  "shfer_w0_head": 0.48498143473433253,
  "shfer_w1_all": 0.404096591603839,
  "shfer_w1_stem": 0.41393737221831917,
  "shfer_w1_layer1": 0.4056564760381516,
  "shfer_w1_layer2": 0.4045869588705203,
  "shfer_w1_layer3": 0.4006275061036078,
  "shfer_w1_layer4": 0.4042257616791056,
  "shfer_w1_head": 0.4158957396862599,
  "shfer_w2_all": 0.4034530880934916,
  "shfer_w2_stem": 0.4072491089340354,
  "shfer_w2_layer1": 0.404234815959107,
  "shfer_w2_layer2": 0.40226067567454615,
  "shfer_w2_layer3": 0.40322559522134127,
  "shfer_w2_layer4": 0.4027933377859224,
  "shfer_w2_head": 0.40158468775430955
}