{
  "diverged": false,
  "n_steps": 10000,
  "spikes": 544,
  "train_loss_tail": 0.0014550869458471425,
  "val_loss": 2.6187705810546875,
  "val_acc": 0.5434,
  "lam_tail": 0.252580851316452,
  "chi_tail": 0.10103234052658082,
  "sharpness_threshold": 5.0,
  "secs": 1266.6,
  "hfer_w1_mid": 0.4046466635583409,
  "raw_paths": "",
  "w0_conv1_hfer0.5": 0.6614855654894124,
  "w0_conv1_hfer0.6": 0.5463204884058572,
  "w0_conv1_hfer0.7": 0.4192150410747791,
  "w0_conv1_hfer0.6_hann": 0.537628512823237,
  "w0_conv1_msr": 1.0,
  "gnorm_w0_conv1": 0.4189142796662936,
  "w0_layer2.0.conv1_hfer0.5": 0.5563561277085305,
  "w0_layer2.0.conv1_hfer0.6": 0.4472950485932235,
  "w0_layer2.0.conv1_hfer0.7": 0.337143676094477,
  "w0_layer2.0.conv1_hfer0.6_hann": 0.44444199742727925,
  "w0_layer2.0.conv1_msr": 1.0,
  "gnorm_w0_layer2.0.conv1": 0.27270515765107817,
  "w0_layer3.0.conv1_hfer0.5": 0.5324381134941656,
  "w0_layer3.0.conv1_hfer0.6": 0.42676644833967364,
  "w0_layer3.0.conv1_hfer0.7": 0.3214853981622432,
  "w0_layer3.0.conv1_hfer0.6_hann": 0.4247088663570221,
  "w0_layer3.0.conv1_msr": 1.0,
  "gnorm_w0_layer3.0.conv1": 0.5328016410255122,
  "w0_linear_hfer0.5": 0.5889657671455827,
  "w0_linear_hfer0.6": 0.47553647224943424,
  "w0_linear_hfer0.7": 0.3606184576298291,
  "w0_linear_hfer0.6_hann": 0.47153229323980533,
  "w0_linear_msr": 1.0,
  "gnorm_w0_linear": 0.8579349254377349,
  "w1_conv1_hfer0.5": 0.537602982007878,
  "w1_conv1_hfer0.6": 0.43301050809965574,
  "w1_conv1_hfer0.7": 0.3252898497757814,
  "w1_conv1_hfer0.6_hann": 0.4234718060202286,
  "w1_conv1_msr": 1.0,
  "gnorm_w1_conv1": 0.12822387787119732,
  "w1_layer2.0.conv1_hfer0.5": 0.5129631450415569,
  "w1_layer2.0.conv1_hfer0.6": 0.40985195881569975,
  "w1_layer2.0.conv1_hfer0.7": 0.308893828717768,
  "w1_layer2.0.conv1_hfer0.6_hann": 0.4078579079941949,
  "w1_layer2.0.conv1_msr": 1.0,
  "gnorm_w1_layer2.0.conv1": 0.10383982960438537,
  "w1_layer3.0.conv1_hfer0.5": 0.505926323239245,
  "w1_layer3.0.conv1_hfer0.6": 0.4046466635583409,
  "w1_layer3.0.conv1_hfer0.7": 0.3041291125524459,
  "w1_layer3.0.conv1_hfer0.6_hann": 0.4038229063943993,
  "w1_layer3.0.conv1_msr": 1.0,
  "gnorm_w1_layer3.0.conv1": 0.2247166913097858,
  "w1_linear_hfer0.5": 0.5264936743740029,
  "w1_linear_hfer0.6": 0.42305610173417507,
  "w1_linear_hfer0.7": 0.3191297455560187,
  "w1_linear_hfer0.6_hann": 0.4160162699327774,
  "w1_linear_msr": 1.0,
  "gnorm_w1_linear": 0.22831688829985342,
  "w2_conv1_hfer0.5": 0.502903824106997,
  "w2_conv1_hfer0.6": 0.40470215416034383,
  "w2_conv1_hfer0.7": 0.3041886733768971,
  "w2_conv1_hfer0.6_hann": 0.4001249865079276,
  "w2_conv1_msr": 1.0,
  "gnorm_w2_conv1": 0.011491434002332617,
  "w2_layer2.0.conv1_hfer0.5": 0.5011945119942854,
  "w2_layer2.0.conv1_hfer0.6": 0.4020890332360048,
  "w2_layer2.0.conv1_hfer0.7": 0.301800571116956,
  "w2_layer2.0.conv1_hfer0.6_hann": 0.40089911010982354,
  "w2_layer2.0.conv1_msr": 1.0,
  "gnorm_w2_layer2.0.conv1": 0.009454093817788844,
  "w2_layer3.0.conv1_hfer0.5": 0.5012885216480877,
  "w2_layer3.0.conv1_hfer0.6": 0.4014396517620942,
  "w2_layer3.0.conv1_hfer0.7": 0.3026561412479903,
  "w2_layer3.0.conv1_hfer0.6_hann": 0.40113695751168277,
  "w2_layer3.0.conv1_msr": 1.0,
  "gnorm_w2_layer3.0.conv1": 0.018825150594062236,
  "w2_linear_hfer0.5": 0.5071206475833249,
  "w2_linear_hfer0.6": 0.40519046979049433,
  "w2_linear_hfer0.7": 0.30487896181295965,
  "w2_linear_hfer0.6_hann": 0.4008005882707498,
  "w2_linear_msr": 1.0,
  "gnorm_w2_linear": 0.02935118834949446,
  "shfer_w0_all": 0.42971624407513,
  "shfer_w0_stem": 0.5364648564725583,
  "shfer_w0_layer1": 0.46548802181442683,
  "shfer_w0_layer2": 0.4382411502097146,
  "shfer_w0_layer3": 0.4200729022453908,
  "shfer_w0_layer4": 0.41727763159421766,
  "shfer_w0_head": 0.4747218199981326,
  "shfer_w1_all": 0.4047581629021409,
  "shfer_w1_stem": 0.4325482944276552,
  "shfer_w1_layer1": 0.4128617956820504,
  "shfer_w1_layer2": 0.408867896681385,
  "shfer_w1_layer3": 0.4004361862825213,
  "shfer_w1_layer4": 0.40284745429817265,
  "shfer_w1_head": 0.42356915182155325,
  "shfer_w2_all": 0.40421535562438576,
  "shfer_w2_stem": 0.4056129031345297,
  "shfer_w2_layer1": 0.4011698758785564,
  "shfer_w2_layer2": 0.40190836176733175,
  "shfer_w2_layer3": 0.40247954910835504,
  "shfer_w2_layer4": 0.4022895070279524,
  "shfer_w2_head": 0.406445594572102
}