{
  "diverged": false,
  "n_steps": 10000,
  "spikes": 1234,
  "train_loss_tail": 0.011495370522490703,
  "val_loss": 1.042748712158203,
  "val_acc": 0.835,
  "lam_tail": 5.345020771026611,
  "chi_tail": 0.21380083084106463,
  "sharpness_threshold": 97.4999999999999,
  "secs": 1206.4,
  "hfer_w1_mid": 0.3954800780710946,
  "raw_paths": "",
  "w0_conv1_hfer0.5": 0.44658416537649914,
  "w0_conv1_hfer0.6": 0.3562626944096584,
  "w0_conv1_hfer0.7": 0.2698193843869916,
  "w0_conv1_hfer0.6_hann": 0.351068390493199,
  "w0_conv1_msr": 0.0007641295965388491,
  "gnorm_w0_conv1": 0.20297448135702395,
  "w0_layer2.0.conv1_hfer0.5": 0.46953647894645045,
  "w0_layer2.0.conv1_hfer0.6": 0.3747964893009015,
  "w0_layer2.0.conv1_hfer0.7": 0.28127746984244995,
  "w0_layer2.0.conv1_hfer0.6_hann": 0.37611396251747903,
  "w0_layer2.0.conv1_msr": 0.0007663926316444466,
  "gnorm_w0_layer2.0.conv1": 0.18395656006038819,
  "w0_layer3.0.conv1_hfer0.5": 0.47542847478915046,
  "w0_layer3.0.conv1_hfer0.6": 0.3800529968675393,
  "w0_layer3.0.conv1_hfer0.7": 0.28546338126895915,
  "w0_layer3.0.conv1_hfer0.6_hann": 0.3799957465648115,
  "w0_layer3.0.conv1_msr": 0.0007667529428505199,
  "gnorm_w0_layer3.0.conv1": 0.31746178245186907,
  "w0_linear_hfer0.5": 0.36198516534428027,
  "w0_linear_hfer0.6": 0.2893324157658213,
  "w0_linear_hfer0.7": 0.22006307933262056,
  "w0_linear_hfer0.6_hann": 0.2911147799355332,
  "w0_linear_msr": 0.000768702671315093,
  "gnorm_w0_linear": 0.27868509353209525,
  "w1_conv1_hfer0.5": 0.4784999846355752,
  "w1_conv1_hfer0.6": 0.3802337191917763,
  "w1_conv1_hfer0.7": 0.28438713538538046,
  "w1_conv1_hfer0.6_hann": 0.38180718324198837,
  "w1_conv1_msr": 0.0007640347893765885,
  "gnorm_w1_conv1": 0.12428868593305811,
  "w1_layer2.0.conv1_hfer0.5": 0.49195926508172755,
  "w1_layer2.0.conv1_hfer0.6": 0.3929181691379729,
  "w1_layer2.0.conv1_hfer0.7": 0.2951917905769987,
  "w1_layer2.0.conv1_hfer0.6_hann": 0.3943353048599558,
  "w1_layer2.0.conv1_msr": 0.0007656184122166463,
  "gnorm_w1_layer2.0.conv1": 0.13369200172992415,
  "w1_layer3.0.conv1_hfer0.5": 0.49467649160987553,
  "w1_layer3.0.conv1_hfer0.6": 0.3954800780710946,
  "w1_layer3.0.conv1_hfer0.7": 0.29683832609505795,
  "w1_layer3.0.conv1_hfer0.6_hann": 0.3962924365847348,
  "w1_layer3.0.conv1_msr": 0.0007654376533662944,
  "gnorm_w1_layer3.0.conv1": 0.2720165980389475,
  "w1_linear_hfer0.5": 0.44435978685187394,
  "w1_linear_hfer0.6": 0.3531471474113991,
  "w1_linear_hfer0.7": 0.265408334654938,
  "w1_linear_hfer0.6_hann": 0.35429086641948043,
  "w1_linear_msr": 0.0007658686026142321,
  "gnorm_w1_linear": 0.14022637118060327,
  "w2_conv1_hfer0.5": 0.48879604654141123,
  "w2_conv1_hfer0.6": 0.38945267555446494,
  "w2_conv1_hfer0.7": 0.29214773056426613,
  "w2_conv1_hfer0.6_hann": 0.3918655298964655,
  "w2_conv1_msr": 0.0007739868262308925,
  "gnorm_w2_conv1": 0.08114289674998985,
  "w2_layer2.0.conv1_hfer0.5": 0.4978208189996317,
  "w2_layer2.0.conv1_hfer0.6": 0.39815829171682054,
  "w2_layer2.0.conv1_hfer0.7": 0.2990221420591405,
  "w2_layer2.0.conv1_hfer0.6_hann": 0.3985016020555467,
  "w2_layer2.0.conv1_msr": 0.0007696293340542177,
  "gnorm_w2_layer2.0.conv1": 0.08992510311667305,
  "w2_layer3.0.conv1_hfer0.5": 0.4986250617410975,
  "w2_layer3.0.conv1_hfer0.6": 0.3986127932149519,
  "w2_layer3.0.conv1_hfer0.7": 0.29942413977100557,
  "w2_layer3.0.conv1_hfer0.6_hann": 0.3986706046386365,
  "w2_layer3.0.conv1_msr": 0.0007694728098470646,
  "gnorm_w2_layer3.0.conv1": 0.18462531711641117,
  "w2_linear_hfer0.5": 0.46359595120743746,
  "w2_linear_hfer0.6": 0.3673476806451634,
  "w2_linear_hfer0.7": 0.2762253817198326,
  "w2_linear_hfer0.6_hann": 0.3712488612820652,
  "w2_linear_msr": 0.000765002615102496,
  "gnorm_w2_linear": 0.07945786458716657,
  "shfer_w0_all": 0.3674473480083357,
  "shfer_w0_stem": 0.35846893534967156,
  "shfer_w0_layer1": 0.36778995808328074,
  "shfer_w0_layer2": 0.37379356063475133,
  "shfer_w0_layer3": 0.3777152449231774,
  "shfer_w0_layer4": 0.3676481794891564,
  "shfer_w0_head": 0.28935329892763306,
  "shfer_w1_all": 0.39341311768211107,
  "shfer_w1_stem": 0.3801917709175467,
  "shfer_w1_layer1": 0.3912661572210092,
  "shfer_w1_layer2": 0.3920579576652568,
  "shfer_w1_layer3": 0.39494694009293874,
  "shfer_w1_layer4": 0.3928970399184544,
  "shfer_w1_head": 0.3522015460411659,
  "shfer_w2_all": 0.39752107729947594,
  "shfer_w2_stem": 0.38892176017328667,
  "shfer_w2_layer1": 0.39470237493770477,
  "shfer_w2_layer2": 0.3967242835337328,
  "shfer_w2_layer3": 0.3974881776395304,
  "shfer_w2_layer4": 0.3971563868270573,
  "shfer_w2_head": 0.36528717664237453
}