{
  "diverged": false,
  "n_steps": 10000,
  "spikes": 1402,
  "train_loss_tail": 0.0019844254068957525,
  "val_loss": 0.9895661499023437,
  "val_acc": 0.8414,
  "lam_tail": 9.153924942016602,
  "chi_tail": 0.1830784988403322,
  "sharpness_threshold": 194.9999999999998,
  "secs": 806.1,
  "hfer_w1_mid": 0.39588076218147206,
  "raw_paths": "",
  "w0_conv1_hfer0.5": 0.4826616320990597,
  "w0_conv1_hfer0.6": 0.3854238824872453,
  "w0_conv1_hfer0.7": 0.2908329114246111,
  "w0_conv1_hfer0.6_hann": 0.3883967488635969,
  "w0_conv1_msr": 0.3051377386750956,
  "gnorm_w0_conv1": 0.16417292021407365,
  "w0_layer2.0.conv1_hfer0.5": 0.49383295460713605,
  "w0_layer2.0.conv1_hfer0.6": 0.3949822124618715,
  "w0_layer2.0.conv1_hfer0.7": 0.2964455765422098,
  "w0_layer2.0.conv1_hfer0.6_hann": 0.39529543558510655,
  "w0_layer2.0.conv1_msr": 0.306424345469005,
  "gnorm_w0_layer2.0.conv1": 0.17469696620619704,
  "w0_layer3.0.conv1_hfer0.5": 0.49536660931497095,
  "w0_layer3.0.conv1_hfer0.6": 0.39588076218147206,
  "w0_layer3.0.conv1_hfer0.7": 0.2973799293183898,
  "w0_layer3.0.conv1_hfer0.6_hann": 0.39661519216622937,
  "w0_layer3.0.conv1_msr": 0.30651032776118065,
  "gnorm_w0_layer3.0.conv1": 0.32903251497995556,
  "w0_linear_hfer0.5": 0.4390403244575734,
  "w0_linear_hfer0.6": 0.3495703921341838,
  "w0_linear_hfer0.7": 0.2632035736299935,
  "w0_linear_hfer0.6_hann": 0.34898327440759935,
  "w0_linear_msr": 0.30501824533628746,
  "gnorm_w0_linear": 0.17757967483742582
}