{
  "diverged": false,
  "n_steps": 10000,
  "spikes": 886,
  "train_loss_tail": 0.00014560489811265144,
  "val_loss": 0.8120695495605469,
  "val_acc": 0.8262,
  "lam_tail": 0.42755597829818726,
  "chi_tail": 0.021377798914909363,
  "sharpness_threshold": 40.0,
  "secs": 824.5,
  "hfer_w1_mid": 0.4031908292745223,
  "raw_paths": "",
  "w0_conv1_hfer0.5": 0.512634000124091,
  "w0_conv1_hfer0.6": 0.41132481080759964,
  "w0_conv1_hfer0.7": 0.30883839180006295,
  "w0_conv1_hfer0.6_hann": 0.4141924154617095,
  "w0_conv1_msr": 1.0,
  "gnorm_w0_conv1": 0.16889681878327997,
  "w0_layer2.0.conv1_hfer0.5": 0.5042891110521781,
  "w0_layer2.0.conv1_hfer0.6": 0.4037078950066924,
  "w0_layer2.0.conv1_hfer0.7": 0.3030555714073012,
  "w0_layer2.0.conv1_hfer0.6_hann": 0.40443455248731197,
  "w0_layer2.0.conv1_msr": 1.0,
  "gnorm_w0_layer2.0.conv1": 0.20076890100584963,
  "w0_layer3.0.conv1_hfer0.5": 0.5041006400570753,
  "w0_layer3.0.conv1_hfer0.6": 0.4031908292745223,
  "w0_layer3.0.conv1_hfer0.7": 0.30289744233639815,
  "w0_layer3.0.conv1_hfer0.6_hann": 0.40308582176770646,
  "w0_layer3.0.conv1_msr": 1.0,
  "gnorm_w0_layer3.0.conv1": 0.35937949813669806,
  "w0_linear_hfer0.5": 0.5372261991618258,
  "w0_linear_hfer0.6": 0.43258590528712176,
  "w0_linear_hfer0.7": 0.33141101816406043,
  "w0_linear_hfer0.6_hann": 0.44171088166113365,
  "w0_linear_msr": 1.0,
  "gnorm_w0_linear": 0.09875572853351654
}