{
  "diverged": false,
  "n_steps": 10000,
  "spikes": 426,
  "train_loss_tail": 0.00141061450203415,
  "val_loss": 2.1654617553710938,
  "val_acc": 0.5755,
  "lam_tail": 0.5506842136383057,
  "chi_tail": 0.005506842136383062,
  "sharpness_threshold": 389.9999999999996,
  "secs": 1274.5,
  "hfer_w1_mid": 0.3972178857638158,
  "raw_paths": "",
  "w0_conv1_hfer0.5": 0.4178676529706664,
  "w0_conv1_hfer0.6": 0.33330785182938033,
  "w0_conv1_hfer0.7": 0.25087892766023445,
  "w0_conv1_hfer0.6_hann": 0.33883489687775226,
  "w0_conv1_msr": 0.0007652392838614729,
  "gnorm_w0_conv1": 0.5564887578500556,
  "w0_layer2.0.conv1_hfer0.5": 0.463181460137396,
  "w0_layer2.0.conv1_hfer0.6": 0.3702545679277348,
  "w0_layer2.0.conv1_hfer0.7": 0.27817928773053013,
  "w0_layer2.0.conv1_hfer0.6_hann": 0.3729970159381587,
  "w0_layer2.0.conv1_msr": 0.0007661599700901289,
  "gnorm_w0_layer2.0.conv1": 0.4629466596354702,
  "w0_layer3.0.conv1_hfer0.5": 0.4798049508002032,
  "w0_layer3.0.conv1_hfer0.6": 0.38328106661836925,
  "w0_layer3.0.conv1_hfer0.7": 0.2879554710322491,
  "w0_layer3.0.conv1_hfer0.6_hann": 0.38436136357669054,
  "w0_layer3.0.conv1_msr": 0.0007664813690419146,
  "gnorm_w0_layer3.0.conv1": 0.8153992023850352,
  "w0_linear_hfer0.5": 0.43221546342162587,
  "w0_linear_hfer0.6": 0.34602189903858227,
  "w0_linear_hfer0.7": 0.2597616148950035,
  "w0_linear_hfer0.6_hann": 0.35031604521758514,
  "w0_linear_msr": 0.0007679188733688999,
  "gnorm_w0_linear": 1.2350745356163162,
  "w1_conv1_hfer0.5": 0.47894471472169353,
  "w1_conv1_hfer0.6": 0.381852180602733,
  "w1_conv1_hfer0.7": 0.28804650292373735,
  "w1_conv1_hfer0.6_hann": 0.3936461978867814,
  "w1_conv1_msr": 0.0007772523965900025,
  "gnorm_w1_conv1": 0.11288699686091822,
  "w1_layer2.0.conv1_hfer0.5": 0.49276209112870434,
  "w1_layer2.0.conv1_hfer0.6": 0.3932442026156687,
  "w1_layer2.0.conv1_hfer0.7": 0.29541610372394017,
  "w1_layer2.0.conv1_hfer0.6_hann": 0.3959427433021406,
  "w1_layer2.0.conv1_msr": 0.0007740037610214092,
  "gnorm_w1_layer2.0.conv1": 0.10613104700212893,
  "w1_layer3.0.conv1_hfer0.5": 0.4970842344439602,
  "w1_layer3.0.conv1_hfer0.6": 0.3972178857638158,
  "w1_layer3.0.conv1_hfer0.7": 0.2985706293994126,
  "w1_layer3.0.conv1_hfer0.6_hann": 0.3982690235076808,
  "w1_layer3.0.conv1_msr": 0.0007738583609116874,
  "gnorm_w1_layer3.0.conv1": 0.22074547627249386,
  "w1_linear_hfer0.5": 0.48382442894844546,
  "w1_linear_hfer0.6": 0.3835525886537847,
  "w1_linear_hfer0.7": 0.2860561294845825,
  "w1_linear_hfer0.6_hann": 0.3889935581812699,
  "w1_linear_msr": 0.0007716355646226048,
  "gnorm_w1_linear": 0.19070018995727905,
  "w2_conv1_hfer0.5": 0.500113076546514,
  "w2_conv1_hfer0.6": 0.4024211594505177,
  "w2_conv1_hfer0.7": 0.30616705375551806,
  "w2_conv1_hfer0.6_hann": 0.40340978962983004,
  "w2_conv1_msr": 0.0007623346975930648,
  "gnorm_w2_conv1": 0.012190242854532924,
  "w2_layer2.0.conv1_hfer0.5": 0.5007065402359626,
  "w2_layer2.0.conv1_hfer0.6": 0.40001948220667527,
  "w2_layer2.0.conv1_hfer0.7": 0.30233142091459,
  "w2_layer2.0.conv1_hfer0.6_hann": 0.39827639747290644,
  "w2_layer2.0.conv1_msr": 0.000768724332053867,
  "gnorm_w2_layer2.0.conv1": 0.012049780897045824,
  "w2_layer3.0.conv1_hfer0.5": 0.5012338277774979,
  "w2_layer3.0.conv1_hfer0.6": 0.4001038471811072,
  "w2_layer3.0.conv1_hfer0.7": 0.3021265850804829,
  "w2_layer3.0.conv1_hfer0.6_hann": 0.3987420862346616,
  "w2_layer3.0.conv1_msr": 0.0007684796537324081,
  "gnorm_w2_layer3.0.conv1": 0.025292970553871846,
  "w2_linear_hfer0.5": 0.4945158998133513,
  "w2_linear_hfer0.6": 0.39328821383023405,
  "w2_linear_hfer0.7": 0.2966679312465317,
  "w2_linear_hfer0.6_hann": 0.37768252863179064,
  "w2_linear_msr": 0.0007683389417459021,
  "gnorm_w2_linear": 0.04177116960414689,
  "shfer_w0_all": 0.379688188711978,
  "shfer_w0_stem": 0.331658670283611,
  "shfer_w0_layer1": 0.35764301943562926,
  "shfer_w0_layer2": 0.373416535093104,
  "shfer_w0_layer3": 0.3874286310745514,
  "shfer_w0_layer4": 0.388276068653142,
  "shfer_w0_head": 0.34733193279669167,
  "shfer_w1_all": 0.3970677058821766,
  "shfer_w1_stem": 0.38465393708635454,
  "shfer_w1_layer1": 0.39105233006443735,
  "shfer_w1_layer2": 0.3955544182514827,
  "shfer_w1_layer3": 0.3960395856976868,
  "shfer_w1_layer4": 0.39816046295836066,
  "shfer_w1_head": 0.38452961228462385,
  "shfer_w2_all": 0.39955753524469734,
  "shfer_w2_stem": 0.4006171420197158,
  "shfer_w2_layer1": 0.399424309193159,
  "shfer_w2_layer2": 0.40378909414502845,
  "shfer_w2_layer3": 0.3981284309210598,
  "shfer_w2_layer4": 0.39933219754248134,
  "shfer_w2_head": 0.3938453379537052
}