{
  "diverged": false,
  "n_steps": 10000,
  "spikes": 1207,
  "train_loss_tail": 0.0011495320401445498,
  "val_loss": 1.0807803161621095,
  "val_acc": 0.8275,
  "lam_tail": 10.049530029296875,
  "chi_tail": 2.009906005859375,
  "sharpness_threshold": 15.0,
  "secs": 808.3,
  "hfer_w1_mid": 0.39886757332683936,
  "raw_paths": "",
  "w0_conv1_hfer0.5": 0.49509445595616375,
  "w0_conv1_hfer0.6": 0.39773964221063707,
  "w0_conv1_hfer0.7": 0.29579769523936933,
  "w0_conv1_hfer0.6_hann": 0.4001738471141432,
  "w0_conv1_msr": 0.5046541891112274,
  "gnorm_w0_conv1": 0.18359537173602178,
  "w0_layer2.0.conv1_hfer0.5": 0.49963687159978026,
  "w0_layer2.0.conv1_hfer0.6": 0.3991126797905851,
  "w0_layer2.0.conv1_hfer0.7": 0.2999684819133389,
  "w0_layer2.0.conv1_hfer0.6_hann": 0.39978127349997994,
  "w0_layer2.0.conv1_msr": 0.5042032040056064,
  "gnorm_w0_layer2.0.conv1": 0.12845270299709466,
  "w0_layer3.0.conv1_hfer0.5": 0.49953125435187185,
  "w0_layer3.0.conv1_hfer0.6": 0.39886757332683936,
  "w0_layer3.0.conv1_hfer0.7": 0.2995865797447279,
  "w0_layer3.0.conv1_hfer0.6_hann": 0.3992686047923239,
  "w0_layer3.0.conv1_msr": 0.5042658868551463,
  "gnorm_w0_layer3.0.conv1": 0.2983774860832246,
  "w0_linear_hfer0.5": 0.4986457410157821,
  "w0_linear_hfer0.6": 0.39362015901373243,
  "w0_linear_hfer0.7": 0.2965672717733739,
  "w0_linear_hfer0.6_hann": 0.39683357066264646,
  "w0_linear_msr": 0.504472178115047,
  "gnorm_w0_linear": 0.16875065242251752
}