{
  "diverged": false,
  "n_steps": 10000,
  "spikes": 1091,
  "train_loss_tail": 0.014295044874423183,
  "val_loss": 1.1402216979980468,
  "val_acc": 0.8237,
  "lam_tail": 2.0147485733032227,
  "chi_tail": 0.16117988586425797,
  "sharpness_threshold": 48.74999999999995,
  "secs": 812.6,
  "hfer_w1_mid": 0.3939813940915185,
  "raw_paths": "",
  "w0_conv1_hfer0.5": 0.46008618519596217,
  "w0_conv1_hfer0.6": 0.36840451916327255,
  "w0_conv1_hfer0.7": 0.2780784449076216,
  "w0_conv1_hfer0.6_hann": 0.37457201658691547,
  "w0_conv1_msr": 0.3052771023725028,
  "gnorm_w0_conv1": 0.10127160875290203,
  "w0_layer2.0.conv1_hfer0.5": 0.4905592791516714,
  "w0_layer2.0.conv1_hfer0.6": 0.39131469019308135,
  "w0_layer2.0.conv1_hfer0.7": 0.294195081189381,
  "w0_layer2.0.conv1_hfer0.6_hann": 0.3919786152798887,
  "w0_layer2.0.conv1_msr": 0.3066812898631935,
  "gnorm_w0_layer2.0.conv1": 0.10109786573488651,
  "w0_layer3.0.conv1_hfer0.5": 0.493529702502214,
  "w0_layer3.0.conv1_hfer0.6": 0.3939813940915185,
  "w0_layer3.0.conv1_hfer0.7": 0.29566589349525724,
  "w0_layer3.0.conv1_hfer0.6_hann": 0.39439443834539073,
  "w0_layer3.0.conv1_msr": 0.3066738254556823,
  "gnorm_w0_layer3.0.conv1": 0.17639872605642637,
  "w0_linear_hfer0.5": 0.4277674369680637,
  "w0_linear_hfer0.6": 0.341943653300512,
  "w0_linear_hfer0.7": 0.2569067965607606,
  "w0_linear_hfer0.6_hann": 0.3461376811284389,
  "w0_linear_msr": 0.3068933975824903,
  "gnorm_w0_linear": 0.10283312590107245
}