{
  "diverged": false,
  "n_steps": 10000,
  "spikes": 620,
  "train_loss_tail": 0.020109562078956516,
  "val_loss": 1.2967308227539063,
  "val_acc": 0.7797,
  "lam_tail": 0.9796425104141235,
  "chi_tail": 0.1567428016662599,
  "sharpness_threshold": 24.374999999999975,
  "secs": 830.6,
  "hfer_w1_mid": 0.3882277091046158,
  "raw_paths": "",
  "w0_conv1_hfer0.5": 0.37341835053585587,
  "w0_conv1_hfer0.6": 0.29811051384597476,
  "w0_conv1_hfer0.7": 0.222537188901727,
  "w0_conv1_hfer0.6_hann": 0.3068242144854782,
  "w0_conv1_msr": 0.30900737937997974,
  "gnorm_w0_conv1": 0.09883308685700544,
  "w0_layer2.0.conv1_hfer0.5": 0.46026119582585434,
  "w0_layer2.0.conv1_hfer0.6": 0.36665124558469414,
  "w0_layer2.0.conv1_hfer0.7": 0.2752851053363527,
  "w0_layer2.0.conv1_hfer0.6_hann": 0.37391177284431326,
  "w0_layer2.0.conv1_msr": 0.30719702848248903,
  "gnorm_w0_layer2.0.conv1": 0.061229395197740955,
  "w0_layer3.0.conv1_hfer0.5": 0.48580277710713493,
  "w0_layer3.0.conv1_hfer0.6": 0.3882277091046158,
  "w0_layer3.0.conv1_hfer0.7": 0.29134661328569744,
  "w0_layer3.0.conv1_hfer0.6_hann": 0.3894096295395467,
  "w0_layer3.0.conv1_msr": 0.30697157185620466,
  "gnorm_w0_layer3.0.conv1": 0.12092028449450688,
  "w0_linear_hfer0.5": 0.405195433525512,
  "w0_linear_hfer0.6": 0.3231520883773973,
  "w0_linear_hfer0.7": 0.241637955914989,
  "w0_linear_hfer0.6_hann": 0.3326219889498405,
  "w0_linear_msr": 0.30871860369663373,
  "gnorm_w0_linear": 0.09172803077503566
}