{
  "diverged": false,
  "n_steps": 10000,
  "spikes": 1373,
  "train_loss_tail": 0.009369263935717754,
  "val_loss": 1.1203293212890626,
  "val_acc": 0.8346,
  "lam_tail": 3.070852756500244,
  "chi_tail": 0.12283411026000987,
  "sharpness_threshold": 97.4999999999999,
  "secs": 808.3,
  "hfer_w1_mid": 0.3952051819990055,
  "raw_paths": "",
  "w0_conv1_hfer0.5": 0.48222608518714505,
  "w0_conv1_hfer0.6": 0.3844829933540606,
  "w0_conv1_hfer0.7": 0.2904246492710093,
  "w0_conv1_hfer0.6_hann": 0.39077081490741167,
  "w0_conv1_msr": 0.3061713936506841,
  "gnorm_w0_conv1": 0.12612596553561445,
  "w0_layer2.0.conv1_hfer0.5": 0.49109239530842735,
  "w0_layer2.0.conv1_hfer0.6": 0.3918703486932731,
  "w0_layer2.0.conv1_hfer0.7": 0.29369024968661606,
  "w0_layer2.0.conv1_hfer0.6_hann": 0.3926263985080636,
  "w0_layer2.0.conv1_msr": 0.30729130353608913,
  "gnorm_w0_layer2.0.conv1": 0.12461692612310384,
  "w0_layer3.0.conv1_hfer0.5": 0.49469585619153567,
  "w0_layer3.0.conv1_hfer0.6": 0.3952051819990055,
  "w0_layer3.0.conv1_hfer0.7": 0.29671958686089117,
  "w0_layer3.0.conv1_hfer0.6_hann": 0.3953393194953037,
  "w0_layer3.0.conv1_msr": 0.30706521759121297,
  "gnorm_w0_layer3.0.conv1": 0.24897151049796115,
  "w0_linear_hfer0.5": 0.44122594892008316,
  "w0_linear_hfer0.6": 0.3512178366317944,
  "w0_linear_hfer0.7": 0.26209409747766343,
  "w0_linear_hfer0.6_hann": 0.35377632462873976,
  "w0_linear_msr": 0.30681600656590485,
  "gnorm_w0_linear": 0.13096927338964087
}