{
  "diverged": false,
  "n_steps": 10000,
  "spikes": 805,
  "train_loss_tail": 0.01686698587425053,
  "val_loss": 1.2325301879882813,
  "val_acc": 0.7984,
  "lam_tail": 4.340707778930664,
  "chi_tail": 3.4725662231445313,
  "sharpness_threshold": 2.5,
  "secs": 1217.8,
  "hfer_w1_mid": 0.41074835284723776,
  "raw_paths": "",
  "w0_conv1_hfer0.5": 0.6891576064146319,
  "w0_conv1_hfer0.6": 0.5766042474249374,
  "w0_conv1_hfer0.7": 0.44512401786144695,
  "w0_conv1_hfer0.6_hann": 0.5711598205415254,
  "w0_conv1_msr": 1.0,
  "gnorm_w0_conv1": 0.28563122441636174,
  "w0_layer2.0.conv1_hfer0.5": 0.5700095873839263,
  "w0_layer2.0.conv1_hfer0.6": 0.4626786453656926,
  "w0_layer2.0.conv1_hfer0.7": 0.3504817508969973,
  "w0_layer2.0.conv1_hfer0.6_hann": 0.4588515228572091,
  "w0_layer2.0.conv1_msr": 1.0,
  "gnorm_w0_layer2.0.conv1": 0.14597184888198972,
  "w0_layer3.0.conv1_hfer0.5": 0.5551349552389935,
  "w0_layer3.0.conv1_hfer0.6": 0.44870054889941674,
  "w0_layer3.0.conv1_hfer0.7": 0.3390767887519363,
  "w0_layer3.0.conv1_hfer0.6_hann": 0.44737399158257674,
  "w0_layer3.0.conv1_msr": 1.0,
  "gnorm_w0_layer3.0.conv1": 0.2701134201334691,
  "w0_linear_hfer0.5": 0.7394884910086836,
  "w0_linear_hfer0.6": 0.6239502426760227,
  "w0_linear_hfer0.7": 0.4872756119394728,
  "w0_linear_hfer0.6_hann": 0.6141673479498219,
  "w0_linear_msr": 1.0,
  "gnorm_w0_linear": 0.2429103945305497,
  "w1_conv1_hfer0.5": 0.5833306584911813,
  "w1_conv1_hfer0.6": 0.46778118134306496,
  "w1_conv1_hfer0.7": 0.3534641579109193,
  "w1_conv1_hfer0.6_hann": 0.4657468744732629,
  "w1_conv1_msr": 1.0,
  "gnorm_w1_conv1": 0.18461495573706208,
  "w1_layer2.0.conv1_hfer0.5": 0.5199734844193706,
  "w1_layer2.0.conv1_hfer0.6": 0.4152665513365762,
  "w1_layer2.0.conv1_hfer0.7": 0.31213291717522107,
  "w1_layer2.0.conv1_hfer0.6_hann": 0.41670294994090606,
  "w1_layer2.0.conv1_msr": 1.0,
  "gnorm_w1_layer2.0.conv1": 0.129987653752324,
  "w1_layer3.0.conv1_hfer0.5": 0.5136480560566998,
  "w1_layer3.0.conv1_hfer0.6": 0.41074835284723776,
  "w1_layer3.0.conv1_hfer0.7": 0.3087547935825384,
  "w1_layer3.0.conv1_hfer0.6_hann": 0.4110855280824596,
  "w1_layer3.0.conv1_msr": 1.0,
  "gnorm_w1_layer3.0.conv1": 0.28395250494336377,
  "w1_linear_hfer0.5": 0.6222153601389753,
  "w1_linear_hfer0.6": 0.5055771709047869,
  "w1_linear_hfer0.7": 0.3790394787363092,
  "w1_linear_hfer0.6_hann": 0.49539160144542455,
  "w1_linear_msr": 1.0,
  "gnorm_w1_linear": 0.13073002291374047,
  "w2_conv1_hfer0.5": 0.532841906923223,
  "w2_conv1_hfer0.6": 0.42150660211401686,
  "w2_conv1_hfer0.7": 0.31884988110515017,
  "w2_conv1_hfer0.6_hann": 0.4142264440471719,
  "w2_conv1_msr": 1.0,
  "gnorm_w2_conv1": 0.11950879274666239,
  "w2_layer2.0.conv1_hfer0.5": 0.5072110792071269,
  "w2_layer2.0.conv1_hfer0.6": 0.40529422691953987,
  "w2_layer2.0.conv1_hfer0.7": 0.3044603918462774,
  "w2_layer2.0.conv1_hfer0.6_hann": 0.40579055771709455,
  "w2_layer2.0.conv1_msr": 1.0,
  "gnorm_w2_layer2.0.conv1": 0.08663041197362785,
  "w2_layer3.0.conv1_hfer0.5": 0.5055086813626976,
  "w2_layer3.0.conv1_hfer0.6": 0.4043798430406452,
  "w2_layer3.0.conv1_hfer0.7": 0.30356171517330804,
  "w2_layer3.0.conv1_hfer0.6_hann": 0.404897014356084,
  "w2_layer3.0.conv1_msr": 1.0,
  "gnorm_w2_layer3.0.conv1": 0.19524235618844366,
  "w2_linear_hfer0.5": 0.5424339467933552,
  "w2_linear_hfer0.6": 0.4359965700584137,
  "w2_linear_hfer0.7": 0.3261664825799303,
  "w2_linear_hfer0.6_hann": 0.4346444136638968,
  "w2_linear_msr": 1.0,
  "gnorm_w2_linear": 0.07248390497930263,
  "shfer_w0_all": 0.4811722262796136,
  "shfer_w0_stem": 0.56225579941852,
  "shfer_w0_layer1": 0.491276988978858,
  "shfer_w0_layer2": 0.4632099742750633,
  "shfer_w0_layer3": 0.4476066979336096,
  "shfer_w0_layer4": 0.4741803194480462,
  "shfer_w0_head": 0.6307562910656123,
  "shfer_w1_all": 0.4156165479594327,
  "shfer_w1_stem": 0.45667787710082336,
  "shfer_w1_layer1": 0.4266252798326637,
  "shfer_w1_layer2": 0.4148569347114141,
  "shfer_w1_layer3": 0.40928437862592126,
  "shfer_w1_layer4": 0.415298467150282,
  "shfer_w1_head": 0.5038488918752327,
  "shfer_w2_all": 0.40652376901556886,
  "shfer_w2_stem": 0.420486268228078,
  "shfer_w2_layer1": 0.40788867679629875,
  "shfer_w2_layer2": 0.40638158266142665,
  "shfer_w2_layer3": 0.40524983988936725,
  "shfer_w2_layer4": 0.40464126631048397,
  "shfer_w2_head": 0.43742415161155146
}