{
  "diverged": false,
  "n_steps": 10000,
  "spikes": 1237,
  "train_loss_tail": 0.012259975797496736,
  "val_loss": 1.1782547973632813,
  "val_acc": 0.8237,
  "lam_tail": 3.802668809890747,
  "chi_tail": 0.3042135047912597,
  "sharpness_threshold": 47.50000000000001,
  "secs": 1222.3,
  "hfer_w1_mid": 0.3958301190179968,
  "raw_paths": "",
  "w0_conv1_hfer0.5": 0.42449269155801567,
  "w0_conv1_hfer0.6": 0.3383252587359922,
  "w0_conv1_hfer0.7": 0.25297567573269913,
  "w0_conv1_hfer0.6_hann": 0.3495820718948308,
  "w0_conv1_msr": 0.003215680952328352,
  "gnorm_w0_conv1": 0.2406141733025745,
  "w0_layer2.0.conv1_hfer0.5": 0.46686645626480067,
  "w0_layer2.0.conv1_hfer0.6": 0.37361612167252506,
  "w0_layer2.0.conv1_hfer0.7": 0.2808099028649008,
  "w0_layer2.0.conv1_hfer0.6_hann": 0.3767588867384858,
  "w0_layer2.0.conv1_msr": 0.003214645854212582,
  "gnorm_w0_layer2.0.conv1": 0.1824581805328445,
  "w0_layer3.0.conv1_hfer0.5": 0.47805894295934337,
  "w0_layer3.0.conv1_hfer0.6": 0.38204946868203743,
  "w0_layer3.0.conv1_hfer0.7": 0.2870953446461989,
  "w0_layer3.0.conv1_hfer0.6_hann": 0.38379276308916144,
  "w0_layer3.0.conv1_msr": 0.003215420109049667,
  "gnorm_w0_layer3.0.conv1": 0.3126762824160936,
  "w0_linear_hfer0.5": 0.38395394290222973,
  "w0_linear_hfer0.6": 0.3070899665864069,
  "w0_linear_hfer0.7": 0.23081126355424617,
  "w0_linear_hfer0.6_hann": 0.3088792323965766,
  "w0_linear_msr": 0.0032128003342756337,
  "gnorm_w0_linear": 0.2557349356170567,
  "w1_conv1_hfer0.5": 0.4700244565279531,
  "w1_conv1_hfer0.6": 0.3762621859595627,
  "w1_conv1_hfer0.7": 0.28378613392018803,
  "w1_conv1_hfer0.6_hann": 0.37937675502455903,
  "w1_conv1_msr": 0.0032062735582107454,
  "gnorm_w1_conv1": 0.13566182190958276,
  "w1_layer2.0.conv1_hfer0.5": 0.48988845431273664,
  "w1_layer2.0.conv1_hfer0.6": 0.3916060491468737,
  "w1_layer2.0.conv1_hfer0.7": 0.29364155993510677,
  "w1_layer2.0.conv1_hfer0.6_hann": 0.3921828585151795,
  "w1_layer2.0.conv1_msr": 0.0032144895170661586,
  "gnorm_w1_layer2.0.conv1": 0.12984400232150883,
  "w1_layer3.0.conv1_hfer0.5": 0.4951640769664024,
  "w1_layer3.0.conv1_hfer0.6": 0.3958301190179968,
  "w1_layer3.0.conv1_hfer0.7": 0.2972012504541826,
  "w1_layer3.0.conv1_hfer0.6_hann": 0.39639316319570617,
  "w1_layer3.0.conv1_msr": 0.0032136488610069627,
  "gnorm_w1_layer3.0.conv1": 0.2551241167269353,
  "w1_linear_hfer0.5": 0.44498590033456736,
  "w1_linear_hfer0.6": 0.3555510298169414,
  "w1_linear_hfer0.7": 0.2655209791075215,
  "w1_linear_hfer0.6_hann": 0.35445616741527164,
  "w1_linear_msr": 0.00321385250336844,
  "gnorm_w1_linear": 0.12910885757282564,
  "w2_conv1_hfer0.5": 0.4917309978106066,
  "w2_conv1_hfer0.6": 0.3924654220569223,
  "w2_conv1_hfer0.7": 0.29607727411898865,
  "w2_conv1_hfer0.6_hann": 0.3897906543231312,
  "w2_conv1_msr": 0.0032062997670635578,
  "gnorm_w2_conv1": 0.08498988958108473,
  "w2_layer2.0.conv1_hfer0.5": 0.4970016674593091,
  "w2_layer2.0.conv1_hfer0.6": 0.39700251375285894,
  "w2_layer2.0.conv1_hfer0.7": 0.29852857328558674,
  "w2_layer2.0.conv1_hfer0.6_hann": 0.3981537157002103,
  "w2_layer2.0.conv1_msr": 0.003209149905548291,
  "gnorm_w2_layer2.0.conv1": 0.0848335615879288,
  "w2_layer3.0.conv1_hfer0.5": 0.49916486030728774,
  "w2_layer3.0.conv1_hfer0.6": 0.39898083615069835,
  "w2_layer3.0.conv1_hfer0.7": 0.2998809641960301,
  "w2_layer3.0.conv1_hfer0.6_hann": 0.398642287810834,
  "w2_layer3.0.conv1_msr": 0.0032107037621267884,
  "gnorm_w2_layer3.0.conv1": 0.17116716814363106,
  "w2_linear_hfer0.5": 0.4849578913331699,
  "w2_linear_hfer0.6": 0.38495303447032253,
  "w2_linear_hfer0.7": 0.2919664694345039,
  "w2_linear_hfer0.6_hann": 0.38126936014418067,
  "w2_linear_msr": 0.0031989830158181635,
  "gnorm_w2_linear": 0.07517936125564867,
  "shfer_w0_all": 0.37403852084562544,
  "shfer_w0_stem": 0.33895453529760533,
  "shfer_w0_layer1": 0.3657335502235421,
  "shfer_w0_layer2": 0.3733929522257024,
  "shfer_w0_layer3": 0.3857599852995532,
  "shfer_w0_layer4": 0.3758841598397998,
  "shfer_w0_head": 0.3066303593192773,
  "shfer_w1_all": 0.3960390613060975,
  "shfer_w1_stem": 0.37631228608932715,
  "shfer_w1_layer1": 0.38819425867970353,
  "shfer_w1_layer2": 0.3930481064537543,
  "shfer_w1_layer3": 0.3965942292114862,
  "shfer_w1_layer4": 0.39784573399344253,
  "shfer_w1_head": 0.35430526547478136,
  "shfer_w2_all": 0.3945365723368445,
  "shfer_w2_stem": 0.3931472619732358,
  "shfer_w2_layer1": 0.39719641509705805,
  "shfer_w2_layer2": 0.39567604730548095,
  "shfer_w2_layer3": 0.39736390778060027,
  "shfer_w2_layer4": 0.3975197568513171,
  "shfer_w2_head": 0.38372290820239796
}