{
  "diverged": false,
  "n_steps": 10000,
  "spikes": 443,
  "train_loss_tail": 0.023307756484951824,
  "val_loss": 1.2120842651367187,
  "val_acc": 0.7863,
  "lam_tail": 2.4766976833343506,
  "chi_tail": 1.9813581466674806,
  "sharpness_threshold": 3.75,
  "secs": 823.5,
  "hfer_w1_mid": 0.3983099983593334,
  "raw_paths": "",
  "w0_conv1_hfer0.5": 0.5039615398928403,
  "w0_conv1_hfer0.6": 0.40358006168572325,
  "w0_conv1_hfer0.7": 0.2991282196262278,
  "w0_conv1_hfer0.6_hann": 0.3956147841415371,
  "w0_conv1_msr": 0.5072784367172954,
  "gnorm_w0_conv1": 0.16159905085228068,
  "w0_layer2.0.conv1_hfer0.5": 0.49824967445240637,
  "w0_layer2.0.conv1_hfer0.6": 0.39781485587390536,
  "w0_layer2.0.conv1_hfer0.7": 0.2971049875175647,
  "w0_layer2.0.conv1_hfer0.6_hann": 0.39702638163222853,
  "w0_layer2.0.conv1_msr": 0.5049349011458703,
  "gnorm_w0_layer2.0.conv1": 0.11174424483519833,
  "w0_layer3.0.conv1_hfer0.5": 0.4995126506955745,
  "w0_layer3.0.conv1_hfer0.6": 0.3983099983593334,
  "w0_layer3.0.conv1_hfer0.7": 0.29857517328138594,
  "w0_layer3.0.conv1_hfer0.6_hann": 0.3982557744545225,
  "w0_layer3.0.conv1_msr": 0.5044571684427714,
  "gnorm_w0_layer3.0.conv1": 0.19813255758706858,
  "w0_linear_hfer0.5": 0.4963424671550274,
  "w0_linear_hfer0.6": 0.3854171214974252,
  "w0_linear_hfer0.7": 0.2831234261435619,
  "w0_linear_hfer0.6_hann": 0.38722270471217385,
  "w0_linear_msr": 0.5067968302825829,
  "gnorm_w0_linear": 0.12567177783995562
}