{
  "a_b0.0_n_div": 0,
  "a_b0.0_n_seeds": 12,
  "a_b0.0_x_final": -2.356237120740537,
  "a_b0.0_rms": 4.252228155448442,
  "a_b0.0_loss": 274.56249251356627,
  "a_b0.0_esc_freq": 1.0,
  "a_b0.0_pred_rms": 0.5999999999999998,
  "a_b0.0_pred_rms_bend": NaN,
  "a_b0.5_n_div": 0,
  "a_b0.5_n_seeds": 12,
  "a_b0.5_x_final": -0.024023726954004825,
  "a_b0.5_rms": 0.5698154594646899,
  "a_b0.5_loss": 3.508685628914733,
  "a_b0.5_esc_freq": 0.8333333333333334,
  "a_b0.5_pred_rms": 0.22677868380553634,
  "a_b0.5_pred_rms_bend": 0.3021653973359519,
  "a_b0.9_n_div": 0,
  "a_b0.9_n_seeds": 12,
  "a_b0.9_x_final": 3.6844251260499337,
  "a_b0.9_rms": 0.193527730768039,
  "a_b0.9_loss": 0.651141163247697,
  "a_b0.9_esc_freq": 0.0,
  "a_b0.9_pred_rms": 0.19439664412900443,
  "a_b0.9_pred_rms_bend": 0.20371806545151147,
  "a_b0.99_n_div": 0,
  "a_b0.99_n_seeds": 12,
  "a_b0.99_x_final": 2.2957893445878823,
  "a_b0.99_rms": 0.3304408086360643,
  "a_b0.99_loss": 1.6898059223297441,
  "a_b0.99_esc_freq": 0.0,
  "a_b0.99_pred_rms": 0.1901671731943421,
  "a_b0.99_pred_rms_bend": 0.19090266227609132,
  "a_b0.999_n_div": 0,
  "a_b0.999_n_seeds": 12,
  "a_b0.999_x_final": -1.3341475440112383,
  "a_b0.999_rms": 0.5485612667520301,
  "a_b0.999_loss": 3.775972682874686,
  "a_b0.999_esc_freq": 0.0,
  "a_b0.999_pred_rms": 0.1897793861425271,
  "a_b0.999_pred_rms_bend": 0.1898327516319413,
  "b_b0.0_n_div": 12,
  "b_b0.0_n_seeds": 12,
  "b_b0.0_x_final": NaN,
  "b_b0.0_rms": NaN,
  "b_b0.0_loss": NaN,
  "b_b0.0_esc_freq": 1.0,
  "b_b0.0_pred_rms": NaN,
  "b_b0.0_pred_rms_bend": NaN,
  "b_b0.5_n_div": 0,
  "b_b0.5_n_seeds": 12,
  "b_b0.5_x_final": -0.7524053891117367,
  "b_b0.5_rms": 1.9703270997956732,
  "b_b0.5_loss": 67.0309053116435,
  "b_b0.5_esc_freq": 1.0,
  "b_b0.5_pred_rms": 0.29277002188455997,
  "b_b0.5_pred_rms_bend": NaN,
  "b_b0.9_n_div": 0,
  "b_b0.9_n_seeds": 12,
  "b_b0.9_x_final": 3.3521867604266795,
  "b_b0.9_rms": 0.25501550993831357,
  "b_b0.9_loss": 0.7413386375276748,
  "b_b0.9_esc_freq": 0.0,
  "b_b0.9_pred_rms": 0.2313463350921371,
  "b_b0.9_pred_rms_bend": 0.24856381979912426,
  "b_b0.99_n_div": 0,
  "b_b0.99_n_seeds": 12,
  "b_b0.99_x_final": 2.5306882507444235,
  "b_b0.99_rms": 0.27164579788243287,
  "b_b0.99_loss": 1.3507165122294433,
  "b_b0.99_esc_freq": 0.0,
  "b_b0.99_pred_rms": 0.2243124063126918,
  "b_b0.99_pred_rms_bend": 0.22540601268726937,
  "b_b0.999_n_div": 0,
  "b_b0.999_n_seeds": 12,
  "b_b0.999_x_final": -0.6996063614234324,
  "b_b0.999_rms": 0.5644435057393369,
  "b_b0.999_loss": 3.6924332329545195,
  "b_b0.999_esc_freq": 0.0,
  "b_b0.999_pred_rms": 0.22367674263509232,
  "b_b0.999_pred_rms_bend": 0.22378462681349195,
  "a0_b0.0_n_div": 0,
  "a0_b0.0_n_seeds": 1,
  "a0_b0.0_x_final": 15.359836059033771,
  "a0_b0.0_rms": 3.662811748208825,
  "a0_b0.0_loss": 92.10438969672214,
  "a0_b0.0_esc_freq": 1.0,
  "a0_b0.0_pred_rms": NaN,
  "a0_b0.0_pred_rms_bend": NaN,
  "a0_b0.5_n_div": 0,
  "a0_b0.5_n_seeds": 1,
  "a0_b0.5_x_final": 1.7692834567968405,
  "a0_b0.5_rms": 0.3032355997795181,
  "a0_b0.5_loss": 0.7491901506892822,
  "a0_b0.5_esc_freq": 0.0,
  "a0_b0.5_pred_rms": NaN,
  "a0_b0.5_pred_rms_bend": NaN,
  "a0_b0.9_n_div": 0,
  "a0_b0.9_n_seeds": 1,
  "a0_b0.9_x_final": 3.8365394514236595,
  "a0_b0.9_rms": 0.008208920222242141,
  "a0_b0.9_loss": 0.14995390173076692,
  "a0_b0.9_esc_freq": 0.0,
  "a0_b0.9_pred_rms": NaN,
  "a0_b0.9_pred_rms_bend": NaN,
  "a0_b0.99_n_div": 0,
  "a0_b0.99_n_seeds": 1,
  "a0_b0.99_x_final": 3.988084733641979,
  "a0_b0.99_rms": 0.2833530428654974,
  "a0_b0.99_loss": 0.5894605383837878,
  "a0_b0.99_esc_freq": 0.0,
  "a0_b0.99_pred_rms": NaN,
  "a0_b0.99_pred_rms_bend": NaN,
  "a0_b0.999_n_div": 0,
  "a0_b0.999_n_seeds": 1,
  "a0_b0.999_x_final": -0.4086046586269879,
  "a0_b0.999_rms": 0.5682269994769189,
  "a0_b0.999_loss": 3.8054658442904277,
  "a0_b0.999_esc_freq": 0.0,
  "a0_b0.999_pred_rms": NaN,
  "a0_b0.999_pred_rms_bend": NaN,
  "gate_pass": true,
  "gate1_divergence": true,
  "gate2_cl2": true,
  "gate3_lag": true,
  "rms_ratio_a": 0.995530203904195,
  "rms_ratio_b": 1.1023105675598877,
  "rms_ratio_bend_a": 0.9499782473346825,
  "rms_ratio_bend_b": 1.025955869781866
}