{
  "diverged": false,
  "n_steps": 10000,
  "spikes": 1229,
  "train_loss_tail": 0.00015486986553514727,
  "val_loss": 0.9299613586425781,
  "val_acc": 0.8355,
  "lam_tail": 0.7443137168884277,
  "chi_tail": 0.0007443137168884284,
  "sharpness_threshold": 3979.9999999999964,
  "secs": 1221.8,
  "hfer_w1_mid": 0.3944404621923816,
  "raw_paths": "",
  "w0_conv1_hfer0.5": 0.4355385326515249,
  "w0_conv1_hfer0.6": 0.34854725701100997,
  "w0_conv1_hfer0.7": 0.264823937644009,
  "w0_conv1_hfer0.6_hann": 0.35184576959291547,
  "w0_conv1_msr": 3.0497244592074347e-05,
  "gnorm_w0_conv1": 0.6481750216143368,
  "w0_layer2.0.conv1_hfer0.5": 0.4705407278444974,
  "w0_layer2.0.conv1_hfer0.6": 0.3763342880556374,
  "w0_layer2.0.conv1_hfer0.7": 0.2837110321070028,
  "w0_layer2.0.conv1_hfer0.6_hann": 0.3777621117257432,
  "w0_layer2.0.conv1_msr": 3.04980575650882e-05,
  "gnorm_w0_layer2.0.conv1": 0.5359522691529824,
  "w0_layer3.0.conv1_hfer0.5": 0.48054231829776717,
  "w0_layer3.0.conv1_hfer0.6": 0.38411205225892947,
  "w0_layer3.0.conv1_hfer0.7": 0.28907349162910306,
  "w0_layer3.0.conv1_hfer0.6_hann": 0.3853633679090051,
  "w0_layer3.0.conv1_msr": 3.049701844628604e-05,
  "gnorm_w0_layer3.0.conv1": 0.8978678401792083,
  "w0_linear_hfer0.5": 0.38081887266932746,
  "w0_linear_hfer0.6": 0.3014154213415929,
  "w0_linear_hfer0.7": 0.22657200281176687,
  "w0_linear_hfer0.6_hann": 0.311229444466114,
  "w0_linear_msr": 3.06645239090892e-05,
  "gnorm_w0_linear": 0.8304010070098334,
  "w1_conv1_hfer0.5": 0.47413142323636814,
  "w1_conv1_hfer0.6": 0.37903319337662883,
  "w1_conv1_hfer0.7": 0.2848099183747988,
  "w1_conv1_hfer0.6_hann": 0.38124239590387776,
  "w1_conv1_msr": 3.064268062539517e-05,
  "gnorm_w1_conv1": 0.28379458252737266,
  "w1_layer2.0.conv1_hfer0.5": 0.4914762241224071,
  "w1_layer2.0.conv1_hfer0.6": 0.39222360962827035,
  "w1_layer2.0.conv1_hfer0.7": 0.29458777044426043,
  "w1_layer2.0.conv1_hfer0.6_hann": 0.39286446525092616,
  "w1_layer2.0.conv1_msr": 3.0669741309662e-05,
  "gnorm_w1_layer2.0.conv1": 0.2755881283132065,
  "w1_layer3.0.conv1_hfer0.5": 0.49398442420810335,
  "w1_layer3.0.conv1_hfer0.6": 0.3944404621923816,
  "w1_layer3.0.conv1_hfer0.7": 0.29597604705967806,
  "w1_layer3.0.conv1_hfer0.6_hann": 0.3949777644532741,
  "w1_layer3.0.conv1_msr": 3.067036800614682e-05,
  "gnorm_w1_layer3.0.conv1": 0.5118852057384433,
  "w1_linear_hfer0.5": 0.4453983592376482,
  "w1_linear_hfer0.6": 0.3534242365015253,
  "w1_linear_hfer0.7": 0.2613494959962792,
  "w1_linear_hfer0.6_hann": 0.36006157587842136,
  "w1_linear_msr": 3.0973722052443074e-05,
  "gnorm_w1_linear": 0.23233826455834325,
  "w2_conv1_hfer0.5": 0.4912547015162234,
  "w2_conv1_hfer0.6": 0.3929588966954838,
  "w2_conv1_hfer0.7": 0.2980887876800972,
  "w2_conv1_hfer0.6_hann": 0.3983828013827403,
  "w2_conv1_msr": 3.101865029054976e-05,
  "gnorm_w2_conv1": 0.05009203189993986,
  "w2_layer2.0.conv1_hfer0.5": 0.49894683913088345,
  "w2_layer2.0.conv1_hfer0.6": 0.39830147888152456,
  "w2_layer2.0.conv1_hfer0.7": 0.29916144228995156,
  "w2_layer2.0.conv1_hfer0.6_hann": 0.3989387540773151,
  "w2_layer2.0.conv1_msr": 3.1626426339368735e-05,
  "gnorm_w2_layer2.0.conv1": 0.05151304339078994,
  "w2_layer3.0.conv1_hfer0.5": 0.4994383929977436,
  "w2_layer3.0.conv1_hfer0.6": 0.3989027635886661,
  "w2_layer3.0.conv1_hfer0.7": 0.2995001854935177,
  "w2_layer3.0.conv1_hfer0.6_hann": 0.39937782345853906,
  "w2_layer3.0.conv1_msr": 3.184547725133148e-05,
  "gnorm_w2_layer3.0.conv1": 0.09848555267940583,
  "w2_linear_hfer0.5": 0.4770214173305655,
  "w2_linear_hfer0.6": 0.3780873955566107,
  "w2_linear_hfer0.7": 0.2836454822797958,
  "w2_linear_hfer0.6_hann": 0.37895398815728965,
  "w2_linear_msr": 3.093162231029305e-05,
  "gnorm_w2_linear": 0.03470924965700698,
  "shfer_w0_all": 0.3747757996154955,
  "shfer_w0_stem": 0.35131803734430334,
  "shfer_w0_layer1": 0.36668120239598917,
  "shfer_w0_layer2": 0.3767541108179638,
  "shfer_w0_layer3": 0.3842639160138902,
  "shfer_w0_layer4": 0.376488774020416,
  "shfer_w0_head": 0.3016901539039461,
  "shfer_w1_all": 0.3938863951440566,
  "shfer_w1_stem": 0.37674591979836486,
  "shfer_w1_layer1": 0.38998627876685765,
  "shfer_w1_layer2": 0.3948584194852553,
  "shfer_w1_layer3": 0.39640423849873124,
  "shfer_w1_layer4": 0.3941951381407945,
  "shfer_w1_head": 0.353521756721179,
  "shfer_w2_all": 0.39880649135977425,
  "shfer_w2_stem": 0.39159336915084086,
  "shfer_w2_layer1": 0.396907077964362,
  "shfer_w2_layer2": 0.39885220678894656,
  "shfer_w2_layer3": 0.39861824054763156,
  "shfer_w2_layer4": 0.4004436528155799,
  "shfer_w2_head": 0.3809990223326047
}