{
  "diverged": false,
  "n_steps": 10000,
  "spikes": 899,
  "train_loss_tail": 0.00013444814649119508,
  "val_loss": 0.8029225830078125,
  "val_acc": 0.8316,
  "lam_tail": 1.2990014553070068,
  "chi_tail": 0.032475036382675175,
  "sharpness_threshold": 120.0,
  "secs": 1240.5,
  "hfer_w1_mid": 0.3997739913632392,
  "raw_paths": "",
  "w0_conv1_hfer0.5": 0.5011008755718561,
  "w0_conv1_hfer0.6": 0.39860212923973565,
  "w0_conv1_hfer0.7": 0.29534507970019436,
  "w0_conv1_hfer0.6_hann": 0.4044132652551741,
  "w0_conv1_msr": 0.12649661787408878,
  "gnorm_w0_conv1": 0.7022913086362049,
  "w0_layer2.0.conv1_hfer0.5": 0.49944170817080796,
  "w0_layer2.0.conv1_hfer0.6": 0.3985741364559847,
  "w0_layer2.0.conv1_hfer0.7": 0.2985916923031116,
  "w0_layer2.0.conv1_hfer0.6_hann": 0.39856008778799834,
  "w0_layer2.0.conv1_msr": 0.12615497177529394,
  "gnorm_w0_layer2.0.conv1": 0.7780833267321492,
  "w0_layer3.0.conv1_hfer0.5": 0.49996587716485874,
  "w0_layer3.0.conv1_hfer0.6": 0.39896105238719287,
  "w0_layer3.0.conv1_hfer0.7": 0.2993564974008091,
  "w0_layer3.0.conv1_hfer0.6_hann": 0.3990257958485645,
  "w0_layer3.0.conv1_msr": 0.12611497834846952,
  "gnorm_w0_layer3.0.conv1": 1.2668858722783023,
  "w0_linear_hfer0.5": 0.5024393771473884,
  "w0_linear_hfer0.6": 0.39524349566219574,
  "w0_linear_hfer0.7": 0.299430724739672,
  "w0_linear_hfer0.6_hann": 0.40320276099598196,
  "w0_linear_msr": 0.12597807152679122,
  "gnorm_w0_linear": 0.672640835903038,
  "w1_conv1_hfer0.5": 0.498230898318246,
  "w1_conv1_hfer0.6": 0.39890339691671384,
  "w1_conv1_hfer0.7": 0.29618981794263266,
  "w1_conv1_hfer0.6_hann": 0.39800723111258823,
  "w1_conv1_msr": 0.12635372333290318,
  "gnorm_w1_conv1": 0.18911885234851872,
  "w1_layer2.0.conv1_hfer0.5": 0.499821080505744,
  "w1_layer2.0.conv1_hfer0.6": 0.39929416496556264,
  "w1_layer2.0.conv1_hfer0.7": 0.29984713003006613,
  "w1_layer2.0.conv1_hfer0.6_hann": 0.3988079071938635,
  "w1_layer2.0.conv1_msr": 0.12607726849161485,
  "gnorm_w1_layer2.0.conv1": 0.2219216099654317,
  "w1_layer3.0.conv1_hfer0.5": 0.5007424349177161,
  "w1_layer3.0.conv1_hfer0.6": 0.3997739913632392,
  "w1_layer3.0.conv1_hfer0.7": 0.3003413196286052,
  "w1_layer3.0.conv1_hfer0.6_hann": 0.40019350532669895,
  "w1_layer3.0.conv1_msr": 0.12606600806601367,
  "gnorm_w1_layer3.0.conv1": 0.39146609259971565,
  "w1_linear_hfer0.5": 0.49706251554201164,
  "w1_linear_hfer0.6": 0.3889721114653383,
  "w1_linear_hfer0.7": 0.29245749042691965,
  "w1_linear_hfer0.6_hann": 0.3847610013685514,
  "w1_linear_msr": 0.1262849310640226,
  "gnorm_w1_linear": 0.10874808566417081,
  "w2_conv1_hfer0.5": 0.4968545014017793,
  "w2_conv1_hfer0.6": 0.3961374154286892,
  "w2_conv1_hfer0.7": 0.2978663415686058,
  "w2_conv1_hfer0.6_hann": 0.39920927349365026,
  "w2_conv1_msr": 0.12620370054373334,
  "gnorm_w2_conv1": 0.006836843412429102,
  "w2_layer2.0.conv1_hfer0.5": 0.5008623973376601,
  "w2_layer2.0.conv1_hfer0.6": 0.40032540773685454,
  "w2_layer2.0.conv1_hfer0.7": 0.3005688097610513,
  "w2_layer2.0.conv1_hfer0.6_hann": 0.4001780785019787,
  "w2_layer2.0.conv1_msr": 0.1261894610679135,
  "gnorm_w2_layer2.0.conv1": 0.008430997707050988,
  "w2_layer3.0.conv1_hfer0.5": 0.5004110288215868,
  "w2_layer3.0.conv1_hfer0.6": 0.39999502546220195,
  "w2_layer3.0.conv1_hfer0.7": 0.3003758628333603,
  "w2_layer3.0.conv1_hfer0.6_hann": 0.40032657672263355,
  "w2_layer3.0.conv1_msr": 0.1261876703245089,
  "gnorm_w2_layer3.0.conv1": 0.014757531057457916,
  "w2_linear_hfer0.5": 0.497423224703982,
  "w2_linear_hfer0.6": 0.3958392630073116,
  "w2_linear_hfer0.7": 0.3008992980951193,
  "w2_linear_hfer0.6_hann": 0.39416996563263984,
  "w2_linear_msr": 0.12591835673318197,
  "gnorm_w2_linear": 0.004168468037627302,
  "shfer_w0_all": 0.3995399671936737,
  "shfer_w0_stem": 0.3961289088571489,
  "shfer_w0_layer1": 0.3999151284598791,
  "shfer_w0_layer2": 0.39900214809670814,
  "shfer_w0_layer3": 0.39973052680254356,
  "shfer_w0_layer4": 0.39786551071641574,
  "shfer_w0_head": 0.39999545368494227,
  "shfer_w1_all": 0.3977014829209235,
  "shfer_w1_stem": 0.39662162340113916,
  "shfer_w1_layer1": 0.4000778845336268,
  "shfer_w1_layer2": 0.400732944574388,
  "shfer_w1_layer3": 0.39759763734424747,
  "shfer_w1_layer4": 0.396843377527403,
  "shfer_w1_head": 0.3889716583207438,
  "shfer_w2_all": 0.40071238598473896,
  "shfer_w2_stem": 0.39644854192001827,
  "shfer_w2_layer1": 0.39712250681546923,
  "shfer_w2_layer2": 0.40286783759184,
  "shfer_w2_layer3": 0.39978369988397017,
  "shfer_w2_layer4": 0.4002057275901707,
  "shfer_w2_head": 0.3925443908286989
}