{
  "diverged": false,
  "n_steps": 10000,
  "spikes": 1165,
  "train_loss_tail": 0.00010799357573341695,
  "val_loss": 0.8359965576171875,
  "val_acc": 0.8404,
  "lam_tail": 0.24186594784259796,
  "chi_tail": 0.0012093297392129908,
  "sharpness_threshold": 779.9999999999992,
  "secs": 1289.0,
  "hfer_w1_mid": 0.39790653950720845,
  "raw_paths": "/work/02/gs26/s26001/river-valley-momentum/codebases/results/raw/grid_cifar10_bn_ema_lr0.1_b0.95_s0/w1_layer3.0.conv1_G.npz;/work/02/gs26/s26001/river-valley-momentum/codebases/results/raw/grid_cifar10_bn_ema_lr0.1_b0.95_s0/w1_linear_G.npz",
  "w0_conv1_hfer0.5": 0.4428895774116689,
  "w0_conv1_hfer0.6": 0.3518194399878484,
  "w0_conv1_hfer0.7": 0.26712144784413694,
  "w0_conv1_hfer0.6_hann": 0.36186402497112097,
  "w0_conv1_msr": 0.000765634764747988,
  "gnorm_w0_conv1": 0.5487893061286011,
  "w0_layer2.0.conv1_hfer0.5": 0.47733583904336907,
  "w0_layer2.0.conv1_hfer0.6": 0.38073006975952867,
  "w0_layer2.0.conv1_hfer0.7": 0.2857441643746959,
  "w0_layer2.0.conv1_hfer0.6_hann": 0.3827641585101149,
  "w0_layer2.0.conv1_msr": 0.0007686876264770634,
  "gnorm_w0_layer2.0.conv1": 0.5187808918427758,
  "w0_layer3.0.conv1_hfer0.5": 0.4855829069120026,
  "w0_layer3.0.conv1_hfer0.6": 0.3874802398594184,
  "w0_layer3.0.conv1_hfer0.7": 0.29086010017716557,
  "w0_layer3.0.conv1_hfer0.6_hann": 0.38892665681578364,
  "w0_layer3.0.conv1_msr": 0.0007677149419405714,
  "gnorm_w0_layer3.0.conv1": 0.8678290991055806,
  "w0_linear_hfer0.5": 0.3605763827223095,
  "w0_linear_hfer0.6": 0.2905040995318476,
  "w0_linear_hfer0.7": 0.21951551136940486,
  "w0_linear_hfer0.6_hann": 0.2996774452114412,
  "w0_linear_msr": 0.0007642540220227581,
  "gnorm_w0_linear": 0.7275491686925878,
  "w1_conv1_hfer0.5": 0.48567615141248177,
  "w1_conv1_hfer0.6": 0.38788650569917626,
  "w1_conv1_hfer0.7": 0.29145893911149784,
  "w1_conv1_hfer0.6_hann": 0.3935520093179705,
  "w1_conv1_msr": 0.0007661507466979433,
  "gnorm_w1_conv1": 0.23277528863123065,
  "w1_layer2.0.conv1_hfer0.5": 0.49617971705262415,
  "w1_layer2.0.conv1_hfer0.6": 0.3967660163912483,
  "w1_layer2.0.conv1_hfer0.7": 0.29841981050312133,
  "w1_layer2.0.conv1_hfer0.6_hann": 0.3965489715732562,
  "w1_layer2.0.conv1_msr": 0.0007660292640689465,
  "gnorm_w1_layer2.0.conv1": 0.23953559665293409,
  "w1_layer3.0.conv1_hfer0.5": 0.49773233363142094,
  "w1_layer3.0.conv1_hfer0.6": 0.39790653950720845,
  "w1_layer3.0.conv1_hfer0.7": 0.2988235972536704,
  "w1_layer3.0.conv1_hfer0.6_hann": 0.39839027369278895,
  "w1_layer3.0.conv1_msr": 0.0007665503085660838,
  "gnorm_w1_layer3.0.conv1": 0.43757255496752806,
  "w1_linear_hfer0.5": 0.47606850158420244,
  "w1_linear_hfer0.6": 0.38219063425121214,
  "w1_linear_hfer0.7": 0.2888021700427541,
  "w1_linear_hfer0.6_hann": 0.39100919320156435,
  "w1_linear_msr": 0.0007645008215370453,
  "gnorm_w1_linear": 0.18552086978576937,
  "w2_conv1_hfer0.5": 0.49471524427018343,
  "w2_conv1_hfer0.6": 0.3954392388343143,
  "w2_conv1_hfer0.7": 0.29535238362006205,
  "w2_conv1_hfer0.6_hann": 0.3950860252601705,
  "w2_conv1_msr": 0.0007695617874187042,
  "gnorm_w2_conv1": 0.008412380568546419,
  "w2_layer2.0.conv1_hfer0.5": 0.501435134448873,
  "w2_layer2.0.conv1_hfer0.6": 0.4005191060756912,
  "w2_layer2.0.conv1_hfer0.7": 0.30119703190387287,
  "w2_layer2.0.conv1_hfer0.6_hann": 0.4005790117039632,
  "w2_layer2.0.conv1_msr": 0.0007697424642607532,
  "gnorm_w2_layer2.0.conv1": 0.008511451745085436,
  "w2_layer3.0.conv1_hfer0.5": 0.5012026247003694,
  "w2_layer3.0.conv1_hfer0.6": 0.4005346135536108,
  "w2_layer3.0.conv1_hfer0.7": 0.30103970460430907,
  "w2_layer3.0.conv1_hfer0.6_hann": 0.4006779255918937,
  "w2_layer3.0.conv1_msr": 0.0007701886659760485,
  "gnorm_w2_layer3.0.conv1": 0.01582724705985585,
  "w2_linear_hfer0.5": 0.5124271935454121,
  "w2_linear_hfer0.6": 0.4109047268704771,
  "w2_linear_hfer0.7": 0.30566708811999754,
  "w2_linear_hfer0.6_hann": 0.41233491689510776,
  "w2_linear_msr": 0.0007703378412840646,
  "gnorm_w2_linear": 0.005643509635318189,
  "shfer_w0_all": 0.38196805468030265,
  "shfer_w0_stem": 0.34811010290551125,
  "shfer_w0_layer1": 0.3719487115092784,
  "shfer_w0_layer2": 0.3841720512211175,
  "shfer_w0_layer3": 0.388418658950641,
  "shfer_w0_layer4": 0.383430615145879,
  "shfer_w0_head": 0.2895943949296595,
  "shfer_w1_all": 0.3953942953981232,
  "shfer_w1_stem": 0.3889083744429842,
  "shfer_w1_layer1": 0.3984977386418026,
  "shfer_w1_layer2": 0.39663037546221225,
  "shfer_w1_layer3": 0.3955890123799424,
  "shfer_w1_layer4": 0.3961362704880792,
  "shfer_w1_head": 0.3806306792828021,
  "shfer_w2_all": 0.399636225735502,
  "shfer_w2_stem": 0.39464961764371076,
  "shfer_w2_layer1": 0.3978742974495864,
  "shfer_w2_layer2": 0.40022010171917677,
  "shfer_w2_layer3": 0.40133052748133313,
  "shfer_w2_layer4": 0.400867322412935,
  "shfer_w2_head": 0.41377044822622266
}