{
  "diverged": false,
  "n_steps": 10000,
  "spikes": 1523,
  "train_loss_tail": 0.0010584159339232428,
  "val_loss": 0.9290826965332031,
  "val_acc": 0.8425,
  "lam_tail": 8.90054702758789,
  "chi_tail": 0.8900547027587891,
  "sharpness_threshold": 30.0,
  "secs": 1197.4,
  "hfer_w1_mid": 0.3993259324601108,
  "raw_paths": "",
  "w0_conv1_hfer0.5": 0.4941963698525753,
  "w0_conv1_hfer0.6": 0.39201259815786493,
  "w0_conv1_hfer0.7": 0.2940782546448886,
  "w0_conv1_hfer0.6_hann": 0.3901917837535372,
  "w0_conv1_msr": 0.1261783163304436,
  "gnorm_w0_conv1": 0.4092487757202766,
  "w0_layer2.0.conv1_hfer0.5": 0.4984263895490853,
  "w0_layer2.0.conv1_hfer0.6": 0.3965410576230023,
  "w0_layer2.0.conv1_hfer0.7": 0.2973683308797228,
  "w0_layer2.0.conv1_hfer0.6_hann": 0.3964882536486256,
  "w0_layer2.0.conv1_msr": 0.12613774780134396,
  "gnorm_w0_layer2.0.conv1": 0.3823112287635166,
  "w0_layer3.0.conv1_hfer0.5": 0.49960319115623186,
  "w0_layer3.0.conv1_hfer0.6": 0.3981224791105885,
  "w0_layer3.0.conv1_hfer0.7": 0.298596420306213,
  "w0_layer3.0.conv1_hfer0.6_hann": 0.39840516005035037,
  "w0_layer3.0.conv1_msr": 0.12613760773011795,
  "gnorm_w0_layer3.0.conv1": 0.6499757473438104,
  "w0_linear_hfer0.5": 0.498826262665471,
  "w0_linear_hfer0.6": 0.3824420467890091,
  "w0_linear_hfer0.7": 0.28249417926062126,
  "w0_linear_hfer0.6_hann": 0.3740592931729054,
  "w0_linear_msr": 0.12664089932564931,
  "gnorm_w0_linear": 0.5266171679800038,
  "w1_conv1_hfer0.5": 0.5000222136744139,
  "w1_conv1_hfer0.6": 0.40065224567076213,
  "w1_conv1_hfer0.7": 0.30075896214406933,
  "w1_conv1_hfer0.6_hann": 0.39765929361741603,
  "w1_conv1_msr": 0.12592510579640584,
  "gnorm_w1_conv1": 0.20105548215855754,
  "w1_layer2.0.conv1_hfer0.5": 0.49946170036915055,
  "w1_layer2.0.conv1_hfer0.6": 0.39900027233886665,
  "w1_layer2.0.conv1_hfer0.7": 0.29946388901325816,
  "w1_layer2.0.conv1_hfer0.6_hann": 0.3979940080545324,
  "w1_layer2.0.conv1_msr": 0.1260873298740671,
  "gnorm_w1_layer2.0.conv1": 0.20893763185363765,
  "w1_layer3.0.conv1_hfer0.5": 0.499980883005032,
  "w1_layer3.0.conv1_hfer0.6": 0.3993259324601108,
  "w1_layer3.0.conv1_hfer0.7": 0.2998222423928419,
  "w1_layer3.0.conv1_hfer0.6_hann": 0.39925326079605444,
  "w1_layer3.0.conv1_msr": 0.12607205390579182,
  "gnorm_w1_layer3.0.conv1": 0.3934110587005949,
  "w1_linear_hfer0.5": 0.48927863992780884,
  "w1_linear_hfer0.6": 0.3852651747594929,
  "w1_linear_hfer0.7": 0.28515727962694004,
  "w1_linear_hfer0.6_hann": 0.38147044751457715,
  "w1_linear_msr": 0.1263466016176047,
  "gnorm_w1_linear": 0.17714842355995508,
  "w2_conv1_hfer0.5": 0.4989625120295552,
  "w2_conv1_hfer0.6": 0.3988044473536373,
  "w2_conv1_hfer0.7": 0.3023295130657587,
  "w2_conv1_hfer0.6_hann": 0.39760048006849813,
  "w2_conv1_msr": 0.12577761407575014,
  "gnorm_w2_conv1": 0.1229531762848959,
  "w2_layer2.0.conv1_hfer0.5": 0.4984548341712171,
  "w2_layer2.0.conv1_hfer0.6": 0.3993030359668302,
  "w2_layer2.0.conv1_hfer0.7": 0.3003192676753546,
  "w2_layer2.0.conv1_hfer0.6_hann": 0.3984738278597101,
  "w2_layer2.0.conv1_msr": 0.12596443677110805,
  "gnorm_w2_layer2.0.conv1": 0.1337557914121074,
  "w2_layer3.0.conv1_hfer0.5": 0.49970878516435785,
  "w2_layer3.0.conv1_hfer0.6": 0.39998343327684466,
  "w2_layer3.0.conv1_hfer0.7": 0.3004948136524968,
  "w2_layer3.0.conv1_hfer0.6_hann": 0.39947986626747956,
  "w2_layer3.0.conv1_msr": 0.12602200451948362,
  "gnorm_w2_layer3.0.conv1": 0.2511562752682448,
  "w2_linear_hfer0.5": 0.4877386549114322,
  "w2_linear_hfer0.6": 0.39787690175900364,
  "w2_linear_hfer0.7": 0.3036721685649391,
  "w2_linear_hfer0.6_hann": 0.39778108812821605,
  "w2_linear_msr": 0.12572275747506975,
  "gnorm_w2_linear": 0.09553913245441038,
  "shfer_w0_all": 0.3982940153727592,
  "shfer_w0_stem": 0.3926222200600056,
  "shfer_w0_layer1": 0.3935528163378256,
  "shfer_w0_layer2": 0.3985593947960594,
  "shfer_w0_layer3": 0.39899396327586617,
  "shfer_w0_layer4": 0.3989693576451218,
  "shfer_w0_head": 0.38462419756646954,
  "shfer_w1_all": 0.3983861134628522,
  "shfer_w1_stem": 0.4003055218619316,
  "shfer_w1_layer1": 0.39735111730060746,
  "shfer_w1_layer2": 0.4009604283461442,
  "shfer_w1_layer3": 0.3992874586538091,
  "shfer_w1_layer4": 0.401531484139505,
  "shfer_w1_head": 0.388062487236634,
  "shfer_w2_all": 0.401801238747083,
  "shfer_w2_stem": 0.3962050879662444,
  "shfer_w2_layer1": 0.39669428985934846,
  "shfer_w2_layer2": 0.40013326327014964,
  "shfer_w2_layer3": 0.40150606044334347,
  "shfer_w2_layer4": 0.4003182414359076,
  "shfer_w2_head": 0.39859104374848614
}