{
  "diverged": false,
  "n_steps": 10000,
  "spikes": 9,
  "train_loss_tail": 0.15651087171584369,
  "val_loss": 1.4655889404296876,
  "val_acc": 0.6871,
  "lam_tail": 0.6196411848068237,
  "chi_tail": 1.982851791381836,
  "sharpness_threshold": 0.625,
  "secs": 837.9,
  "hfer_w1_mid": 0.4568320289400391,
  "raw_paths": "",
  "w0_conv1_hfer0.5": 0.6091051126453293,
  "w0_conv1_hfer0.6": 0.48844099074004327,
  "w0_conv1_hfer0.7": 0.3771678177048915,
  "w0_conv1_hfer0.6_hann": 0.49927743004677816,
  "w0_conv1_msr": 1.0,
  "gnorm_w0_conv1": 0.05346142812858875,
  "w0_layer2.0.conv1_hfer0.5": 0.6174720427386454,
  "w0_layer2.0.conv1_hfer0.6": 0.5043827879492759,
  "w0_layer2.0.conv1_hfer0.7": 0.37765792944463183,
  "w0_layer2.0.conv1_hfer0.6_hann": 0.519626719152109,
  "w0_layer2.0.conv1_msr": 1.0,
  "gnorm_w0_layer2.0.conv1": 0.06569119854972555,
  "w0_layer3.0.conv1_hfer0.5": 0.5644542699161061,
  "w0_layer3.0.conv1_hfer0.6": 0.4568320289400391,
  "w0_layer3.0.conv1_hfer0.7": 0.34578166164931884,
  "w0_layer3.0.conv1_hfer0.6_hann": 0.45693481894073534,
  "w0_layer3.0.conv1_msr": 1.0,
  "gnorm_w0_layer3.0.conv1": 0.07947745044806716,
  "w0_linear_hfer0.5": 0.7510993868330187,
  "w0_linear_hfer0.6": 0.6435599764442216,
  "w0_linear_hfer0.7": 0.5087281022851887,
  "w0_linear_hfer0.6_hann": 0.6426771104123131,
  "w0_linear_msr": 1.0,
  "gnorm_w0_linear": 0.13612199345992163
}