{
  "gate_pass": true,
  "gate_a": true,
  "gate_b": true,
  "gate_c": true,
  "white_baseline": 0.40188911802099797,
  "share_lb": {
    "0.05": 0.8286878847242086,
    "0.1": 0.8423900895573767,
    "0.2": 0.9274022833096874
  },
  "hfer_mb": {
    "0.05": 0.8212543798150685,
    "0.1": 0.8290490020476167,
    "0.2": 0.9091751939193949
  },
  "hfer_lb": {
    "0.05": 0.8418530874257675,
    "0.1": 0.8400659642269845,
    "0.2": 0.9147353044431609
  },
  "hfer_xi": {
    "0.05": 0.40038945995990166,
    "0.1": 0.40425967287279824,
    "0.2": 0.40869081753662523
  },
  "hfer_in": {
    "0.05": 0.8795384370405784,
    "0.1": 0.8872645266001723,
    "0.2": 0.9417139091638541
  },
  "hfer_out": {
    "0.05": 0.5610459912510625,
    "0.1": 0.590691246752398,
    "0.2": 0.8139573736786169
  },
  "share_high_in": {
    "0.05": 0.9172136396203378,
    "0.1": 0.8848313898031096,
    "0.2": 0.8244621470040974
  },
  "cross_max": 0.13801839374216385,
  "eta_lam_top": {
    "0.05": 0.2723640441894531,
    "0.1": 0.4169310251871745,
    "0.2": 0.21427891651789346
  },
  "eig_resid_top": {
    "0.05": 0.003481076551928197,
    "0.1": 0.0016765621433521005,
    "0.2": 3.440258157165014e-06
  },
  "eig_device": "mps:0",
  "lb_batch": 1024,
  "eig_k": 16,
  "tail_loss": {
    "0.05": 2.4025517491499584,
    "0.1": 2.371732149124145,
    "0.2": 2.435347856680552
  }
}