{
  "diverged": false,
  "n_steps": 10000,
  "spikes": 1471,
  "train_loss_tail": 0.0012047143686577328,
  "val_loss": 0.912902978515625,
  "val_acc": 0.8502,
  "lam_tail": 6.571479797363281,
  "chi_tail": 0.2628591918945312,
  "sharpness_threshold": 95.00000000000001,
  "secs": 805.1,
  "hfer_w1_mid": 0.3961055793569184,
  "raw_paths": "",
  "w0_conv1_hfer0.5": 0.48449428641039566,
  "w0_conv1_hfer0.6": 0.385817167168478,
  "w0_conv1_hfer0.7": 0.29058257782144675,
  "w0_conv1_hfer0.6_hann": 0.3834446620655822,
  "w0_conv1_msr": 0.32110294107375126,
  "gnorm_w0_conv1": 0.15955668714047797,
  "w0_layer2.0.conv1_hfer0.5": 0.4934341713710547,
  "w0_layer2.0.conv1_hfer0.6": 0.3944714251483622,
  "w0_layer2.0.conv1_hfer0.7": 0.2958475151072225,
  "w0_layer2.0.conv1_hfer0.6_hann": 0.3944635920516139,
  "w0_layer2.0.conv1_msr": 0.3214209340967362,
  "gnorm_w0_layer2.0.conv1": 0.1718043078021461,
  "w0_layer3.0.conv1_hfer0.5": 0.49579297590813526,
  "w0_layer3.0.conv1_hfer0.6": 0.3961055793569184,
  "w0_layer3.0.conv1_hfer0.7": 0.2973810237721796,
  "w0_layer3.0.conv1_hfer0.6_hann": 0.3962805233688687,
  "w0_layer3.0.conv1_msr": 0.321310804291842,
  "gnorm_w0_layer3.0.conv1": 0.3061220021540097,
  "w0_linear_hfer0.5": 0.4499780444746834,
  "w0_linear_hfer0.6": 0.36129554608221426,
  "w0_linear_hfer0.7": 0.2678582519123601,
  "w0_linear_hfer0.6_hann": 0.3618972578635534,
  "w0_linear_msr": 0.3216585446736093,
  "gnorm_w0_linear": 0.16130683987166017
}