{
  "diverged": false,
  "n_steps": 10000,
  "spikes": 802,
  "train_loss_tail": 0.011792760478332638,
  "val_loss": 1.4605883911132813,
  "val_acc": 0.7722,
  "lam_tail": 2.8365097045898438,
  "chi_tail": 0.45384155273437493,
  "sharpness_threshold": 23.750000000000004,
  "secs": 823.5,
  "hfer_w1_mid": 0.3904625873786943,
  "raw_paths": "",
  "w0_conv1_hfer0.5": 0.40201601522603536,
  "w0_conv1_hfer0.6": 0.32041060537182564,
  "w0_conv1_hfer0.7": 0.24141030079515913,
  "w0_conv1_hfer0.6_hann": 0.31719010168273215,
  "w0_conv1_msr": 0.3206804797654912,
  "gnorm_w0_conv1": 0.1415963022870619,
  "w0_layer2.0.conv1_hfer0.5": 0.47132723227436074,
  "w0_layer2.0.conv1_hfer0.6": 0.3758467540648255,
  "w0_layer2.0.conv1_hfer0.7": 0.2826000081207585,
  "w0_layer2.0.conv1_hfer0.6_hann": 0.3752592840365628,
  "w0_layer2.0.conv1_msr": 0.32180307356889676,
  "gnorm_w0_layer2.0.conv1": 0.07958660798626148,
  "w0_layer3.0.conv1_hfer0.5": 0.4889359848037635,
  "w0_layer3.0.conv1_hfer0.6": 0.3904625873786943,
  "w0_layer3.0.conv1_hfer0.7": 0.29319543175243035,
  "w0_layer3.0.conv1_hfer0.6_hann": 0.3891471109987324,
  "w0_layer3.0.conv1_msr": 0.32176351543071796,
  "gnorm_w0_layer3.0.conv1": 0.1410954219817467,
  "w0_linear_hfer0.5": 0.42306889626399463,
  "w0_linear_hfer0.6": 0.33534514671726817,
  "w0_linear_hfer0.7": 0.24946366702467407,
  "w0_linear_hfer0.6_hann": 0.33266329455766996,
  "w0_linear_msr": 0.32328904929303376,
  "gnorm_w0_linear": 0.1194128930393197
}