{
  "diverged": false,
  "n_steps": 10000,
  "spikes": 1416,
  "train_loss_tail": 0.004031237972179952,
  "val_loss": 1.0409412231445312,
  "val_acc": 0.8381,
  "lam_tail": 4.458540916442871,
  "chi_tail": 0.0891708183288575,
  "sharpness_threshold": 194.9999999999998,
  "secs": 1206.3,
  "hfer_w1_mid": 0.3955162295106025,
  "raw_paths": "",
  "w0_conv1_hfer0.5": 0.4516046879625353,
  "w0_conv1_hfer0.6": 0.3621877863665519,
  "w0_conv1_hfer0.7": 0.27028415131650946,
  "w0_conv1_hfer0.6_hann": 0.36839769143791984,
  "w0_conv1_msr": 0.0007671293848966933,
  "gnorm_w0_conv1": 0.2832280000670443,
  "w0_layer2.0.conv1_hfer0.5": 0.4749201265291546,
  "w0_layer2.0.conv1_hfer0.6": 0.3793866755735352,
  "w0_layer2.0.conv1_hfer0.7": 0.2840906949316781,
  "w0_layer2.0.conv1_hfer0.6_hann": 0.3810905260961409,
  "w0_layer2.0.conv1_msr": 0.000766655358271103,
  "gnorm_w0_layer2.0.conv1": 0.276794217283815,
  "w0_layer3.0.conv1_hfer0.5": 0.48021454227032345,
  "w0_layer3.0.conv1_hfer0.6": 0.3836830398650677,
  "w0_layer3.0.conv1_hfer0.7": 0.288083632800842,
  "w0_layer3.0.conv1_hfer0.6_hann": 0.3841184707468974,
  "w0_layer3.0.conv1_msr": 0.0007660191890593713,
  "gnorm_w0_layer3.0.conv1": 0.4482723856538977,
  "w0_linear_hfer0.5": 0.3600570148777102,
  "w0_linear_hfer0.6": 0.2859903431941684,
  "w0_linear_hfer0.7": 0.21656525687600967,
  "w0_linear_hfer0.6_hann": 0.2914937574501688,
  "w0_linear_msr": 0.0007684900905487535,
  "gnorm_w0_linear": 0.4343126962230551,
  "w1_conv1_hfer0.5": 0.479089511940357,
  "w1_conv1_hfer0.6": 0.38481147434613694,
  "w1_conv1_hfer0.7": 0.2909761152106032,
  "w1_conv1_hfer0.6_hann": 0.38447511498809894,
  "w1_conv1_msr": 0.000763074661789283,
  "gnorm_w1_conv1": 0.16318651013267524,
  "w1_layer2.0.conv1_hfer0.5": 0.49248053536360464,
  "w1_layer2.0.conv1_hfer0.6": 0.39375877219068617,
  "w1_layer2.0.conv1_hfer0.7": 0.29608174971058177,
  "w1_layer2.0.conv1_hfer0.6_hann": 0.39532982751277507,
  "w1_layer2.0.conv1_msr": 0.0007665920288899797,
  "gnorm_w1_layer2.0.conv1": 0.179565321185956,
  "w1_layer3.0.conv1_hfer0.5": 0.4949503176634672,
  "w1_layer3.0.conv1_hfer0.6": 0.3955162295106025,
  "w1_layer3.0.conv1_hfer0.7": 0.29725013570127873,
  "w1_layer3.0.conv1_hfer0.6_hann": 0.395605648872194,
  "w1_layer3.0.conv1_msr": 0.0007666068839683154,
  "gnorm_w1_layer3.0.conv1": 0.33379240793096254,
  "w1_linear_hfer0.5": 0.4408262523164254,
  "w1_linear_hfer0.6": 0.34901079471594865,
  "w1_linear_hfer0.7": 0.2598650629929517,
  "w1_linear_hfer0.6_hann": 0.34711519569077187,
  "w1_linear_msr": 0.0007642772324935947,
  "gnorm_w1_linear": 0.18356771796177196,
  "w2_conv1_hfer0.5": 0.4908057716614613,
  "w2_conv1_hfer0.6": 0.39249376215335774,
  "w2_conv1_hfer0.7": 0.2969615885667728,
  "w2_conv1_hfer0.6_hann": 0.3959686528775032,
  "w2_conv1_msr": 0.0007695790668971601,
  "gnorm_w2_conv1": 0.08836549441053072,
  "w2_layer2.0.conv1_hfer0.5": 0.49688633256070425,
  "w2_layer2.0.conv1_hfer0.6": 0.3976879881774482,
  "w2_layer2.0.conv1_hfer0.7": 0.29823215761803845,
  "w2_layer2.0.conv1_hfer0.6_hann": 0.4000692870117046,
  "w2_layer2.0.conv1_msr": 0.0007685543260673503,
  "gnorm_w2_layer2.0.conv1": 0.1012878382507842,
  "w2_layer3.0.conv1_hfer0.5": 0.49785097406779666,
  "w2_layer3.0.conv1_hfer0.6": 0.39777473876350966,
  "w2_layer3.0.conv1_hfer0.7": 0.2983365930773109,
  "w2_layer3.0.conv1_hfer0.6_hann": 0.39936915094826797,
  "w2_layer3.0.conv1_msr": 0.0007678452261255652,
  "gnorm_w2_layer3.0.conv1": 0.19222617478329146,
  "w2_linear_hfer0.5": 0.47067756319221105,
  "w2_linear_hfer0.6": 0.3758776434255929,
  "w2_linear_hfer0.7": 0.2780498625914889,
  "w2_linear_hfer0.6_hann": 0.37605787438280025,
  "w2_linear_msr": 0.0007690009810876959,
  "gnorm_w2_linear": 0.08419456248482332,
  "shfer_w0_all": 0.37404380239837876,
  "shfer_w0_stem": 0.3637422085389637,
  "shfer_w0_layer1": 0.37596268463959176,
  "shfer_w0_layer2": 0.37873539158321756,
  "shfer_w0_layer3": 0.3849519995840998,
  "shfer_w0_layer4": 0.3741474049899553,
  "shfer_w0_head": 0.2822266328953492,
  "shfer_w1_all": 0.3924535805636054,
  "shfer_w1_stem": 0.38494716308885946,
  "shfer_w1_layer1": 0.39014891013097425,
  "shfer_w1_layer2": 0.3945755232504776,
  "shfer_w1_layer3": 0.3969958591920533,
  "shfer_w1_layer4": 0.3924456332679024,
  "shfer_w1_head": 0.34669648820037324,
  "shfer_w2_all": 0.3962975065042316,
  "shfer_w2_stem": 0.39749115828130555,
  "shfer_w2_layer1": 0.39215092179692973,
  "shfer_w2_layer2": 0.3974774763776762,
  "shfer_w2_layer3": 0.39869442559356055,
  "shfer_w2_layer4": 0.3957923297206672,
  "shfer_w2_head": 0.37673616641081836
}