{
  "diverged": false,
  "n_steps": 10000,
  "spikes": 1339,
  "train_loss_tail": 0.00639808959705988,
  "val_loss": 1.1628544921875,
  "val_acc": 0.8075,
  "lam_tail": 7.0982794761657715,
  "chi_tail": 1.4196558952331544,
  "sharpness_threshold": 15.0,
  "secs": 808.9,
  "hfer_w1_mid": 0.3991072838170933,
  "raw_paths": "",
  "w0_conv1_hfer0.5": 0.49289615348728555,
  "w0_conv1_hfer0.6": 0.3922527436822057,
  "w0_conv1_hfer0.7": 0.2941693977497468,
  "w0_conv1_hfer0.6_hann": 0.3904633681701606,
  "w0_conv1_msr": 0.504753000544408,
  "gnorm_w0_conv1": 0.18284935177985062,
  "w0_layer2.0.conv1_hfer0.5": 0.4994982378127264,
  "w0_layer2.0.conv1_hfer0.6": 0.39855776731278614,
  "w0_layer2.0.conv1_hfer0.7": 0.2993342145437278,
  "w0_layer2.0.conv1_hfer0.6_hann": 0.3979065921335744,
  "w0_layer2.0.conv1_msr": 0.5045504491294994,
  "gnorm_w0_layer2.0.conv1": 0.1327792886649947,
  "w0_layer3.0.conv1_hfer0.5": 0.5000332125496995,
  "w0_layer3.0.conv1_hfer0.6": 0.3991072838170933,
  "w0_layer3.0.conv1_hfer0.7": 0.29949054219684507,
  "w0_layer3.0.conv1_hfer0.6_hann": 0.39898850440832795,
  "w0_layer3.0.conv1_msr": 0.5046327609733631,
  "gnorm_w0_layer3.0.conv1": 0.29611190639351176,
  "w0_linear_hfer0.5": 0.502279145651379,
  "w0_linear_hfer0.6": 0.4020144701759465,
  "w0_linear_hfer0.7": 0.2999904867142093,
  "w0_linear_hfer0.6_hann": 0.3956507356771416,
  "w0_linear_msr": 0.5055391309642833,
  "gnorm_w0_linear": 0.14710805451463688
}