{
  "diverged": false,
  "n_steps": 10000,
  "spikes": 939,
  "train_loss_tail": 0.014622661425702971,
  "val_loss": 1.1818624389648438,
  "val_acc": 0.8035,
  "lam_tail": 3.1381046772003174,
  "chi_tail": 0.5020967483520508,
  "sharpness_threshold": 23.750000000000004,
  "secs": 817.7,
  "hfer_w1_mid": 0.3928762306599269,
  "raw_paths": "",
  "w0_conv1_hfer0.5": 0.4511197541730067,
  "w0_conv1_hfer0.6": 0.3534760960667928,
  "w0_conv1_hfer0.7": 0.2665944902061055,
  "w0_conv1_hfer0.6_hann": 0.3481833482327801,
  "w0_conv1_msr": 0.3212484525205909,
  "gnorm_w0_conv1": 0.11947407222720122,
  "w0_layer2.0.conv1_hfer0.5": 0.4848532246716437,
  "w0_layer2.0.conv1_hfer0.6": 0.3870898320052586,
  "w0_layer2.0.conv1_hfer0.7": 0.2906929936534804,
  "w0_layer2.0.conv1_hfer0.6_hann": 0.38657920379922217,
  "w0_layer2.0.conv1_msr": 0.32144288263143234,
  "gnorm_w0_layer2.0.conv1": 0.07885004201794207,
  "w0_layer3.0.conv1_hfer0.5": 0.49154459102068526,
  "w0_layer3.0.conv1_hfer0.6": 0.3928762306599269,
  "w0_layer3.0.conv1_hfer0.7": 0.2952139426584418,
  "w0_layer3.0.conv1_hfer0.6_hann": 0.3927858712393233,
  "w0_layer3.0.conv1_msr": 0.32144350246499165,
  "gnorm_w0_layer3.0.conv1": 0.16531290583311958,
  "w0_linear_hfer0.5": 0.4320475557301195,
  "w0_linear_hfer0.6": 0.34984875071832533,
  "w0_linear_hfer0.7": 0.2632167877521807,
  "w0_linear_hfer0.6_hann": 0.34587543774530827,
  "w0_linear_msr": 0.320540732906314,
  "gnorm_w0_linear": 0.1099692128516669
}