{
  "diverged": false,
  "n_steps": 10000,
  "spikes": 1376,
  "train_loss_tail": 0.0050938476313313,
  "val_loss": 0.9874445007324218,
  "val_acc": 0.8384,
  "lam_tail": 9.256084442138672,
  "chi_tail": 0.3702433776855468,
  "sharpness_threshold": 95.00000000000001,
  "secs": 804.6,
  "hfer_w1_mid": 0.395935763419867,
  "raw_paths": "",
  "w0_conv1_hfer0.5": 0.48544775498695814,
  "w0_conv1_hfer0.6": 0.38683523617069754,
  "w0_conv1_hfer0.7": 0.2905536827957675,
  "w0_conv1_hfer0.6_hann": 0.3899269754330937,
  "w0_conv1_msr": 0.32261971769077735,
  "gnorm_w0_conv1": 0.1632315520283889,
  "w0_layer2.0.conv1_hfer0.5": 0.49319603773937304,
  "w0_layer2.0.conv1_hfer0.6": 0.39379716099638556,
  "w0_layer2.0.conv1_hfer0.7": 0.296076817596142,
  "w0_layer2.0.conv1_hfer0.6_hann": 0.3942005800692274,
  "w0_layer2.0.conv1_msr": 0.3221142222004697,
  "gnorm_w0_layer2.0.conv1": 0.17264962620709837,
  "w0_layer3.0.conv1_hfer0.5": 0.49568553719832537,
  "w0_layer3.0.conv1_hfer0.6": 0.395935763419867,
  "w0_layer3.0.conv1_hfer0.7": 0.2971611130468146,
  "w0_layer3.0.conv1_hfer0.6_hann": 0.39594610082748205,
  "w0_layer3.0.conv1_msr": 0.3223432283288475,
  "gnorm_w0_layer3.0.conv1": 0.33326163635865247,
  "w0_linear_hfer0.5": 0.437502514902197,
  "w0_linear_hfer0.6": 0.3488533838593088,
  "w0_linear_hfer0.7": 0.26132630328551104,
  "w0_linear_hfer0.6_hann": 0.34610844209388136,
  "w0_linear_msr": 0.32348909192728764,
  "gnorm_w0_linear": 0.18360000746479194
}