{
  "diverged": false,
  "n_steps": 10000,
  "spikes": 440,
  "train_loss_tail": 0.0012803075733827426,
  "val_loss": 2.2148820556640625,
  "val_acc": 0.5758,
  "lam_tail": 0.2735937237739563,
  "chi_tail": 0.0027359372377395654,
  "sharpness_threshold": 389.9999999999996,
  "secs": 1272.8,
  "hfer_w1_mid": 0.3966644332716268,
  "raw_paths": "",
  "w0_conv1_hfer0.5": 0.42062700816970056,
  "w0_conv1_hfer0.6": 0.33486874679947387,
  "w0_conv1_hfer0.7": 0.251134362275498,
  "w0_conv1_hfer0.6_hann": 0.3375346410165444,
  "w0_conv1_msr": 0.0007690785814074795,
  "gnorm_w0_conv1": 0.5479513403480011,
  "w0_layer2.0.conv1_hfer0.5": 0.46500738082912263,
  "w0_layer2.0.conv1_hfer0.6": 0.3713395666878243,
  "w0_layer2.0.conv1_hfer0.7": 0.27860008887198745,
  "w0_layer2.0.conv1_hfer0.6_hann": 0.37439436370349904,
  "w0_layer2.0.conv1_msr": 0.0007665763592582866,
  "gnorm_w0_layer2.0.conv1": 0.47999237402946415,
  "w0_layer3.0.conv1_hfer0.5": 0.4806666496561967,
  "w0_layer3.0.conv1_hfer0.6": 0.38411230001663804,
  "w0_layer3.0.conv1_hfer0.7": 0.28837636532468086,
  "w0_layer3.0.conv1_hfer0.6_hann": 0.3854824791216907,
  "w0_layer3.0.conv1_msr": 0.0007658966272265418,
  "gnorm_w0_layer3.0.conv1": 0.8323381939768368,
  "w0_linear_hfer0.5": 0.43589780270188394,
  "w0_linear_hfer0.6": 0.34772371826011067,
  "w0_linear_hfer0.7": 0.26129992317442086,
  "w0_linear_hfer0.6_hann": 0.3480176287551922,
  "w0_linear_msr": 0.0007678014512418496,
  "gnorm_w0_linear": 1.2318814258439446,
  "w1_conv1_hfer0.5": 0.4760952096947802,
  "w1_conv1_hfer0.6": 0.3803254448047143,
  "w1_conv1_hfer0.7": 0.2869429223942179,
  "w1_conv1_hfer0.6_hann": 0.388105285242182,
  "w1_conv1_msr": 0.0007755234896138113,
  "gnorm_w1_conv1": 0.12153802379601822,
  "w1_layer2.0.conv1_hfer0.5": 0.493687614304312,
  "w1_layer2.0.conv1_hfer0.6": 0.39490560719629814,
  "w1_layer2.0.conv1_hfer0.7": 0.2952688328138976,
  "w1_layer2.0.conv1_hfer0.6_hann": 0.39632922766905126,
  "w1_layer2.0.conv1_msr": 0.0007738339986781297,
  "gnorm_w1_layer2.0.conv1": 0.12087219811358994,
  "w1_layer3.0.conv1_hfer0.5": 0.4964230965933211,
  "w1_layer3.0.conv1_hfer0.6": 0.3966644332716268,
  "w1_layer3.0.conv1_hfer0.7": 0.2975186074545109,
  "w1_layer3.0.conv1_hfer0.6_hann": 0.39812204740779683,
  "w1_layer3.0.conv1_msr": 0.0007721000456667321,
  "gnorm_w1_layer3.0.conv1": 0.24392316163410022,
  "w1_linear_hfer0.5": 0.48194204604248164,
  "w1_linear_hfer0.6": 0.38569828959362396,
  "w1_linear_hfer0.7": 0.28883071482757716,
  "w1_linear_hfer0.6_hann": 0.38882387375508076,
  "w1_linear_msr": 0.0007738324147865149,
  "gnorm_w1_linear": 0.2052540074245711,
  "w2_conv1_hfer0.5": 0.5052315194193655,
  "w2_conv1_hfer0.6": 0.403464922005144,
  "w2_conv1_hfer0.7": 0.3030144693313144,
  "w2_conv1_hfer0.6_hann": 0.39800672182455565,
  "w2_conv1_msr": 0.0007631215277162937,
  "gnorm_w2_conv1": 0.010902224482131177,
  "w2_layer2.0.conv1_hfer0.5": 0.5008097858870149,
  "w2_layer2.0.conv1_hfer0.6": 0.39969016651692174,
  "w2_layer2.0.conv1_hfer0.7": 0.3001784767377588,
  "w2_layer2.0.conv1_hfer0.6_hann": 0.4010153915555511,
  "w2_layer2.0.conv1_msr": 0.0007632306202493576,
  "gnorm_w2_layer2.0.conv1": 0.01223460362745962,
  "w2_layer3.0.conv1_hfer0.5": 0.5011725363528123,
  "w2_layer3.0.conv1_hfer0.6": 0.39977813937965306,
  "w2_layer3.0.conv1_hfer0.7": 0.30013031294441656,
  "w2_layer3.0.conv1_hfer0.6_hann": 0.4006432854855805,
  "w2_layer3.0.conv1_msr": 0.0007640343293331084,
  "gnorm_w2_layer3.0.conv1": 0.024014245914762835,
  "w2_linear_hfer0.5": 0.5000181558829627,
  "w2_linear_hfer0.6": 0.39985017542748835,
  "w2_linear_hfer0.7": 0.29962715985069216,
  "w2_linear_hfer0.6_hann": 0.39864078317505136,
  "w2_linear_msr": 0.00077033647462685,
  "gnorm_w2_linear": 0.03875625489722793,
  "shfer_w0_all": 0.3793822734875301,
  "shfer_w0_stem": 0.3366221354673354,
  "shfer_w0_layer1": 0.3606393186747833,
  "shfer_w0_layer2": 0.37807336528129726,
  "shfer_w0_layer3": 0.38551137190364665,
  "shfer_w0_layer4": 0.3884136262824583,
  "shfer_w0_head": 0.34586327027766783,
  "shfer_w1_all": 0.396393282332176,
  "shfer_w1_stem": 0.38073266379298487,
  "shfer_w1_layer1": 0.39288074242660376,
  "shfer_w1_layer2": 0.39705634493038355,
  "shfer_w1_layer3": 0.3983707651874837,
  "shfer_w1_layer4": 0.3948514132643033,
  "shfer_w1_head": 0.38837003888540117,
  "shfer_w2_all": 0.40187436815621913,
  "shfer_w2_stem": 0.4046143681351028,
  "shfer_w2_layer1": 0.39954916683280123,
  "shfer_w2_layer2": 0.39944448828357304,
  "shfer_w2_layer3": 0.4006224879079027,
  "shfer_w2_layer4": 0.4000111351135428,
  "shfer_w2_head": 0.4024658901815397
}