{
  "diverged": false,
  "n_steps": 10000,
  "spikes": 1106,
  "train_loss_tail": 0.0016640989235238521,
  "val_loss": 1.1691603271484374,
  "val_acc": 0.8042,
  "lam_tail": 1.4175164699554443,
  "chi_tail": 0.5670065879821777,
  "sharpness_threshold": 5.0,
  "secs": 1231.1,
  "hfer_w1_mid": 0.40784143719457144,
  "raw_paths": "",
  "w0_conv1_hfer0.5": 0.6975801084665214,
  "w0_conv1_hfer0.6": 0.5811147282611381,
  "w0_conv1_hfer0.7": 0.44510766762671855,
  "w0_conv1_hfer0.6_hann": 0.5787317172771029,
  "w0_conv1_msr": 1.0,
  "gnorm_w0_conv1": 0.4258092739995926,
  "w0_layer2.0.conv1_hfer0.5": 0.5667116819212126,
  "w0_layer2.0.conv1_hfer0.6": 0.46010905338955754,
  "w0_layer2.0.conv1_hfer0.7": 0.3480474268319182,
  "w0_layer2.0.conv1_hfer0.6_hann": 0.4573193808980368,
  "w0_layer2.0.conv1_msr": 1.0,
  "gnorm_w0_layer2.0.conv1": 0.22114774283924948,
  "w0_layer3.0.conv1_hfer0.5": 0.5409850699013669,
  "w0_layer3.0.conv1_hfer0.6": 0.4362507402874508,
  "w0_layer3.0.conv1_hfer0.7": 0.32996420609499283,
  "w0_layer3.0.conv1_hfer0.6_hann": 0.4335052113473008,
  "w0_layer3.0.conv1_msr": 1.0,
  "gnorm_w0_layer3.0.conv1": 0.36528249361709797,
  "w0_linear_hfer0.5": 0.7192122131330946,
  "w0_linear_hfer0.6": 0.6086164927034502,
  "w0_linear_hfer0.7": 0.47925742179763053,
  "w0_linear_hfer0.6_hann": 0.593017214118707,
  "w0_linear_msr": 1.0,
  "gnorm_w0_linear": 0.3579789757747334,
  "w1_conv1_hfer0.5": 0.5717407681445359,
  "w1_conv1_hfer0.6": 0.45877211624228426,
  "w1_conv1_hfer0.7": 0.341311054553774,
  "w1_conv1_hfer0.6_hann": 0.4580322596799716,
  "w1_conv1_msr": 1.0,
  "gnorm_w1_conv1": 0.2465284999496907,
  "w1_layer2.0.conv1_hfer0.5": 0.518907087594361,
  "w1_layer2.0.conv1_hfer0.6": 0.4150338286710324,
  "w1_layer2.0.conv1_hfer0.7": 0.3117460652806969,
  "w1_layer2.0.conv1_hfer0.6_hann": 0.4139975876563479,
  "w1_layer2.0.conv1_msr": 1.0,
  "gnorm_w1_layer2.0.conv1": 0.14833787669673862,
  "w1_layer3.0.conv1_hfer0.5": 0.5104959497724092,
  "w1_layer3.0.conv1_hfer0.6": 0.40784143719457144,
  "w1_layer3.0.conv1_hfer0.7": 0.30642283550672506,
  "w1_layer3.0.conv1_hfer0.6_hann": 0.4074829144198249,
  "w1_layer3.0.conv1_msr": 1.0,
  "gnorm_w1_layer3.0.conv1": 0.28403981480021845,
  "w1_linear_hfer0.5": 0.589500599707296,
  "w1_linear_hfer0.6": 0.4794883561520764,
  "w1_linear_hfer0.7": 0.3516878957699415,
  "w1_linear_hfer0.6_hann": 0.46227820193836794,
  "w1_linear_msr": 1.0,
  "gnorm_w1_linear": 0.17058229305603678,
  "w2_conv1_hfer0.5": 0.5252610002235288,
  "w2_conv1_hfer0.6": 0.42579524837251126,
  "w2_conv1_hfer0.7": 0.31893928550012024,
  "w2_conv1_hfer0.6_hann": 0.42170603520416705,
  "w2_conv1_msr": 1.0,
  "gnorm_w2_conv1": 0.09336608521073228,
  "w2_layer2.0.conv1_hfer0.5": 0.5076725698600749,
  "w2_layer2.0.conv1_hfer0.6": 0.40552336772740677,
  "w2_layer2.0.conv1_hfer0.7": 0.30437049669049904,
  "w2_layer2.0.conv1_hfer0.6_hann": 0.40243537386276595,
  "w2_layer2.0.conv1_msr": 1.0,
  "gnorm_w2_layer2.0.conv1": 0.05911731795851408,
  "w2_layer3.0.conv1_hfer0.5": 0.5048233338221644,
  "w2_layer3.0.conv1_hfer0.6": 0.4026117846792447,
  "w2_layer3.0.conv1_hfer0.7": 0.30256364696801996,
  "w2_layer3.0.conv1_hfer0.6_hann": 0.4026926136663017,
  "w2_layer3.0.conv1_msr": 1.0,
  "gnorm_w2_layer3.0.conv1": 0.11510479444943672,
  "w2_linear_hfer0.5": 0.5301314229260395,
  "w2_linear_hfer0.6": 0.4217322122894529,
  "w2_linear_hfer0.7": 0.3155014465952752,
  "w2_linear_hfer0.6_hann": 0.42295764985323475,
  "w2_linear_msr": 1.0,
  "gnorm_w2_linear": 0.05350548141952193,
  "shfer_w0_all": 0.450391568405942,
  "shfer_w0_stem": 0.5778333969602502,
  "shfer_w0_layer1": 0.4902665775327843,
  "shfer_w0_layer2": 0.4513922049518187,
  "shfer_w0_layer3": 0.4310975622116001,
  "shfer_w0_layer4": 0.4326265280549438,
  "shfer_w0_head": 0.606233100788772,
  "shfer_w1_all": 0.4095579456099114,
  "shfer_w1_stem": 0.4562932273631414,
  "shfer_w1_layer1": 0.42084621402948513,
  "shfer_w1_layer2": 0.4128230474188517,
  "shfer_w1_layer3": 0.40810319778857607,
  "shfer_w1_layer4": 0.40632070273984067,
  "shfer_w1_head": 0.4773317815642289,
  "shfer_w2_all": 0.40227018760025607,
  "shfer_w2_stem": 0.4269543279198285,
  "shfer_w2_layer1": 0.40851726459115956,
  "shfer_w2_layer2": 0.40450342015646606,
  "shfer_w2_layer3": 0.40272557664487474,
  "shfer_w2_layer4": 0.4004324954753645,
  "shfer_w2_head": 0.423278724078348
}