{
  "gate_pass": true,
  "best_align_beta": 0.9,
  "moderate_best": true,
  "align_g": {
    "0.0": 0.13603645240528744,
    "0.5": 0.36268361731815335,
    "0.9": 0.885867886116381,
    "0.95": 0.6371389802451362,
    "0.99": 0.34901562655175306
  },
  "align_m": {
    "0.0": 0.13603645240528744,
    "0.5": 0.5256223991017065,
    "0.9": 0.9914794722972713,
    "0.95": 0.9807053675927337,
    "0.99": 0.9353414255370051
  },
  "hill_energy": {
    "0.0": 1318862.8687878707,
    "0.5": 6248.776351172144,
    "0.9": 0.4903611737621069,
    "0.95": 1.0429018088852886,
    "0.99": 2.853881778132603
  },
  "lag": {
    "0.0": 0.8639635475947125,
    "0.5": 0.4743776008982935,
    "0.9": 0.008520527702728604,
    "0.95": 0.01929463240726633,
    "0.99": 0.06465857446299485
  },
  "progress": {
    "0.0": 0.9441053284952439,
    "0.5": -0.2879617720223684,
    "0.9": 0.8506713290803323,
    "0.95": 0.8597798243448971,
    "0.99": 0.8108680851973826
  }
}