{
  "diverged": false,
  "n_steps": 10000,
  "spikes": 1168,
  "train_loss_tail": 0.00010867509464515024,
  "val_loss": 0.8221813293457031,
  "val_acc": 0.8421,
  "lam_tail": 0.3273772597312927,
  "chi_tail": 0.016368862986564637,
  "sharpness_threshold": 60.0,
  "secs": 1287.4,
  "hfer_w1_mid": 0.3996350494612363,
  "raw_paths": "/work/02/gs26/s26001/river-valley-momentum/codebases/results/raw/grid_cifar10_bn_ema_lr0.1_b0.5_s0/w1_layer3.0.conv1_G.npz;/work/02/gs26/s26001/river-valley-momentum/codebases/results/raw/grid_cifar10_bn_ema_lr0.1_b0.5_s0/w1_linear_G.npz",
  "w0_conv1_hfer0.5": 0.49450899235671275,
  "w0_conv1_hfer0.6": 0.391555990121138,
  "w0_conv1_hfer0.7": 0.29413853644477056,
  "w0_conv1_hfer0.6_hann": 0.388143718645277,
  "w0_conv1_msr": 0.12627376407047725,
  "gnorm_w0_conv1": 0.5013995745464003,
  "w0_layer2.0.conv1_hfer0.5": 0.4983278542079576,
  "w0_layer2.0.conv1_hfer0.6": 0.3964481062989232,
  "w0_layer2.0.conv1_hfer0.7": 0.2972219464487773,
  "w0_layer2.0.conv1_hfer0.6_hann": 0.39683354098940643,
  "w0_layer2.0.conv1_msr": 0.1261475828859487,
  "gnorm_w0_layer2.0.conv1": 0.5216718625049214,
  "w0_layer3.0.conv1_hfer0.5": 0.49891669227182694,
  "w0_layer3.0.conv1_hfer0.6": 0.3977267452767029,
  "w0_layer3.0.conv1_hfer0.7": 0.29830653089501047,
  "w0_layer3.0.conv1_hfer0.6_hann": 0.3975948774083093,
  "w0_layer3.0.conv1_msr": 0.12614184952480537,
  "gnorm_w0_layer3.0.conv1": 0.8737964115271517,
  "w0_linear_hfer0.5": 0.4946170966050912,
  "w0_linear_hfer0.6": 0.3836915660911549,
  "w0_linear_hfer0.7": 0.28342864226154835,
  "w0_linear_hfer0.6_hann": 0.38192584103641153,
  "w0_linear_msr": 0.1265502436573122,
  "gnorm_w0_linear": 0.633534246723057,
  "w1_conv1_hfer0.5": 0.4951939620812371,
  "w1_conv1_hfer0.6": 0.3961547923106544,
  "w1_conv1_hfer0.7": 0.29360430940439125,
  "w1_conv1_hfer0.6_hann": 0.39922173406974154,
  "w1_conv1_msr": 0.12629898764597627,
  "gnorm_w1_conv1": 0.1988330332596432,
  "w1_layer2.0.conv1_hfer0.5": 0.49926208355757595,
  "w1_layer2.0.conv1_hfer0.6": 0.3990945493265133,
  "w1_layer2.0.conv1_hfer0.7": 0.29926644896734744,
  "w1_layer2.0.conv1_hfer0.6_hann": 0.3989173911838542,
  "w1_layer2.0.conv1_msr": 0.12607493455635452,
  "gnorm_w1_layer2.0.conv1": 0.22163406043533385,
  "w1_layer3.0.conv1_hfer0.5": 0.5000196523359671,
  "w1_layer3.0.conv1_hfer0.6": 0.3996350494612363,
  "w1_layer3.0.conv1_hfer0.7": 0.3000663642107713,
  "w1_layer3.0.conv1_hfer0.6_hann": 0.39951004864063483,
  "w1_layer3.0.conv1_msr": 0.12608218786147166,
  "gnorm_w1_layer3.0.conv1": 0.39890220581149866,
  "w1_linear_hfer0.5": 0.49908963957478814,
  "w1_linear_hfer0.6": 0.39594067116333587,
  "w1_linear_hfer0.7": 0.29695373041437123,
  "w1_linear_hfer0.6_hann": 0.39540385990438626,
  "w1_linear_msr": 0.12638361473315168,
  "gnorm_w1_linear": 0.15718077939062186,
  "w2_conv1_hfer0.5": 0.5025553297203329,
  "w2_conv1_hfer0.6": 0.3997595848911799,
  "w2_conv1_hfer0.7": 0.3007902969729716,
  "w2_conv1_hfer0.6_hann": 0.39787521817444493,
  "w2_conv1_msr": 0.12605603336943375,
  "gnorm_w2_conv1": 0.006690892963326711,
  "w2_layer2.0.conv1_hfer0.5": 0.500759782876439,
  "w2_layer2.0.conv1_hfer0.6": 0.39960354993462366,
  "w2_layer2.0.conv1_hfer0.7": 0.30089804713366514,
  "w2_layer2.0.conv1_hfer0.6_hann": 0.3995723485234824,
  "w2_layer2.0.conv1_msr": 0.12597771914541211,
  "gnorm_w2_layer2.0.conv1": 0.007552124729274712,
  "w2_layer3.0.conv1_hfer0.5": 0.5009705303215587,
  "w2_layer3.0.conv1_hfer0.6": 0.4003122336175748,
  "w2_layer3.0.conv1_hfer0.7": 0.300856899909829,
  "w2_layer3.0.conv1_hfer0.6_hann": 0.4001235828276611,
  "w2_layer3.0.conv1_msr": 0.1260198794260892,
  "gnorm_w2_layer3.0.conv1": 0.013798844553647003,
  "w2_linear_hfer0.5": 0.5047576107075357,
  "w2_linear_hfer0.6": 0.4040963270883996,
  "w2_linear_hfer0.7": 0.30085613053359966,
  "w2_linear_hfer0.6_hann": 0.4017564253675569,
  "w2_linear_msr": 0.12618724932550404,
  "gnorm_w2_linear": 0.004502260741819546,
  "shfer_w0_all": 0.3972922233689472,
  "shfer_w0_stem": 0.3909321588270671,
  "shfer_w0_layer1": 0.3938917977475079,
  "shfer_w0_layer2": 0.39863301214649793,
  "shfer_w0_layer3": 0.3973240469654131,
  "shfer_w0_layer4": 0.39439840962400846,
  "shfer_w0_head": 0.385818443305921,
  "shfer_w1_all": 0.40086425536710407,
  "shfer_w1_stem": 0.3958314828803584,
  "shfer_w1_layer1": 0.39959033695711926,
  "shfer_w1_layer2": 0.39927234428480624,
  "shfer_w1_layer3": 0.3970495778930423,
  "shfer_w1_layer4": 0.4002272069229886,
  "shfer_w1_head": 0.3993929356738794,
  "shfer_w2_all": 0.4002427834606863,
  "shfer_w2_stem": 0.39938350029575864,
  "shfer_w2_layer1": 0.4004305170924475,
  "shfer_w2_layer2": 0.3987530779722815,
  "shfer_w2_layer3": 0.39929126324107006,
  "shfer_w2_layer4": 0.4011993318586936,
  "shfer_w2_head": 0.40479863615418227
}