{
  "diverged": false,
  "n_steps": 10000,
  "spikes": 1098,
  "train_loss_tail": 0.00011800723468695651,
  "val_loss": 0.8843614440917968,
  "val_acc": 0.837,
  "lam_tail": 0.30940937995910645,
  "chi_tail": 0.00030940937995910673,
  "sharpness_threshold": 3979.9999999999964,
  "secs": 1283.0,
  "hfer_w1_mid": 0.3952312213998418,
  "raw_paths": "/work/02/gs26/s26001/river-valley-momentum/codebases/results/raw/grid_cifar10_bn_ema_lr0.1_b0.99_s0/w1_layer3.0.conv1_G.npz;/work/02/gs26/s26001/river-valley-momentum/codebases/results/raw/grid_cifar10_bn_ema_lr0.1_b0.99_s0/w1_linear_G.npz",
  "w0_conv1_hfer0.5": 0.42544219128845384,
  "w0_conv1_hfer0.6": 0.3412995901698889,
  "w0_conv1_hfer0.7": 0.2548365646684141,
  "w0_conv1_hfer0.6_hann": 0.3430674602354605,
  "w0_conv1_msr": 3.080489958334658e-05,
  "gnorm_w0_conv1": 0.6312346327258318,
  "w0_layer2.0.conv1_hfer0.5": 0.47096323648949495,
  "w0_layer2.0.conv1_hfer0.6": 0.3765142302576702,
  "w0_layer2.0.conv1_hfer0.7": 0.2831463130481471,
  "w0_layer2.0.conv1_hfer0.6_hann": 0.37745130766115215,
  "w0_layer2.0.conv1_msr": 3.0757234386869516e-05,
  "gnorm_w0_layer2.0.conv1": 0.5052880976231355,
  "w0_layer3.0.conv1_hfer0.5": 0.4805135921947105,
  "w0_layer3.0.conv1_hfer0.6": 0.38354706907336555,
  "w0_layer3.0.conv1_hfer0.7": 0.28822480987324073,
  "w0_layer3.0.conv1_hfer0.6_hann": 0.3845132831536491,
  "w0_layer3.0.conv1_msr": 3.049013074716992e-05,
  "gnorm_w0_layer3.0.conv1": 0.883100624184718,
  "w0_linear_hfer0.5": 0.3499562257706843,
  "w0_linear_hfer0.6": 0.27997387433887266,
  "w0_linear_hfer0.7": 0.21150780182929585,
  "w0_linear_hfer0.6_hann": 0.29507513899028537,
  "w0_linear_msr": 3.0517236292135932e-05,
  "gnorm_w0_linear": 0.8493391802175089,
  "w1_conv1_hfer0.5": 0.4742589515764064,
  "w1_conv1_hfer0.6": 0.3787639564633811,
  "w1_conv1_hfer0.7": 0.28475225726935344,
  "w1_conv1_hfer0.6_hann": 0.38205890047869284,
  "w1_conv1_msr": 3.0319189719163745e-05,
  "gnorm_w1_conv1": 0.2780193489445576,
  "w1_layer2.0.conv1_hfer0.5": 0.4916951220002325,
  "w1_layer2.0.conv1_hfer0.6": 0.39284333174710845,
  "w1_layer2.0.conv1_hfer0.7": 0.2949625272772682,
  "w1_layer2.0.conv1_hfer0.6_hann": 0.39412263987173873,
  "w1_layer2.0.conv1_msr": 3.07176426984136e-05,
  "gnorm_w1_layer2.0.conv1": 0.2628286030902714,
  "w1_layer3.0.conv1_hfer0.5": 0.49500971364801893,
  "w1_layer3.0.conv1_hfer0.6": 0.3952312213998418,
  "w1_layer3.0.conv1_hfer0.7": 0.2968807400483038,
  "w1_layer3.0.conv1_hfer0.6_hann": 0.39572039739619547,
  "w1_layer3.0.conv1_msr": 3.063140548956842e-05,
  "gnorm_w1_layer3.0.conv1": 0.5052208971233498,
  "w1_linear_hfer0.5": 0.45138863337733315,
  "w1_linear_hfer0.6": 0.3572604385527897,
  "w1_linear_hfer0.7": 0.26965457293399947,
  "w1_linear_hfer0.6_hann": 0.3686203434526881,
  "w1_linear_msr": 3.0154152685128988e-05,
  "gnorm_w1_linear": 0.24742619534767493,
  "w2_conv1_hfer0.5": 0.4982646288190978,
  "w2_conv1_hfer0.6": 0.3998580290202127,
  "w2_conv1_hfer0.7": 0.29991701892978195,
  "w2_conv1_hfer0.6_hann": 0.3980201280574239,
  "w2_conv1_msr": 3.065108370732544e-05,
  "gnorm_w2_conv1": 0.014583134826538923,
  "w2_layer2.0.conv1_hfer0.5": 0.5002703811863478,
  "w2_layer2.0.conv1_hfer0.6": 0.39956421547318177,
  "w2_layer2.0.conv1_hfer0.7": 0.3001956366331423,
  "w2_layer2.0.conv1_hfer0.6_hann": 0.3999436811070171,
  "w2_layer2.0.conv1_msr": 3.0596679133746516e-05,
  "gnorm_w2_layer2.0.conv1": 0.014929408131463593,
  "w2_layer3.0.conv1_hfer0.5": 0.5006571218419315,
  "w2_layer3.0.conv1_hfer0.6": 0.3999662421532229,
  "w2_layer3.0.conv1_hfer0.7": 0.30077117306049156,
  "w2_layer3.0.conv1_hfer0.6_hann": 0.3995091419524941,
  "w2_layer3.0.conv1_msr": 3.06989097751494e-05,
  "gnorm_w2_layer3.0.conv1": 0.028321742872380155,
  "w2_linear_hfer0.5": 0.5039670700647156,
  "w2_linear_hfer0.6": 0.40105761048920685,
  "w2_linear_hfer0.7": 0.3030274788781368,
  "w2_linear_hfer0.6_hann": 0.3954437366383607,
  "w2_linear_msr": 3.0173576315424115e-05,
  "gnorm_w2_linear": 0.011376854988114228,
  "shfer_w0_all": 0.3747979041746374,
  "shfer_w0_stem": 0.3402232122574439,
  "shfer_w0_layer1": 0.36838886263600074,
  "shfer_w0_layer2": 0.37995696998457085,
  "shfer_w0_layer3": 0.38416490932941205,
  "shfer_w0_layer4": 0.3809102374797049,
  "shfer_w0_head": 0.2804534762918051,
  "shfer_w1_all": 0.39379371809547115,
  "shfer_w1_stem": 0.3808317762285343,
  "shfer_w1_layer1": 0.3880667714596918,
  "shfer_w1_layer2": 0.39663887086152727,
  "shfer_w1_layer3": 0.39491142181639655,
  "shfer_w1_layer4": 0.39574082171302544,
  "shfer_w1_head": 0.3559495686285041,
  "shfer_w2_all": 0.3982302238093654,
  "shfer_w2_stem": 0.399162790357193,
  "shfer_w2_layer1": 0.39905649508053337,
  "shfer_w2_layer2": 0.40013802238066437,
  "shfer_w2_layer3": 0.3991219854277148,
  "shfer_w2_layer4": 0.4000167907972157,
  "shfer_w2_head": 0.39981048608035274
}