{
  "diverged": false,
  "n_steps": 10000,
  "spikes": 379,
  "train_loss_tail": 0.001892238288302906,
  "val_loss": 2.059076818847656,
  "val_acc": 0.5651,
  "lam_tail": 0.36813685297966003,
  "chi_tail": 0.018406842648983002,
  "sharpness_threshold": 60.0,
  "secs": 1279.4,
  "hfer_w1_mid": 0.4007197119499082,
  "raw_paths": "",
  "w0_conv1_hfer0.5": 0.5010199444484263,
  "w0_conv1_hfer0.6": 0.39194310541692123,
  "w0_conv1_hfer0.7": 0.2897270776439931,
  "w0_conv1_hfer0.6_hann": 0.391328612748242,
  "w0_conv1_msr": 0.12657492875711732,
  "gnorm_w0_conv1": 0.7178627716436649,
  "w0_layer2.0.conv1_hfer0.5": 0.49847375268431293,
  "w0_layer2.0.conv1_hfer0.6": 0.3961690017497398,
  "w0_layer2.0.conv1_hfer0.7": 0.2963373625484509,
  "w0_layer2.0.conv1_hfer0.6_hann": 0.39587899977259516,
  "w0_layer2.0.conv1_msr": 0.1261891929016593,
  "gnorm_w0_layer2.0.conv1": 0.6869730769262284,
  "w0_layer3.0.conv1_hfer0.5": 0.4991138248711801,
  "w0_layer3.0.conv1_hfer0.6": 0.3977824728188919,
  "w0_layer3.0.conv1_hfer0.7": 0.29838727734007414,
  "w0_layer3.0.conv1_hfer0.6_hann": 0.3978434756557111,
  "w0_layer3.0.conv1_msr": 0.12612678900899307,
  "gnorm_w0_layer3.0.conv1": 1.2118640883292322,
  "w0_linear_hfer0.5": 0.4951458638734127,
  "w0_linear_hfer0.6": 0.3909136847474835,
  "w0_linear_hfer0.7": 0.2918579926510071,
  "w0_linear_hfer0.6_hann": 0.392979164145927,
  "w0_linear_msr": 0.12625606088735739,
  "gnorm_w0_linear": 1.287167255865972,
  "w1_conv1_hfer0.5": 0.5012873266203434,
  "w1_conv1_hfer0.6": 0.3993150179625945,
  "w1_conv1_hfer0.7": 0.30472654045224656,
  "w1_conv1_hfer0.6_hann": 0.39554118139929073,
  "w1_conv1_msr": 0.12569359942081082,
  "gnorm_w1_conv1": 0.09193596526622996,
  "w1_layer2.0.conv1_hfer0.5": 0.500820997910631,
  "w1_layer2.0.conv1_hfer0.6": 0.4001664723199623,
  "w1_layer2.0.conv1_hfer0.7": 0.3014137020901716,
  "w1_layer2.0.conv1_hfer0.6_hann": 0.400193126045248,
  "w1_layer2.0.conv1_msr": 0.12605918197284788,
  "gnorm_w1_layer2.0.conv1": 0.09514693593310265,
  "w1_layer3.0.conv1_hfer0.5": 0.5011263423753326,
  "w1_layer3.0.conv1_hfer0.6": 0.4007197119499082,
  "w1_layer3.0.conv1_hfer0.7": 0.30158693755771265,
  "w1_layer3.0.conv1_hfer0.6_hann": 0.40000439695896156,
  "w1_layer3.0.conv1_msr": 0.12606981167286269,
  "gnorm_w1_layer3.0.conv1": 0.18861314570367357,
  "w1_linear_hfer0.5": 0.4981724018822923,
  "w1_linear_hfer0.6": 0.39992362035869977,
  "w1_linear_hfer0.7": 0.30517677285169925,
  "w1_linear_hfer0.6_hann": 0.39560539913124143,
  "w1_linear_msr": 0.1258164667746339,
  "gnorm_w1_linear": 0.12007328167686795,
  "w2_conv1_hfer0.5": 0.4999269353587174,
  "w2_conv1_hfer0.6": 0.4079210140098542,
  "w2_conv1_hfer0.7": 0.30567890049572677,
  "w2_conv1_hfer0.6_hann": 0.403014763751562,
  "w2_conv1_msr": 0.1261621969433,
  "gnorm_w2_conv1": 0.014537730604207932,
  "w2_layer2.0.conv1_hfer0.5": 0.5008915569437629,
  "w2_layer2.0.conv1_hfer0.6": 0.4027769094177641,
  "w2_layer2.0.conv1_hfer0.7": 0.3023555919130505,
  "w2_layer2.0.conv1_hfer0.6_hann": 0.4007282531129913,
  "w2_layer2.0.conv1_msr": 0.12607169123368664,
  "gnorm_w2_layer2.0.conv1": 0.01640561621378185,
  "w2_layer3.0.conv1_hfer0.5": 0.5006664616092679,
  "w2_layer3.0.conv1_hfer0.6": 0.40301158817159083,
  "w2_layer3.0.conv1_hfer0.7": 0.3025577410172975,
  "w2_layer3.0.conv1_hfer0.6_hann": 0.40056341835082365,
  "w2_layer3.0.conv1_msr": 0.12609441228428495,
  "gnorm_w2_layer3.0.conv1": 0.03385018260071248,
  "w2_linear_hfer0.5": 0.5006834675641099,
  "w2_linear_hfer0.6": 0.4015115180898169,
  "w2_linear_hfer0.7": 0.3024535115186249,
  "w2_linear_hfer0.6_hann": 0.3983655506323428,
  "w2_linear_msr": 0.1260462284364654,
  "gnorm_w2_linear": 0.043309311966978147,
  "shfer_w0_all": 0.39745570933316116,
  "shfer_w0_stem": 0.3906477432074506,
  "shfer_w0_layer1": 0.39528298154840213,
  "shfer_w0_layer2": 0.3958649341985519,
  "shfer_w0_layer3": 0.39782650425343913,
  "shfer_w0_layer4": 0.3945326929784532,
  "shfer_w0_head": 0.3901112923286616,
  "shfer_w1_all": 0.40264321194013153,
  "shfer_w1_stem": 0.3974763022176868,
  "shfer_w1_layer1": 0.40122565222605755,
  "shfer_w1_layer2": 0.4020112132293781,
  "shfer_w1_layer3": 0.4020352030130399,
  "shfer_w1_layer4": 0.40164551747253974,
  "shfer_w1_head": 0.3988121363397309,
  "shfer_w2_all": 0.402576736786627,
  "shfer_w2_stem": 0.4105368160234367,
  "shfer_w2_layer1": 0.40370405536540466,
  "shfer_w2_layer2": 0.4023183719566862,
  "shfer_w2_layer3": 0.4037472016241122,
  "shfer_w2_layer4": 0.40386268343871284,
  "shfer_w2_head": 0.40143564426207334
}