{
  "diverged": false,
  "n_steps": 10000,
  "spikes": 550,
  "train_loss_tail": 0.02146111347479746,
  "val_loss": 1.2748549682617187,
  "val_acc": 0.7761,
  "lam_tail": 1.0546389818191528,
  "chi_tail": 0.1687422370910646,
  "sharpness_threshold": 24.374999999999975,
  "secs": 831.6,
  "hfer_w1_mid": 0.3838671080518984,
  "raw_paths": "",
  "w0_conv1_hfer0.5": 0.366658040622883,
  "w0_conv1_hfer0.6": 0.2899945781828787,
  "w0_conv1_hfer0.7": 0.22101851473878256,
  "w0_conv1_hfer0.6_hann": 0.294999446716997,
  "w0_conv1_msr": 0.30494522401137775,
  "gnorm_w0_conv1": 0.13009884834880905,
  "w0_layer2.0.conv1_hfer0.5": 0.46291744443608485,
  "w0_layer2.0.conv1_hfer0.6": 0.3696184263153159,
  "w0_layer2.0.conv1_hfer0.7": 0.2777501824384217,
  "w0_layer2.0.conv1_hfer0.6_hann": 0.37117745589891615,
  "w0_layer2.0.conv1_msr": 0.3075278835496736,
  "gnorm_w0_layer2.0.conv1": 0.0755781764983469,
  "w0_layer3.0.conv1_hfer0.5": 0.48021184501845754,
  "w0_layer3.0.conv1_hfer0.6": 0.3838671080518984,
  "w0_layer3.0.conv1_hfer0.7": 0.28889321050286354,
  "w0_layer3.0.conv1_hfer0.6_hann": 0.38486894948382,
  "w0_layer3.0.conv1_msr": 0.3066086181861784,
  "gnorm_w0_layer3.0.conv1": 0.11286204588414081,
  "w0_linear_hfer0.5": 0.394401881887518,
  "w0_linear_hfer0.6": 0.31447769300157025,
  "w0_linear_hfer0.7": 0.23844153724537615,
  "w0_linear_hfer0.6_hann": 0.3118214280189842,
  "w0_linear_msr": 0.30766016303623506,
  "gnorm_w0_linear": 0.1098565557029676
}