{
  "diverged": false,
  "n_steps": 10000,
  "spikes": 931,
  "train_loss_tail": 0.011553523102193139,
  "val_loss": 1.2870482299804689,
  "val_acc": 0.7959,
  "lam_tail": 1.3721832036972046,
  "chi_tail": 0.2195493125915527,
  "sharpness_threshold": 23.750000000000004,
  "secs": 821.3,
  "hfer_w1_mid": 0.3922093743095742,
  "raw_paths": "",
  "w0_conv1_hfer0.5": 0.43296765347144706,
  "w0_conv1_hfer0.6": 0.3450503099725551,
  "w0_conv1_hfer0.7": 0.2551033364450123,
  "w0_conv1_hfer0.6_hann": 0.3441787744148174,
  "w0_conv1_msr": 0.321899019649671,
  "gnorm_w0_conv1": 0.12913204334607478,
  "w0_layer2.0.conv1_hfer0.5": 0.4793297486110605,
  "w0_layer2.0.conv1_hfer0.6": 0.38262562260411265,
  "w0_layer2.0.conv1_hfer0.7": 0.28699135006481624,
  "w0_layer2.0.conv1_hfer0.6_hann": 0.3836091370100353,
  "w0_layer2.0.conv1_msr": 0.32170569140680844,
  "gnorm_w0_layer2.0.conv1": 0.08546323759608541,
  "w0_layer3.0.conv1_hfer0.5": 0.4906473708866385,
  "w0_layer3.0.conv1_hfer0.6": 0.3922093743095742,
  "w0_layer3.0.conv1_hfer0.7": 0.29425568759268156,
  "w0_layer3.0.conv1_hfer0.6_hann": 0.39239187342515924,
  "w0_layer3.0.conv1_msr": 0.32229179818866566,
  "gnorm_w0_layer3.0.conv1": 0.14651882792663473,
  "w0_linear_hfer0.5": 0.43214144229079793,
  "w0_linear_hfer0.6": 0.3459049791259011,
  "w0_linear_hfer0.7": 0.2592035729749028,
  "w0_linear_hfer0.6_hann": 0.346191877183292,
  "w0_linear_msr": 0.3225961088124562,
  "gnorm_w0_linear": 0.10272041831840302
}