{
  "diverged": false,
  "n_steps": 10000,
  "spikes": 700,
  "train_loss_tail": 0.014383793044136837,
  "val_loss": 1.1811156860351562,
  "val_acc": 0.8037,
  "lam_tail": 1.155299186706543,
  "chi_tail": 0.18484786987304705,
  "sharpness_threshold": 24.374999999999975,
  "secs": 1267.3,
  "hfer_w1_mid": 0.3900211549333131,
  "raw_paths": "",
  "w0_conv1_hfer0.5": 0.34857723571659194,
  "w0_conv1_hfer0.6": 0.27813843415977896,
  "w0_conv1_hfer0.7": 0.21071962769824976,
  "w0_conv1_hfer0.6_hann": 0.2748839346753363,
  "w0_conv1_msr": 0.0007644325736919153,
  "gnorm_w0_conv1": 0.15935953229272454,
  "w0_layer2.0.conv1_hfer0.5": 0.42340550902493407,
  "w0_layer2.0.conv1_hfer0.6": 0.3386699825707871,
  "w0_layer2.0.conv1_hfer0.7": 0.2538115019235982,
  "w0_layer2.0.conv1_hfer0.6_hann": 0.3348503235797729,
  "w0_layer2.0.conv1_msr": 0.0007657750982887927,
  "gnorm_w0_layer2.0.conv1": 0.06942865591643606,
  "w0_layer3.0.conv1_hfer0.5": 0.44428735161215255,
  "w0_layer3.0.conv1_hfer0.6": 0.3552847836789336,
  "w0_layer3.0.conv1_hfer0.7": 0.26672077711139563,
  "w0_layer3.0.conv1_hfer0.6_hann": 0.3506972883450646,
  "w0_layer3.0.conv1_msr": 0.0007664237926517419,
  "gnorm_w0_layer3.0.conv1": 0.12950459010111784,
  "w0_linear_hfer0.5": 0.3454414541925661,
  "w0_linear_hfer0.6": 0.2767979165295576,
  "w0_linear_hfer0.7": 0.20783022432527673,
  "w0_linear_hfer0.6_hann": 0.27639651580001523,
  "w0_linear_msr": 0.0007696878802273777,
  "gnorm_w0_linear": 0.17064328334643805,
  "w1_conv1_hfer0.5": 0.41998696100784183,
  "w1_conv1_hfer0.6": 0.3321550155364416,
  "w1_conv1_hfer0.7": 0.25084978040987765,
  "w1_conv1_hfer0.6_hann": 0.33818792042632007,
  "w1_conv1_msr": 0.0007651132226403331,
  "gnorm_w1_conv1": 0.09564644714948063,
  "w1_layer2.0.conv1_hfer0.5": 0.4754292781894087,
  "w1_layer2.0.conv1_hfer0.6": 0.3802800133487629,
  "w1_layer2.0.conv1_hfer0.7": 0.28563646823812644,
  "w1_layer2.0.conv1_hfer0.6_hann": 0.38373517112012934,
  "w1_layer2.0.conv1_msr": 0.000767769236078468,
  "gnorm_w1_layer2.0.conv1": 0.06940989023013994,
  "w1_layer3.0.conv1_hfer0.5": 0.4881729858335604,
  "w1_layer3.0.conv1_hfer0.6": 0.3900211549333131,
  "w1_layer3.0.conv1_hfer0.7": 0.29291026804084447,
  "w1_layer3.0.conv1_hfer0.6_hann": 0.39091845490615973,
  "w1_layer3.0.conv1_msr": 0.0007668923697500369,
  "gnorm_w1_layer3.0.conv1": 0.15670120193843554,
  "w1_linear_hfer0.5": 0.3933984606876065,
  "w1_linear_hfer0.6": 0.3148185111335178,
  "w1_linear_hfer0.7": 0.23189722468185306,
  "w1_linear_hfer0.6_hann": 0.32146525686593025,
  "w1_linear_msr": 0.0007684342085695807,
  "gnorm_w1_linear": 0.09954963002817158,
  "w2_conv1_hfer0.5": 0.4668355422867482,
  "w2_conv1_hfer0.6": 0.3746595743263245,
  "w2_conv1_hfer0.7": 0.2829787757123018,
  "w2_conv1_hfer0.6_hann": 0.3728349028710293,
  "w2_conv1_msr": 0.0007781736400291672,
  "gnorm_w2_conv1": 0.04766256759875943,
  "w2_layer2.0.conv1_hfer0.5": 0.49217298536465237,
  "w2_layer2.0.conv1_hfer0.6": 0.393191924600914,
  "w2_layer2.0.conv1_hfer0.7": 0.2946523475457941,
  "w2_layer2.0.conv1_hfer0.6_hann": 0.3935256116836922,
  "w2_layer2.0.conv1_msr": 0.0007721767080132876,
  "gnorm_w2_layer2.0.conv1": 0.03900220910663475,
  "w2_layer3.0.conv1_hfer0.5": 0.49730668378952625,
  "w2_layer3.0.conv1_hfer0.6": 0.39737307877821654,
  "w2_layer3.0.conv1_hfer0.7": 0.2983257998265452,
  "w2_layer3.0.conv1_hfer0.6_hann": 0.3981066494052279,
  "w2_layer3.0.conv1_msr": 0.0007695078213684784,
  "gnorm_w2_layer3.0.conv1": 0.09265562545169327,
  "w2_linear_hfer0.5": 0.456154601851576,
  "w2_linear_hfer0.6": 0.36393887641550526,
  "w2_linear_hfer0.7": 0.2727581629367228,
  "w2_linear_hfer0.6_hann": 0.365150029721902,
  "w2_linear_msr": 0.0007698372417423986,
  "gnorm_w2_linear": 0.04437321930783419,
  "shfer_w0_all": 0.32260679151914584,
  "shfer_w0_stem": 0.28594824879788117,
  "shfer_w0_layer1": 0.32983159564670017,
  "shfer_w0_layer2": 0.3416854093769169,
  "shfer_w0_layer3": 0.3526653376374968,
  "shfer_w0_layer4": 0.3294183837969645,
  "shfer_w0_head": 0.2707390062533519,
  "shfer_w1_all": 0.3793565261513976,
  "shfer_w1_stem": 0.3347719266183688,
  "shfer_w1_layer1": 0.3761493873870782,
  "shfer_w1_layer2": 0.3803884680129724,
  "shfer_w1_layer3": 0.3875595064005196,
  "shfer_w1_layer4": 0.3821042823485337,
  "shfer_w1_head": 0.3100853451604345,
  "shfer_w2_all": 0.3929766804036861,
  "shfer_w2_stem": 0.3784488451242564,
  "shfer_w2_layer1": 0.3908295385122359,
  "shfer_w2_layer2": 0.3937837096045489,
  "shfer_w2_layer3": 0.39567207261533216,
  "shfer_w2_layer4": 0.3942502909113056,
  "shfer_w2_head": 0.3611762451233613
}