{
  "diverged": false,
  "n_steps": 10000,
  "spikes": 13,
  "train_loss_tail": 0.15283063488453627,
  "val_loss": 1.4914080444335938,
  "val_acc": 0.6986,
  "lam_tail": 0.322273850440979,
  "chi_tail": 2.062552642822266,
  "sharpness_threshold": 0.3125,
  "secs": 836.4,
  "hfer_w1_mid": 0.45013131273400747,
  "raw_paths": "",
  "w0_conv1_hfer0.5": 0.6375676130963792,
  "w0_conv1_hfer0.6": 0.5206002790219151,
  "w0_conv1_hfer0.7": 0.4052992070699224,
  "w0_conv1_hfer0.6_hann": 0.5313152395816525,
  "w0_conv1_msr": 1.0,
  "gnorm_w0_conv1": 0.0514946227843426,
  "w0_layer2.0.conv1_hfer0.5": 0.6164862162670293,
  "w0_layer2.0.conv1_hfer0.6": 0.5006700862495196,
  "w0_layer2.0.conv1_hfer0.7": 0.3855538483853772,
  "w0_layer2.0.conv1_hfer0.6_hann": 0.503545843997773,
  "w0_layer2.0.conv1_msr": 1.0,
  "gnorm_w0_layer2.0.conv1": 0.06509879274501985,
  "w0_layer3.0.conv1_hfer0.5": 0.5551553454089762,
  "w0_layer3.0.conv1_hfer0.6": 0.45013131273400747,
  "w0_layer3.0.conv1_hfer0.7": 0.3413634895908682,
  "w0_layer3.0.conv1_hfer0.6_hann": 0.4491202088956543,
  "w0_layer3.0.conv1_msr": 1.0,
  "gnorm_w0_layer3.0.conv1": 0.06631451237074429,
  "w0_linear_hfer0.5": 0.7682238855453563,
  "w0_linear_hfer0.6": 0.6664037249900142,
  "w0_linear_hfer0.7": 0.5343327083916131,
  "w0_linear_hfer0.6_hann": 0.6654524132315911,
  "w0_linear_msr": 1.0,
  "gnorm_w0_linear": 0.10060718491841798
}