{
  "diverged": false,
  "n_steps": 10000,
  "spikes": 1426,
  "train_loss_tail": 0.0001502796030108584,
  "val_loss": 0.8885409729003906,
  "val_acc": 0.8468,
  "lam_tail": 0.22279797494411469,
  "chi_tail": 0.004455959498882293,
  "sharpness_threshold": 190.00000000000003,
  "secs": 1266.8,
  "hfer_w1_mid": 0.3970652931547632,
  "raw_paths": "/work/02/gs26/s26001/river-valley-momentum/codebases/results/raw/grid_cifar10_bn_ema_lr0.2_b0.9_s0/w1_layer3.0.conv1_G.npz;/work/02/gs26/s26001/river-valley-momentum/codebases/results/raw/grid_cifar10_bn_ema_lr0.2_b0.9_s0/w1_linear_G.npz",
  "w0_conv1_hfer0.5": 0.45663043373272655,
  "w0_conv1_hfer0.6": 0.36537869499751824,
  "w0_conv1_hfer0.7": 0.27475773207084214,
  "w0_conv1_hfer0.6_hann": 0.36877493346589096,
  "w0_conv1_msr": 0.0032107954096457954,
  "gnorm_w0_conv1": 0.36298852673741216,
  "w0_layer2.0.conv1_hfer0.5": 0.4801335923396954,
  "w0_layer2.0.conv1_hfer0.6": 0.38345723523826897,
  "w0_layer2.0.conv1_hfer0.7": 0.2876568444824549,
  "w0_layer2.0.conv1_hfer0.6_hann": 0.3832114520075182,
  "w0_layer2.0.conv1_msr": 0.003217288088483498,
  "gnorm_w0_layer2.0.conv1": 0.35994306349065397,
  "w0_layer3.0.conv1_hfer0.5": 0.48550997767423393,
  "w0_layer3.0.conv1_hfer0.6": 0.3874160812552961,
  "w0_layer3.0.conv1_hfer0.7": 0.29054101566837603,
  "w0_layer3.0.conv1_hfer0.6_hann": 0.38788155698288157,
  "w0_layer3.0.conv1_msr": 0.0032161249610581583,
  "gnorm_w0_layer3.0.conv1": 0.6169197966966116,
  "w0_linear_hfer0.5": 0.36766460105737,
  "w0_linear_hfer0.6": 0.290967290987139,
  "w0_linear_hfer0.7": 0.21761352243364276,
  "w0_linear_hfer0.6_hann": 0.29266012235866873,
  "w0_linear_msr": 0.0032076773151764218,
  "gnorm_w0_linear": 0.5946354025059282,
  "w1_conv1_hfer0.5": 0.4848172880775106,
  "w1_conv1_hfer0.6": 0.3866969960609416,
  "w1_conv1_hfer0.7": 0.28927008940287935,
  "w1_conv1_hfer0.6_hann": 0.3888853347459653,
  "w1_conv1_msr": 0.003216162833455366,
  "gnorm_w1_conv1": 0.19387679445933664,
  "w1_layer2.0.conv1_hfer0.5": 0.4945224001796328,
  "w1_layer2.0.conv1_hfer0.6": 0.3947080129065715,
  "w1_layer2.0.conv1_hfer0.7": 0.2967110861471988,
  "w1_layer2.0.conv1_hfer0.6_hann": 0.3959385684919898,
  "w1_layer2.0.conv1_msr": 0.003212400876475115,
  "gnorm_w1_layer2.0.conv1": 0.20831121617384266,
  "w1_layer3.0.conv1_hfer0.5": 0.496776283038103,
  "w1_layer3.0.conv1_hfer0.6": 0.3970652931547632,
  "w1_layer3.0.conv1_hfer0.7": 0.2985888254655254,
  "w1_layer3.0.conv1_hfer0.6_hann": 0.3978031551570205,
  "w1_layer3.0.conv1_msr": 0.0032126020052356003,
  "gnorm_w1_layer3.0.conv1": 0.3839188310708108,
  "w1_linear_hfer0.5": 0.45290188502374584,
  "w1_linear_hfer0.6": 0.3613875222748935,
  "w1_linear_hfer0.7": 0.2734591025582584,
  "w1_linear_hfer0.6_hann": 0.35774139263949534,
  "w1_linear_msr": 0.0032263616857598396,
  "gnorm_w1_linear": 0.19619450744443262,
  "w2_conv1_hfer0.5": 0.5006996042746493,
  "w2_conv1_hfer0.6": 0.3971908619308037,
  "w2_conv1_hfer0.7": 0.29973218460995626,
  "w2_conv1_hfer0.6_hann": 0.40255160577524834,
  "w2_conv1_msr": 0.003207932739641058,
  "gnorm_w2_conv1": 0.05305273511483777,
  "w2_layer2.0.conv1_hfer0.5": 0.49914630962907497,
  "w2_layer2.0.conv1_hfer0.6": 0.39866425927421073,
  "w2_layer2.0.conv1_hfer0.7": 0.3000046893019071,
  "w2_layer2.0.conv1_hfer0.6_hann": 0.39856482351522754,
  "w2_layer2.0.conv1_msr": 0.0032115855079053336,
  "gnorm_w2_layer2.0.conv1": 0.0554234825019487,
  "w2_layer3.0.conv1_hfer0.5": 0.5002746654024987,
  "w2_layer3.0.conv1_hfer0.6": 0.3999131509433852,
  "w2_layer3.0.conv1_hfer0.7": 0.30079298724965275,
  "w2_layer3.0.conv1_hfer0.6_hann": 0.39957714965910124,
  "w2_layer3.0.conv1_msr": 0.003212612306535975,
  "gnorm_w2_layer3.0.conv1": 0.10123479414054334,
  "w2_linear_hfer0.5": 0.49182404189743817,
  "w2_linear_hfer0.6": 0.39148628581313755,
  "w2_linear_hfer0.7": 0.29696678639496654,
  "w2_linear_hfer0.6_hann": 0.3963602070904989,
  "w2_linear_msr": 0.0031967974850945157,
  "gnorm_w2_linear": 0.040594356181990206,
  "shfer_w0_all": 0.37834176521530066,
  "shfer_w0_stem": 0.36311871571443133,
  "shfer_w0_layer1": 0.3779538204477562,
  "shfer_w0_layer2": 0.3836519183675164,
  "shfer_w0_layer3": 0.3864739813869701,
  "shfer_w0_layer4": 0.3830914532684172,
  "shfer_w0_head": 0.28941416246520046,
  "shfer_w1_all": 0.39467836658242034,
  "shfer_w1_stem": 0.3897565387019228,
  "shfer_w1_layer1": 0.3932931612959516,
  "shfer_w1_layer2": 0.3933042261843214,
  "shfer_w1_layer3": 0.39405242242092925,
  "shfer_w1_layer4": 0.39699001606994133,
  "shfer_w1_head": 0.3608006209980712,
  "shfer_w2_all": 0.3973730062564756,
  "shfer_w2_stem": 0.3961382716325778,
  "shfer_w2_layer1": 0.39420555489772807,
  "shfer_w2_layer2": 0.3980842320098133,
  "shfer_w2_layer3": 0.39772537346145015,
  "shfer_w2_layer4": 0.4010004416087161,
  "shfer_w2_head": 0.39024823414106335
}