{
  "diverged": false,
  "n_steps": 10000,
  "spikes": 1193,
  "train_loss_tail": 0.007935626368242084,
  "val_loss": 1.042892071533203,
  "val_acc": 0.8301,
  "lam_tail": 9.00936508178711,
  "chi_tail": 0.03603746032714847,
  "sharpness_threshold": 994.9999999999991,
  "secs": 1246.6,
  "hfer_w1_mid": 0.3935090427663067,
  "raw_paths": "/work/02/gs26/s26001/river-valley-momentum/codebases/results/raw/grid_cifar10_bn_ema_lr0.4_b0.99_s0/w1_layer3.0.conv1_G.npz;/work/02/gs26/s26001/river-valley-momentum/codebases/results/raw/grid_cifar10_bn_ema_lr0.4_b0.99_s0/w1_linear_G.npz",
  "w0_conv1_hfer0.5": 0.43634579314366806,
  "w0_conv1_hfer0.6": 0.347840807025807,
  "w0_conv1_hfer0.7": 0.26022219095268545,
  "w0_conv1_hfer0.6_hann": 0.34935815381283075,
  "w0_conv1_msr": 3.186404450667859e-05,
  "gnorm_w0_conv1": 0.31126117358035293,
  "w0_layer2.0.conv1_hfer0.5": 0.4627517764546222,
  "w0_layer2.0.conv1_hfer0.6": 0.3696318936128353,
  "w0_layer2.0.conv1_hfer0.7": 0.2773368103548928,
  "w0_layer2.0.conv1_hfer0.6_hann": 0.37198849960020175,
  "w0_layer2.0.conv1_msr": 3.108974040027274e-05,
  "gnorm_w0_layer2.0.conv1": 0.24307241677863092,
  "w0_layer3.0.conv1_hfer0.5": 0.47269356523586675,
  "w0_layer3.0.conv1_hfer0.6": 0.3779159772889755,
  "w0_layer3.0.conv1_hfer0.7": 0.28368220483436873,
  "w0_layer3.0.conv1_hfer0.6_hann": 0.3789829197626975,
  "w0_layer3.0.conv1_msr": 3.0898141036622845e-05,
  "gnorm_w0_layer3.0.conv1": 0.4158834817519083,
  "w0_linear_hfer0.5": 0.33468606919796934,
  "w0_linear_hfer0.6": 0.27025149847691493,
  "w0_linear_hfer0.7": 0.20415473328614547,
  "w0_linear_hfer0.6_hann": 0.28925738286048397,
  "w0_linear_msr": 3.0765974968380173e-05,
  "gnorm_w0_linear": 0.5315324053592757,
  "w1_conv1_hfer0.5": 0.4693860421712066,
  "w1_conv1_hfer0.6": 0.37480477204455126,
  "w1_conv1_hfer0.7": 0.28401468271333835,
  "w1_conv1_hfer0.6_hann": 0.3782932041385379,
  "w1_conv1_msr": 3.1035006480849484e-05,
  "gnorm_w1_conv1": 0.17567668381540685,
  "w1_layer2.0.conv1_hfer0.5": 0.48754290622805885,
  "w1_layer2.0.conv1_hfer0.6": 0.389832985380035,
  "w1_layer2.0.conv1_hfer0.7": 0.29288517804536884,
  "w1_layer2.0.conv1_hfer0.6_hann": 0.3912299850896565,
  "w1_layer2.0.conv1_msr": 3.131238870873775e-05,
  "gnorm_w1_layer2.0.conv1": 0.17146820081845152,
  "w1_layer3.0.conv1_hfer0.5": 0.49222131856477613,
  "w1_layer3.0.conv1_hfer0.6": 0.3935090427663067,
  "w1_layer3.0.conv1_hfer0.7": 0.29564276684171326,
  "w1_layer3.0.conv1_hfer0.6_hann": 0.39347976698661574,
  "w1_layer3.0.conv1_msr": 3.0876383573167193e-05,
  "gnorm_w1_layer3.0.conv1": 0.3368893133391754,
  "w1_linear_hfer0.5": 0.4301061857080727,
  "w1_linear_hfer0.6": 0.34172812362657473,
  "w1_linear_hfer0.7": 0.25356476143476436,
  "w1_linear_hfer0.6_hann": 0.33777128381025345,
  "w1_linear_msr": 3.2178884895901545e-05,
  "gnorm_w1_linear": 0.20023835163865633,
  "w2_conv1_hfer0.5": 0.4805584212307374,
  "w2_conv1_hfer0.6": 0.3851815220095617,
  "w2_conv1_hfer0.7": 0.2914387157721414,
  "w2_conv1_hfer0.6_hann": 0.38739506550707337,
  "w2_conv1_msr": 3.053419404328966e-05,
  "gnorm_w2_conv1": 0.1061805429191643,
  "w2_layer2.0.conv1_hfer0.5": 0.49547554334932675,
  "w2_layer2.0.conv1_hfer0.6": 0.39617696058328894,
  "w2_layer2.0.conv1_hfer0.7": 0.2981930969481288,
  "w2_layer2.0.conv1_hfer0.6_hann": 0.3963166227348939,
  "w2_layer2.0.conv1_msr": 3.0594383310296486e-05,
  "gnorm_w2_layer2.0.conv1": 0.10496818287619893,
  "w2_layer3.0.conv1_hfer0.5": 0.4973270306507874,
  "w2_layer3.0.conv1_hfer0.6": 0.3974354038478175,
  "w2_layer3.0.conv1_hfer0.7": 0.2987645544832161,
  "w2_layer3.0.conv1_hfer0.6_hann": 0.3974751069666796,
  "w2_layer3.0.conv1_msr": 3.074322004659481e-05,
  "gnorm_w2_layer3.0.conv1": 0.21241793218758978,
  "w2_linear_hfer0.5": 0.4719941169454114,
  "w2_linear_hfer0.6": 0.37682504507049114,
  "w2_linear_hfer0.7": 0.28751324538049694,
  "w2_linear_hfer0.6_hann": 0.3775665223078669,
  "w2_linear_msr": 3.005740676342921e-05,
  "gnorm_w2_linear": 0.09272146751088527,
  "shfer_w0_all": 0.3602669170083676,
  "shfer_w0_stem": 0.3487515278300774,
  "shfer_w0_layer1": 0.361442696640243,
  "shfer_w0_layer2": 0.36923793715679115,
  "shfer_w0_layer3": 0.37581056878353747,
  "shfer_w0_layer4": 0.36895521201438064,
  "shfer_w0_head": 0.27097402529063086,
  "shfer_w1_all": 0.39129700544324464,
  "shfer_w1_stem": 0.3747854375796143,
  "shfer_w1_layer1": 0.3875826543657263,
  "shfer_w1_layer2": 0.38914886445751246,
  "shfer_w1_layer3": 0.39433384824418627,
  "shfer_w1_layer4": 0.3906205821049506,
  "shfer_w1_head": 0.3406814117595596,
  "shfer_w2_all": 0.3965720662509823,
  "shfer_w2_stem": 0.3850262720475259,
  "shfer_w2_layer1": 0.39522761246731086,
  "shfer_w2_layer2": 0.3951551636290655,
  "shfer_w2_layer3": 0.3996943455742504,
  "shfer_w2_layer4": 0.3966396376308077,
  "shfer_w2_head": 0.37727132318729895
}