{
  "diverged": false,
  "n_steps": 10000,
  "spikes": 1,
  "train_loss_tail": 0.38777394708991053,
  "val_loss": 1.3200904296875,
  "val_acc": 0.6664,
  "lam_tail": 0.3207463324069977,
  "chi_tail": 1.0263882637023927,
  "sharpness_threshold": 0.9375,
  "secs": 835.1,
  "hfer_w1_mid": 0.40153449484746706,
  "raw_paths": "",
  "w0_conv1_hfer0.5": 0.5040920226095674,
  "w0_conv1_hfer0.6": 0.3972685221320682,
  "w0_conv1_hfer0.7": 0.29169068900315903,
  "w0_conv1_hfer0.6_hann": 0.3901461536995225,
  "w0_conv1_msr": 0.5063105390901687,
  "gnorm_w0_conv1": 0.024199941287286524,
  "w0_layer2.0.conv1_hfer0.5": 0.5025965220593556,
  "w0_layer2.0.conv1_hfer0.6": 0.394639023391732,
  "w0_layer2.0.conv1_hfer0.7": 0.29524121641033557,
  "w0_layer2.0.conv1_hfer0.6_hann": 0.38345145474743997,
  "w0_layer2.0.conv1_msr": 0.504314403634414,
  "gnorm_w0_layer2.0.conv1": 0.03494365102887898,
  "w0_layer3.0.conv1_hfer0.5": 0.5106526333592244,
  "w0_layer3.0.conv1_hfer0.6": 0.40153449484746706,
  "w0_layer3.0.conv1_hfer0.7": 0.2981888437456979,
  "w0_layer3.0.conv1_hfer0.6_hann": 0.4009426308259112,
  "w0_layer3.0.conv1_msr": 0.5058445026449125,
  "gnorm_w0_layer3.0.conv1": 0.0948625485225305,
  "w0_linear_hfer0.5": 0.5714282719889798,
  "w0_linear_hfer0.6": 0.428846275970278,
  "w0_linear_hfer0.7": 0.299547455548612,
  "w0_linear_hfer0.6_hann": 0.4189945546325242,
  "w0_linear_msr": 0.5117988693319184,
  "gnorm_w0_linear": 0.13113279148972548
}