{
  "diverged": false,
  "n_steps": 10000,
  "spikes": 1147,
  "train_loss_tail": 0.00010695468332778546,
  "val_loss": 0.8220951721191406,
  "val_acc": 0.8437,
  "lam_tail": 0.282673180103302,
  "chi_tail": 0.0028267318010330197,
  "sharpness_threshold": 380.00000000000006,
  "secs": 1235.4,
  "hfer_w1_mid": 0.39725947401292705,
  "raw_paths": "",
  "w0_conv1_hfer0.5": 0.4539671572347392,
  "w0_conv1_hfer0.6": 0.3634532855042464,
  "w0_conv1_hfer0.7": 0.2734918204893061,
  "w0_conv1_hfer0.6_hann": 0.3765851674119345,
  "w0_conv1_msr": 0.0032153032603081536,
  "gnorm_w0_conv1": 0.5427643252024077,
  "w0_layer2.0.conv1_hfer0.5": 0.48292219292522987,
  "w0_layer2.0.conv1_hfer0.6": 0.3855769909109889,
  "w0_layer2.0.conv1_hfer0.7": 0.28990883277716945,
  "w0_layer2.0.conv1_hfer0.6_hann": 0.3886229299143122,
  "w0_layer2.0.conv1_msr": 0.0032148847174968014,
  "gnorm_w0_layer2.0.conv1": 0.5362720718148255,
  "w0_layer3.0.conv1_hfer0.5": 0.4881418150990413,
  "w0_layer3.0.conv1_hfer0.6": 0.3901000586181395,
  "w0_layer3.0.conv1_hfer0.7": 0.2927098340425573,
  "w0_layer3.0.conv1_hfer0.6_hann": 0.3920127713327156,
  "w0_layer3.0.conv1_msr": 0.0032148978959759037,
  "gnorm_w0_layer3.0.conv1": 0.8843112552985538,
  "w0_linear_hfer0.5": 0.3876115119786851,
  "w0_linear_hfer0.6": 0.3055480119429353,
  "w0_linear_hfer0.7": 0.2309644695246303,
  "w0_linear_hfer0.6_hann": 0.311531607888801,
  "w0_linear_msr": 0.0032123592727005684,
  "gnorm_w0_linear": 0.6742123697628642,
  "w1_conv1_hfer0.5": 0.48843233688342474,
  "w1_conv1_hfer0.6": 0.3919077407134099,
  "w1_conv1_hfer0.7": 0.2942847157749832,
  "w1_conv1_hfer0.6_hann": 0.39420236855610336,
  "w1_conv1_msr": 0.0032156406585848616,
  "gnorm_w1_conv1": 0.20055390442135482,
  "w1_layer2.0.conv1_hfer0.5": 0.49582897385308666,
  "w1_layer2.0.conv1_hfer0.6": 0.39621810805824964,
  "w1_layer2.0.conv1_hfer0.7": 0.29762858430367106,
  "w1_layer2.0.conv1_hfer0.6_hann": 0.3967296828108092,
  "w1_layer2.0.conv1_msr": 0.003217320078222913,
  "gnorm_w1_layer2.0.conv1": 0.21856733478489962,
  "w1_layer3.0.conv1_hfer0.5": 0.49754856285890875,
  "w1_layer3.0.conv1_hfer0.6": 0.39725947401292705,
  "w1_layer3.0.conv1_hfer0.7": 0.29851916022791775,
  "w1_layer3.0.conv1_hfer0.6_hann": 0.3970297605874036,
  "w1_layer3.0.conv1_msr": 0.0032149390730437165,
  "gnorm_w1_layer3.0.conv1": 0.3917107716865596,
  "w1_linear_hfer0.5": 0.45246037109877973,
  "w1_linear_hfer0.6": 0.3599805718957065,
  "w1_linear_hfer0.7": 0.27381907963205826,
  "w1_linear_hfer0.6_hann": 0.3679851890734285,
  "w1_linear_msr": 0.0032110657495468733,
  "gnorm_w1_linear": 0.158874937717067,
  "w2_conv1_hfer0.5": 0.49669801596548485,
  "w2_conv1_hfer0.6": 0.3962284515704689,
  "w2_conv1_hfer0.7": 0.29852271167149325,
  "w2_conv1_hfer0.6_hann": 0.3997830919636532,
  "w2_conv1_msr": 0.0032066049514409096,
  "gnorm_w2_conv1": 0.0064687415543115525,
  "w2_layer2.0.conv1_hfer0.5": 0.5000400733361986,
  "w2_layer2.0.conv1_hfer0.6": 0.3994468701839056,
  "w2_layer2.0.conv1_hfer0.7": 0.30047567725342117,
  "w2_layer2.0.conv1_hfer0.6_hann": 0.39976496865175526,
  "w2_layer2.0.conv1_msr": 0.0032064523299511244,
  "gnorm_w2_layer2.0.conv1": 0.00753601687202348,
  "w2_layer3.0.conv1_hfer0.5": 0.5002439879351879,
  "w2_layer3.0.conv1_hfer0.6": 0.39958668428698124,
  "w2_layer3.0.conv1_hfer0.7": 0.3010944523143127,
  "w2_layer3.0.conv1_hfer0.6_hann": 0.3997173272881497,
  "w2_layer3.0.conv1_msr": 0.0032052077187618177,
  "gnorm_w2_layer3.0.conv1": 0.013398408553678735,
  "w2_linear_hfer0.5": 0.49630223875025725,
  "w2_linear_hfer0.6": 0.3948449563503321,
  "w2_linear_hfer0.7": 0.30073009170938303,
  "w2_linear_hfer0.6_hann": 0.3991394992784461,
  "w2_linear_msr": 0.003197003668770323,
  "gnorm_w2_linear": 0.004843976291163184,
  "shfer_w0_all": 0.38600297640569653,
  "shfer_w0_stem": 0.3617910512223413,
  "shfer_w0_layer1": 0.3817235991423324,
  "shfer_w0_layer2": 0.38781318242608503,
  "shfer_w0_layer3": 0.39101783111490446,
  "shfer_w0_layer4": 0.38702403436974686,
  "shfer_w0_head": 0.30535009143023767,
  "shfer_w1_all": 0.39761275742495317,
  "shfer_w1_stem": 0.3920123305929333,
  "shfer_w1_layer1": 0.3936922367607166,
  "shfer_w1_layer2": 0.39644054386933225,
  "shfer_w1_layer3": 0.3986738663727447,
  "shfer_w1_layer4": 0.3986436653078585,
  "shfer_w1_head": 0.36051342893703503,
  "shfer_w2_all": 0.39939939257576196,
  "shfer_w2_stem": 0.3919273074034162,
  "shfer_w2_layer1": 0.3972357120176546,
  "shfer_w2_layer2": 0.39892782210704275,
  "shfer_w2_layer3": 0.40089650757579426,
  "shfer_w2_layer4": 0.39947362904168343,
  "shfer_w2_head": 0.39900411160132476
}