{
  "diverged": false,
  "n_steps": 10000,
  "spikes": 1504,
  "train_loss_tail": 0.00028588812632006014,
  "val_loss": 0.8704863403320312,
  "val_acc": 0.8492,
  "lam_tail": 0.9302970767021179,
  "chi_tail": 0.09302970767021179,
  "sharpness_threshold": 30.0,
  "secs": 1254.9,
  "hfer_w1_mid": 0.3996660076617644,
  "raw_paths": "/work/02/gs26/s26001/river-valley-momentum/codebases/results/raw/grid_cifar10_bn_ema_lr0.2_b0.5_s0/w1_layer3.0.conv1_G.npz;/work/02/gs26/s26001/river-valley-momentum/codebases/results/raw/grid_cifar10_bn_ema_lr0.2_b0.5_s0/w1_linear_G.npz",
  "w0_conv1_hfer0.5": 0.4958566375352036,
  "w0_conv1_hfer0.6": 0.39321802027824887,
  "w0_conv1_hfer0.7": 0.29242781914922933,
  "w0_conv1_hfer0.6_hann": 0.396693269380041,
  "w0_conv1_msr": 0.12642925734516128,
  "gnorm_w0_conv1": 0.40983790064252895,
  "w0_layer2.0.conv1_hfer0.5": 0.4989031224275815,
  "w0_layer2.0.conv1_hfer0.6": 0.39666693249296453,
  "w0_layer2.0.conv1_hfer0.7": 0.29640982062080157,
  "w0_layer2.0.conv1_hfer0.6_hann": 0.39727609219188925,
  "w0_layer2.0.conv1_msr": 0.12614003340135882,
  "gnorm_w0_layer2.0.conv1": 0.387539335437565,
  "w0_layer3.0.conv1_hfer0.5": 0.4997907827907971,
  "w0_layer3.0.conv1_hfer0.6": 0.39800401797212837,
  "w0_layer3.0.conv1_hfer0.7": 0.29816105572596996,
  "w0_layer3.0.conv1_hfer0.6_hann": 0.3977796631380266,
  "w0_layer3.0.conv1_msr": 0.1261382880464149,
  "gnorm_w0_layer3.0.conv1": 0.6522264909768006,
  "w0_linear_hfer0.5": 0.5014827128006598,
  "w0_linear_hfer0.6": 0.3830952457212079,
  "w0_linear_hfer0.7": 0.2843882779607741,
  "w0_linear_hfer0.6_hann": 0.3885970338521567,
  "w0_linear_msr": 0.12632346724242752,
  "gnorm_w0_linear": 0.5435797630916315,
  "w1_conv1_hfer0.5": 0.4926494268506517,
  "w1_conv1_hfer0.6": 0.3931621330362878,
  "w1_conv1_hfer0.7": 0.29233753455101447,
  "w1_conv1_hfer0.6_hann": 0.39573125791819025,
  "w1_conv1_msr": 0.12630504044159294,
  "gnorm_w1_conv1": 0.21855834129025678,
  "w1_layer2.0.conv1_hfer0.5": 0.49900768209044644,
  "w1_layer2.0.conv1_hfer0.6": 0.39846193673603086,
  "w1_layer2.0.conv1_hfer0.7": 0.29869774715335196,
  "w1_layer2.0.conv1_hfer0.6_hann": 0.39898083191747197,
  "w1_layer2.0.conv1_msr": 0.1260925377385767,
  "gnorm_w1_layer2.0.conv1": 0.22033560113780357,
  "w1_layer3.0.conv1_hfer0.5": 0.500060264174842,
  "w1_layer3.0.conv1_hfer0.6": 0.3996660076617644,
  "w1_layer3.0.conv1_hfer0.7": 0.299946321799641,
  "w1_layer3.0.conv1_hfer0.6_hann": 0.39931376804858776,
  "w1_layer3.0.conv1_msr": 0.12606638253690702,
  "gnorm_w1_layer3.0.conv1": 0.41333741170148375,
  "w1_linear_hfer0.5": 0.4876252861381815,
  "w1_linear_hfer0.6": 0.3909536114022767,
  "w1_linear_hfer0.7": 0.2894298207069742,
  "w1_linear_hfer0.6_hann": 0.38610475705791747,
  "w1_linear_msr": 0.12658759808420722,
  "gnorm_w1_linear": 0.19659784034730785,
  "w2_conv1_hfer0.5": 0.49501267946283317,
  "w2_conv1_hfer0.6": 0.39644929673066703,
  "w2_conv1_hfer0.7": 0.2980398748231743,
  "w2_conv1_hfer0.6_hann": 0.39883790094371196,
  "w2_conv1_msr": 0.12603393226219473,
  "gnorm_w2_conv1": 0.08612079418697641,
  "w2_layer2.0.conv1_hfer0.5": 0.5015900185808438,
  "w2_layer2.0.conv1_hfer0.6": 0.40087066849935576,
  "w2_layer2.0.conv1_hfer0.7": 0.30140113807245367,
  "w2_layer2.0.conv1_hfer0.6_hann": 0.4012871041304837,
  "w2_layer2.0.conv1_msr": 0.1260264659229021,
  "gnorm_w2_layer2.0.conv1": 0.08931736041992248,
  "w2_layer3.0.conv1_hfer0.5": 0.5002860702231922,
  "w2_layer3.0.conv1_hfer0.6": 0.39990149747474,
  "w2_layer3.0.conv1_hfer0.7": 0.30098987331117694,
  "w2_layer3.0.conv1_hfer0.6_hann": 0.40033546095422406,
  "w2_layer3.0.conv1_msr": 0.12599207903441692,
  "gnorm_w2_layer3.0.conv1": 0.16903929615863483,
  "w2_linear_hfer0.5": 0.5038000739879346,
  "w2_linear_hfer0.6": 0.4086896955197818,
  "w2_linear_hfer0.7": 0.315984136052725,
  "w2_linear_hfer0.6_hann": 0.4014348594224377,
  "w2_linear_msr": 0.1253496002144825,
  "gnorm_w2_linear": 0.06465331434586603,
  "shfer_w0_all": 0.39824534213052737,
  "shfer_w0_stem": 0.3936806296277485,
  "shfer_w0_layer1": 0.3944366318701872,
  "shfer_w0_layer2": 0.3950818771210668,
  "shfer_w0_layer3": 0.3968791660607048,
  "shfer_w0_layer4": 0.3999629468901155,
  "shfer_w0_head": 0.3861121479695019,
  "shfer_w1_all": 0.4007202599253061,
  "shfer_w1_stem": 0.39678791520407486,
  "shfer_w1_layer1": 0.3997185904027026,
  "shfer_w1_layer2": 0.3979686580292137,
  "shfer_w1_layer3": 0.4003445440249432,
  "shfer_w1_layer4": 0.40140897509590584,
  "shfer_w1_head": 0.38922388107325945,
  "shfer_w2_all": 0.40065178559451964,
  "shfer_w2_stem": 0.39738364666544695,
  "shfer_w2_layer1": 0.3995152239092297,
  "shfer_w2_layer2": 0.3999227664098395,
  "shfer_w2_layer3": 0.40099412988798455,
  "shfer_w2_layer4": 0.4007615504570254,
  "shfer_w2_head": 0.40872685870961767
}