{
  "diverged": false,
  "n_steps": 10000,
  "spikes": 552,
  "train_loss_tail": 0.0003996863126812968,
  "val_loss": 0.9651740417480469,
  "val_acc": 0.7752,
  "lam_tail": 3.1969616413116455,
  "chi_tail": 0.03996202051639557,
  "sharpness_threshold": 160.0,
  "secs": 3080.0,
  "hfer_w1_mid": 0.40308312267660534,
  "raw_paths": "",
  "w0_conv1_hfer0.5": 0.5887185322843431,
  "w0_conv1_hfer0.6": 0.47675410337798635,
  "w0_conv1_hfer0.7": 0.36390877115058373,
  "w0_conv1_hfer0.6_hann": 0.4680746020872329,
  "w0_conv1_msr": 1.0,
  "gnorm_w0_conv1": 1.6184064288963917,
  "w0_layer2.0.conv1_hfer0.5": 0.5198540164867986,
  "w0_layer2.0.conv1_hfer0.6": 0.41653861653718516,
  "w0_layer2.0.conv1_hfer0.7": 0.313454300369124,
  "w0_layer2.0.conv1_hfer0.6_hann": 0.41380956841794486,
  "w0_layer2.0.conv1_msr": 1.0,
  "gnorm_w0_layer2.0.conv1": 1.8483219148359518,
  "w0_layer3.0.conv1_hfer0.5": 0.5189456014036856,
  "w0_layer3.0.conv1_hfer0.6": 0.4161072293893279,
  "w0_layer3.0.conv1_hfer0.7": 0.3133092589555216,
  "w0_layer3.0.conv1_hfer0.6_hann": 0.4139527262372459,
  "w0_layer3.0.conv1_msr": 1.0,
  "gnorm_w0_layer3.0.conv1": 2.5455481430993943,
  "w0_layer4.1.conv2_hfer0.5": 0.5720836040360598,
  "w0_layer4.1.conv2_hfer0.6": 0.4634401254529755,
  "w0_layer4.1.conv2_hfer0.7": 0.3495257478676317,
  "w0_layer4.1.conv2_hfer0.6_hann": 0.4566836651630476,
  "w0_layer4.1.conv2_msr": 1.0,
  "gnorm_w0_layer4.1.conv2": 0.7234302516146024,
  "w0_linear_hfer0.5": 0.6381207163385672,
  "w0_linear_hfer0.6": 0.5224977664433251,
  "w0_linear_hfer0.7": 0.39561592058805223,
  "w0_linear_hfer0.6_hann": 0.506271769891438,
  "w0_linear_msr": 1.0,
  "gnorm_w0_linear": 0.8829312359287584,
  "w1_conv1_hfer0.5": 0.5172352035766207,
  "w1_conv1_hfer0.6": 0.4166575127788901,
  "w1_conv1_hfer0.7": 0.31385663744650777,
  "w1_conv1_hfer0.6_hann": 0.40931062652521877,
  "w1_conv1_msr": 1.0,
  "gnorm_w1_conv1": 0.2831036407893754,
  "w1_layer2.0.conv1_hfer0.5": 0.5046267014243563,
  "w1_layer2.0.conv1_hfer0.6": 0.4032619739728667,
  "w1_layer2.0.conv1_hfer0.7": 0.3030053371195752,
  "w1_layer2.0.conv1_hfer0.6_hann": 0.4022155341111827,
  "w1_layer2.0.conv1_msr": 1.0,
  "gnorm_w1_layer2.0.conv1": 0.3596257974423764,
  "w1_layer3.0.conv1_hfer0.5": 0.5044127210166031,
  "w1_layer3.0.conv1_hfer0.6": 0.40308312267660534,
  "w1_layer3.0.conv1_hfer0.7": 0.30294264232785173,
  "w1_layer3.0.conv1_hfer0.6_hann": 0.40248689883501804,
  "w1_layer3.0.conv1_msr": 1.0,
  "gnorm_w1_layer3.0.conv1": 0.5229265891931563,
  "w1_layer4.1.conv2_hfer0.5": 0.524476502732501,
  "w1_layer4.1.conv2_hfer0.6": 0.419412340282034,
  "w1_layer4.1.conv2_hfer0.7": 0.31428812296131,
  "w1_layer4.1.conv2_hfer0.6_hann": 0.4116818905820491,
  "w1_layer4.1.conv2_msr": 1.0,
  "gnorm_w1_layer4.1.conv2": 0.0866258155947637,
  "w1_linear_hfer0.5": 0.541089336388197,
  "w1_linear_hfer0.6": 0.4320901662485078,
  "w1_linear_hfer0.7": 0.3218435009099729,
  "w1_linear_hfer0.6_hann": 0.4138780019628926,
  "w1_linear_msr": 1.0,
  "gnorm_w1_linear": 0.0845547783404472,
  "w2_conv1_hfer0.5": 0.49938474582738823,
  "w2_conv1_hfer0.6": 0.39981393505235185,
  "w2_conv1_hfer0.7": 0.30072314522890564,
  "w2_conv1_hfer0.6_hann": 0.4003061128506751,
  "w2_conv1_msr": 1.0,
  "gnorm_w2_conv1": 0.018653534587626856,
  "w2_layer2.0.conv1_hfer0.5": 0.5010332917758112,
  "w2_layer2.0.conv1_hfer0.6": 0.4005544514445903,
  "w2_layer2.0.conv1_hfer0.7": 0.30108076323341465,
  "w2_layer2.0.conv1_hfer0.6_hann": 0.400965915912528,
  "w2_layer2.0.conv1_msr": 1.0,
  "gnorm_w2_layer2.0.conv1": 0.024242816331915204,
  "w2_layer3.0.conv1_hfer0.5": 0.5007931010817849,
  "w2_layer3.0.conv1_hfer0.6": 0.40035164411968005,
  "w2_layer3.0.conv1_hfer0.7": 0.3007880587024218,
  "w2_layer3.0.conv1_hfer0.6_hann": 0.40055042164981425,
  "w2_layer3.0.conv1_msr": 1.0,
  "gnorm_w2_layer3.0.conv1": 0.03501169082562628,
  "w2_layer4.1.conv2_hfer0.5": 0.5011218777786409,
  "w2_layer4.1.conv2_hfer0.6": 0.4017034269403927,
  "w2_layer4.1.conv2_hfer0.7": 0.3013175922273703,
  "w2_layer4.1.conv2_hfer0.6_hann": 0.3986840997017883,
  "w2_layer4.1.conv2_msr": 1.0,
  "gnorm_w2_layer4.1.conv2": 0.006314761382114913,
  "w2_linear_hfer0.5": 0.5045851116496356,
  "w2_linear_hfer0.6": 0.40664263850294124,
  "w2_linear_hfer0.7": 0.30247366357707156,
  "w2_linear_hfer0.6_hann": 0.4006853500548095,
  "w2_linear_msr": 1.0,
  "gnorm_w2_linear": 0.007420631381057531,
  "shfer_w0_all": 0.4237247661783284,
  "shfer_w0_stem": 0.4813365234282808,
  "shfer_w0_layer1": 0.4308504306302193,
  "shfer_w0_layer2": 0.4163941006150312,
  "shfer_w0_layer3": 0.4158493028807077,
  "shfer_w0_layer4": 0.42925596949823863,
  "shfer_w0_head": 0.5212556688753476,
  "shfer_w1_all": 0.4070488258965783,
  "shfer_w1_stem": 0.41783713605791545,
  "shfer_w1_layer1": 0.4034388275383386,
  "shfer_w1_layer2": 0.39940548504587614,
  "shfer_w1_layer3": 0.4030488317892585,
  "shfer_w1_layer4": 0.4107018127333164,
  "shfer_w1_head": 0.4337415302118493,
  "shfer_w2_all": 0.40128607126169274,
  "shfer_w2_stem": 0.3988629236500654,
  "shfer_w2_layer1": 0.4006592241843271,
  "shfer_w2_layer2": 0.404044774878415,
  "shfer_w2_layer3": 0.3995890133499601,
  "shfer_w2_layer4": 0.4005339709187301,
  "shfer_w2_head": 0.40424326002281635
}