{
  "diverged": false,
  "n_steps": 10000,
  "spikes": 1396,
  "train_loss_tail": 0.004962375300528947,
  "val_loss": 1.0721301330566406,
  "val_acc": 0.8322,
  "lam_tail": 11.880409240722656,
  "chi_tail": 0.23760818481445334,
  "sharpness_threshold": 194.9999999999998,
  "secs": 1246.4,
  "hfer_w1_mid": 0.39533250682855486,
  "raw_paths": "/work/02/gs26/s26001/river-valley-momentum/codebases/results/raw/grid_cifar10_bn_ema_lr0.4_b0.95_s0/w1_layer3.0.conv1_G.npz;/work/02/gs26/s26001/river-valley-momentum/codebases/results/raw/grid_cifar10_bn_ema_lr0.4_b0.95_s0/w1_linear_G.npz",
  "w0_conv1_hfer0.5": 0.4421879756027714,
  "w0_conv1_hfer0.6": 0.35301339627520395,
  "w0_conv1_hfer0.7": 0.2651792343546209,
  "w0_conv1_hfer0.6_hann": 0.3614510441105665,
  "w0_conv1_msr": 0.0007679694619275964,
  "gnorm_w0_conv1": 0.2697955038797176,
  "w0_layer2.0.conv1_hfer0.5": 0.4723262937273794,
  "w0_layer2.0.conv1_hfer0.6": 0.37731637918322863,
  "w0_layer2.0.conv1_hfer0.7": 0.2825570797164541,
  "w0_layer2.0.conv1_hfer0.6_hann": 0.3799793328812102,
  "w0_layer2.0.conv1_msr": 0.0007680670700969037,
  "gnorm_w0_layer2.0.conv1": 0.26408798937290034,
  "w0_layer3.0.conv1_hfer0.5": 0.4790402127674167,
  "w0_layer3.0.conv1_hfer0.6": 0.3822198668548872,
  "w0_layer3.0.conv1_hfer0.7": 0.2868164805913809,
  "w0_layer3.0.conv1_hfer0.6_hann": 0.3827529700427776,
  "w0_layer3.0.conv1_msr": 0.0007673087721316964,
  "gnorm_w0_layer3.0.conv1": 0.45136124796913357,
  "w0_linear_hfer0.5": 0.3529137852652267,
  "w0_linear_hfer0.6": 0.2812119168017804,
  "w0_linear_hfer0.7": 0.21154446443199873,
  "w0_linear_hfer0.6_hann": 0.2908003655548256,
  "w0_linear_msr": 0.0007649798725035117,
  "gnorm_w0_linear": 0.438023815075735,
  "w1_conv1_hfer0.5": 0.48544661806479406,
  "w1_conv1_hfer0.6": 0.39113809631772684,
  "w1_conv1_hfer0.7": 0.2938950513689797,
  "w1_conv1_hfer0.6_hann": 0.3968984479307586,
  "w1_conv1_msr": 0.0007698973948455806,
  "gnorm_w1_conv1": 0.15832794103758527,
  "w1_layer2.0.conv1_hfer0.5": 0.4928530202881167,
  "w1_layer2.0.conv1_hfer0.6": 0.3937826087906095,
  "w1_layer2.0.conv1_hfer0.7": 0.2952311298748928,
  "w1_layer2.0.conv1_hfer0.6_hann": 0.3949317286158659,
  "w1_layer2.0.conv1_msr": 0.0007679163168469641,
  "gnorm_w1_layer2.0.conv1": 0.17018150877522098,
  "w1_layer3.0.conv1_hfer0.5": 0.49468118951806855,
  "w1_layer3.0.conv1_hfer0.6": 0.39533250682855486,
  "w1_layer3.0.conv1_hfer0.7": 0.2969606105837306,
  "w1_layer3.0.conv1_hfer0.6_hann": 0.3960609198702006,
  "w1_layer3.0.conv1_msr": 0.0007672230934262455,
  "gnorm_w1_layer3.0.conv1": 0.3308461407936704,
  "w1_linear_hfer0.5": 0.4493872160492954,
  "w1_linear_hfer0.6": 0.3604157773164659,
  "w1_linear_hfer0.7": 0.2703674560625532,
  "w1_linear_hfer0.6_hann": 0.36736575643232067,
  "w1_linear_msr": 0.0007781243620239533,
  "gnorm_w1_linear": 0.17730523178992783,
  "w2_conv1_hfer0.5": 0.49182064540779974,
  "w2_conv1_hfer0.6": 0.39372485452051903,
  "w2_conv1_hfer0.7": 0.29941546382379153,
  "w2_conv1_hfer0.6_hann": 0.3926357863480748,
  "w2_conv1_msr": 0.0007648740338731621,
  "gnorm_w2_conv1": 0.10117099078349251,
  "w2_layer2.0.conv1_hfer0.5": 0.4982662941123127,
  "w2_layer2.0.conv1_hfer0.6": 0.39848108630004947,
  "w2_layer2.0.conv1_hfer0.7": 0.2993902958165673,
  "w2_layer2.0.conv1_hfer0.6_hann": 0.39847107808858917,
  "w2_layer2.0.conv1_msr": 0.0007662893510915457,
  "gnorm_w2_layer2.0.conv1": 0.11388291621028794,
  "w2_layer3.0.conv1_hfer0.5": 0.49797161408712404,
  "w2_layer3.0.conv1_hfer0.6": 0.3978539353194154,
  "w2_layer3.0.conv1_hfer0.7": 0.29874994906529706,
  "w2_layer3.0.conv1_hfer0.6_hann": 0.397664464057834,
  "w2_layer3.0.conv1_msr": 0.0007667639613783225,
  "gnorm_w2_layer3.0.conv1": 0.22461382013790496,
  "w2_linear_hfer0.5": 0.47138387293225475,
  "w2_linear_hfer0.6": 0.371460133331171,
  "w2_linear_hfer0.7": 0.2785195158252051,
  "w2_linear_hfer0.6_hann": 0.3809798015881141,
  "w2_linear_msr": 0.0007738452883723587,
  "gnorm_w2_linear": 0.10045448664232995,
  "shfer_w0_all": 0.3709342401915263,
  "shfer_w0_stem": 0.35207852220812585,
  "shfer_w0_layer1": 0.3695139207446259,
  "shfer_w0_layer2": 0.3763547257308973,
  "shfer_w0_layer3": 0.38239026352469213,
  "shfer_w0_layer4": 0.3744490587228672,
  "shfer_w0_head": 0.2800601041799505,
  "shfer_w1_all": 0.3928242172493609,
  "shfer_w1_stem": 0.3904669757077789,
  "shfer_w1_layer1": 0.3938707572258814,
  "shfer_w1_layer2": 0.39396632162779044,
  "shfer_w1_layer3": 0.3934257772604788,
  "shfer_w1_layer4": 0.39524268309460175,
  "shfer_w1_head": 0.3604795050990433,
  "shfer_w2_all": 0.39781636096256673,
  "shfer_w2_stem": 0.3945248350738222,
  "shfer_w2_layer1": 0.399135649714253,
  "shfer_w2_layer2": 0.3973437712882371,
  "shfer_w2_layer3": 0.40084808245505044,
  "shfer_w2_layer4": 0.39808356287587404,
  "shfer_w2_head": 0.3710569727688586
}