{
  "diverged": false,
  "n_steps": 10000,
  "spikes": 970,
  "train_loss_tail": 0.00014490659186412814,
  "val_loss": 0.8833120422363281,
  "val_acc": 0.8251,
  "lam_tail": 0.9299903512001038,
  "chi_tail": 0.0004649951756000523,
  "sharpness_threshold": 7959.999999999993,
  "secs": 1292.4,
  "hfer_w1_mid": 0.3965659813153092,
  "raw_paths": "/work/02/gs26/s26001/river-valley-momentum/codebases/results/raw/grid_cifar10_bn_ema_lr0.05_b0.99_s0/w1_layer3.0.conv1_G.npz;/work/02/gs26/s26001/river-valley-momentum/codebases/results/raw/grid_cifar10_bn_ema_lr0.05_b0.99_s0/w1_linear_G.npz",
  "w0_conv1_hfer0.5": 0.42382143269931893,
  "w0_conv1_hfer0.6": 0.335695221629838,
  "w0_conv1_hfer0.7": 0.2549044732967236,
  "w0_conv1_hfer0.6_hann": 0.3474578828767818,
  "w0_conv1_msr": 3.0551600646509404e-05,
  "gnorm_w0_conv1": 0.899940192916344,
  "w0_layer2.0.conv1_hfer0.5": 0.4765416593171082,
  "w0_layer2.0.conv1_hfer0.6": 0.38094751832502,
  "w0_layer2.0.conv1_hfer0.7": 0.28611312443757914,
  "w0_layer2.0.conv1_hfer0.6_hann": 0.38219239574265107,
  "w0_layer2.0.conv1_msr": 3.077028599497658e-05,
  "gnorm_w0_layer2.0.conv1": 0.7681568957519602,
  "w0_layer3.0.conv1_hfer0.5": 0.4843522292864561,
  "w0_layer3.0.conv1_hfer0.6": 0.38718345868277815,
  "w0_layer3.0.conv1_hfer0.7": 0.29088487360940873,
  "w0_layer3.0.conv1_hfer0.6_hann": 0.3877864342961964,
  "w0_layer3.0.conv1_msr": 3.06408932416893e-05,
  "gnorm_w0_layer3.0.conv1": 1.3304203646359452,
  "w0_linear_hfer0.5": 0.37526768525064413,
  "w0_linear_hfer0.6": 0.30099184616392727,
  "w0_linear_hfer0.7": 0.22698354143578228,
  "w0_linear_hfer0.6_hann": 0.31728087555862133,
  "w0_linear_msr": 3.0794327395181044e-05,
  "gnorm_w0_linear": 0.8604594723666636,
  "w1_conv1_hfer0.5": 0.48367274504131547,
  "w1_conv1_hfer0.6": 0.3857423306084241,
  "w1_conv1_hfer0.7": 0.2898155956225084,
  "w1_conv1_hfer0.6_hann": 0.3845887560369985,
  "w1_conv1_msr": 3.146160705753532e-05,
  "gnorm_w1_conv1": 0.3155136591253097,
  "w1_layer2.0.conv1_hfer0.5": 0.49340406232501377,
  "w1_layer2.0.conv1_hfer0.6": 0.39393299884742794,
  "w1_layer2.0.conv1_hfer0.7": 0.29579466264042614,
  "w1_layer2.0.conv1_hfer0.6_hann": 0.3956549398638081,
  "w1_layer2.0.conv1_msr": 3.0957408719936844e-05,
  "gnorm_w1_layer2.0.conv1": 0.32380799979122643,
  "w1_layer3.0.conv1_hfer0.5": 0.496222622740045,
  "w1_layer3.0.conv1_hfer0.6": 0.3965659813153092,
  "w1_layer3.0.conv1_hfer0.7": 0.29769792399296446,
  "w1_layer3.0.conv1_hfer0.6_hann": 0.39757449392754335,
  "w1_layer3.0.conv1_msr": 3.093494199759143e-05,
  "gnorm_w1_layer3.0.conv1": 0.6154736909976887,
  "w1_linear_hfer0.5": 0.46254103298328486,
  "w1_linear_hfer0.6": 0.36930205840282015,
  "w1_linear_hfer0.7": 0.27437404124134923,
  "w1_linear_hfer0.6_hann": 0.37688920078281,
  "w1_linear_msr": 3.08285853960874e-05,
  "gnorm_w1_linear": 0.1986473625471774,
  "w2_conv1_hfer0.5": 0.500550586722012,
  "w2_conv1_hfer0.6": 0.40178235311382837,
  "w2_conv1_hfer0.7": 0.30051040581934924,
  "w2_conv1_hfer0.6_hann": 0.4059572348521635,
  "w2_conv1_msr": 3.9654623308515957e-05,
  "gnorm_w2_conv1": 0.008666491223571143,
  "w2_layer2.0.conv1_hfer0.5": 0.5001901333414556,
  "w2_layer2.0.conv1_hfer0.6": 0.39965442236395377,
  "w2_layer2.0.conv1_hfer0.7": 0.30004272382200237,
  "w2_layer2.0.conv1_hfer0.6_hann": 0.39941411666061993,
  "w2_layer2.0.conv1_msr": 3.475595695477415e-05,
  "gnorm_w2_layer2.0.conv1": 0.009644205028838202,
  "w2_layer3.0.conv1_hfer0.5": 0.5005837350343072,
  "w2_layer3.0.conv1_hfer0.6": 0.3999443360568807,
  "w2_layer3.0.conv1_hfer0.7": 0.30047615797711086,
  "w2_layer3.0.conv1_hfer0.6_hann": 0.4004956247867223,
  "w2_layer3.0.conv1_msr": 3.4656270008972214e-05,
  "gnorm_w2_layer3.0.conv1": 0.01887950679528225,
  "w2_linear_hfer0.5": 0.5017436578931151,
  "w2_linear_hfer0.6": 0.403636698928598,
  "w2_linear_hfer0.7": 0.3042855410053175,
  "w2_linear_hfer0.6_hann": 0.4073051581771156,
  "w2_linear_msr": 3.406073737143193e-05,
  "gnorm_w2_linear": 0.005455788144425943,
  "shfer_w0_all": 0.379800059484929,
  "shfer_w0_stem": 0.3347673704704689,
  "shfer_w0_layer1": 0.36843998697697755,
  "shfer_w0_layer2": 0.3841860093535082,
  "shfer_w0_layer3": 0.38819026537881496,
  "shfer_w0_layer4": 0.3829667928615761,
  "shfer_w0_head": 0.2980398406264454,
  "shfer_w1_all": 0.39413626088177617,
  "shfer_w1_stem": 0.38542077058544005,
  "shfer_w1_layer1": 0.39155053303985093,
  "shfer_w1_layer2": 0.39798868996140513,
  "shfer_w1_layer3": 0.39785367866102844,
  "shfer_w1_layer4": 0.39442800675873024,
  "shfer_w1_head": 0.36889146082124824,
  "shfer_w2_all": 0.40122597454527575,
  "shfer_w2_stem": 0.40262848293229747,
  "shfer_w2_layer1": 0.40082705034190397,
  "shfer_w2_layer2": 0.4025907270444935,
  "shfer_w2_layer3": 0.4018059794426969,
  "shfer_w2_layer4": 0.4002350860159632,
  "shfer_w2_head": 0.4060703756765223
}